22442	PRO-LPT-93385	5CD9367106	70100	Abra
20992	PRO-LPT-82205	5CD9352XC0	70100	Abra
22357	PRO-LPT-82189	5CD93661BT	70100	Abra
22437	PRO-LPT-93402	5CD9366ZZK	70100	Abra
25422	PRO-LPT-126547	JNLQT93	70101	Abra
25421	PRO-LPT-126541	8CKQT93	70101	Abra
25423	PRO-LPT-126546	GLGPT93	70101	Abra
25424	PRO-LPT-126544	J0KQT93	70101	Abra
25425	PRO-LPT-126548	1THPT93	70101	Abra
25429	PRO-LPT-126543	G3MPT93	70101	Abra
25426	PRO-LPT-126539	21QPT93	70101	Abra
25427	PRO-LPT-126545	91MPT93	70101	Abra
25428	PRO-LPT-126542	82MPT93	70101	Abra
25430	PRO-LPT-126540	7PLQT93	70101	Abra
22255	PRO-LPT-81739	5CD9349763	70100	Abra
21001	PRO-LPT-81734	5CD9349776	70100	Abra
22261	PRO-LPT-81742	5CD9349737	70100	Abra
22346	PRO-LPT-81767	5CD9352X2F	70100	Abra
22258	PRO-LPT-81785	5CD9352X7S	70100	Abra
22247	PRO-LPT-81790	5CD9349773	70100	Abra
22358	PRO-LPT-82263	5CD936615P	70100	Abra
20997	PRO-LPT-82238	5CD936617M	70100	Abra
20999	PRO-LPT-82217	5CD9352XH4	70100	Abra
22486	PRO-LPT-92565	5CD9366ZDK	70200	Agusan Del Norte
22715	PRO-LPT-91992	5CD93660YK	70200	Agusan Del Norte
21185	PRO-LPT-92019	5CD93661SS	70200	Agusan Del Norte
21181	PRO-LPT-92057	5CD936711R	70200	Agusan Del Norte
22455	PRO-LPT-92235	5CD9367102	70200	Agusan Del Norte
20449	PRO-LPT-91709	5CD9366ZTC	70200	Agusan Del Norte
21170	PRO-LPT-93825	5CD93660GS	70200	Agusan Del Norte
21173	PRO-LPT-91536	5CD93671BG	70200	Agusan Del Norte
21176	PRO-LPT-92114	5CD936710P	70200	Agusan Del Norte
21192	PRO-LPT-93807	5CD93660Y2	70200	Agusan Del Norte
21183	PRO-LPT-93826	5CD93661NH	70200	Agusan Del Norte
21203	PRO-LPT-92020	5CD9366ZP0	70200	Agusan Del Norte
21211	PRO-LPT-92120	5CD9366ZWK	70200	Agusan Del Norte
20420	PRO-LPT-91783	5CD9366ZG1	70200	Agusan Del Norte
23898	PRO-LPT-91893	5CD93671NZ	70200	Agusan Del Norte
20414	PRO-LPT-92258	5CD93671C6	70200	Agusan Del Norte
24329	PRO-LPT-92094	5CD93671DT	70200	Agusan Del Norte
20457	PRO-LPT-91953	5CD93660QS	70200	Agusan Del Norte
22512	PRO-LPT-91826	5CD93660P4	70200	Agusan Del Norte
22505	PRO-LPT-92093	5CD936700M	70200	Agusan Del Norte
22722	PRO-LPT-91972	5CD936713V	70200	Agusan Del Norte
22500	PRO-LPT-93599	5CD9352WX3	70200	Agusan Del Norte
20646	PRO-LPT-92354	5CD9355532	70200	Agusan Del Norte
20446	PRO-LPT-91795	5CD9366ZH3	70200	Agusan Del Norte
21165	PRO-LPT-92016	5CD9366Z97	70200	Agusan Del Norte
21164	PRO-LPT-92116	5CD9367108	70200	Agusan Del Norte
22504	PRO-LPT-91808	5CD9366ZCC	70200	Agusan Del Norte
20423	PRO-LPT-91958	5CD93660QZ	70200	Agusan Del Norte
22483	PRO-LPT-92221	5CD9366ZN9	70200	Agusan Del Norte
23897	PRO-LPT-92178	5CD9367117	70200	Agusan Del Norte
22514	PRO-LPT-92145	5CD9366ZXN	70200	Agusan Del Norte
22485	PRO-LPT-92357	5CD936701X	70200	Agusan Del Norte
22717	PRO-LPT-93450	5CD93671MY	70200	Agusan Del Norte
22721	PRO-LPT-92563	5CD9352XKD	70200	Agusan Del Norte
22842	PRO-LPT-91962	5CD936611B	70200	Agusan Del Norte
22424	PRO-LPT-92149	5CD93670T3	70200	Agusan Del Norte
24388	PRO-LPT-92268	5CD936711P	70200	Agusan Del Norte
22428	PRO-LPT-93436	5CD9352XG8	70200	Agusan Del Norte
23791	PRO-LPT-93451	5CD9352X17	70200	Agusan Del Norte
24972	PRO-LPT-92729T	5CD9349791	70200	Agusan Del Norte
21194	PRO-LPT-92015	5CD9366ZNL	70200	Agusan Del Norte
22482	PRO-LPT-92289	5CD93671KY	70200	Agusan Del Norte
22449	PRO-LPT-92183	5CD935554G	70200	Agusan Del Norte
21207	PRO-LPT-91534	5CD93670QS	70200	Agusan Del Norte
25463	PRO-LPT-126119	HKKXT93	70200	Agusan Del Norte
25449	PRO-LPT-126122	9JKXT93	70200	Agusan Del Norte
25448	PRO-LPT-126110	57RXT93	70200	Agusan Del Norte
25442	PRO-LPT-126126	29HQT93	70200	Agusan Del Norte
25440	PRO-LPT-126112	CBYWT93	70200	Agusan Del Norte
25461	PRO-LPT-126123	BKKXT93	70200	Agusan Del Norte
25434	PRO-LPT-126138	JVKXT93	70200	Agusan Del Norte
25466	PRO-LPT-126117	7KKXT93	70200	Agusan Del Norte
25446	PRO-LPT-126124	G9HQT93	70200	Agusan Del Norte
25468	PRO-LPT-126118	9HKXT93	70200	Agusan Del Norte
27824	PRO-LPT-127904	7VNPT93	70200	Agusan Del Norte
21198	PRO-LPT-81720	5CD9341N5Y	70200	Agusan Del Norte
21166	PRO-LPT-81744	5CD934970H	70200	Agusan Del Norte
27080	PRO-LPT-126091	F7KPT93	70200	Agusan Del Norte
27081	PRO-LPT-126088	2DLQT93	70200	Agusan Del Norte
27082	PRO-LPT-126089	5JQPT93	70200	Agusan Del Norte
27086	PRO-LPT-126085	GWMPT93	70200	Agusan Del Norte
27083	PRO-LPT-126090	CSNPT93	70200	Agusan Del Norte
27084	PRO-LPT-126087	98MPT93	70200	Agusan Del Norte
27085	PRO-LPT-126086	9RPPT93	70200	Agusan Del Norte
27087	PRO-LPT-126092	CRPPT93	70200	Agusan Del Norte
25990	PRO-LPT-94060	5CD9352X6Z	70200	Agusan Del Norte
21167	PRO-LPT-91544	5CD93671FL	70200	Agusan Del Norte
21208	PRO-LPT-92014	5CD93671JR	70200	Agusan Del Norte
20407	PRO-LPT-91862	5CD9367092	70200	Agusan Del Norte
21169	PRO-LPT-92123	5CD936715S	70200	Agusan Del Norte
21179	PRO-LPT-93831	5CD93670K7	70200	Agusan Del Norte
20973	PRO-LPT-93400	5CD93670SB	70300	Agusan Del Sur
21546	PRO-LPT-93358	5CD93661H4	70300	Agusan Del Sur
20958	PRO-LPT-93443	5CD9366ZY8	70300	Agusan Del Sur
20963	PRO-LPT-93471	5CD936700L	70300	Agusan Del Sur
20975	PRO-LPT-93356	5CD93555C8	70300	Agusan Del Sur
20976	PRO-LPT-93189	5CD9366121	70300	Agusan Del Sur
27851	PRO-LPT-93466	5CD9352XC8	70300	Agusan Del Sur
21063	PRO-LPT-93899	5CD93661HD	70300	Agusan Del Sur
21532	PRO-LPT-82080	5CD9352X6V	70300	Agusan Del Sur
23160	PRO-LPT-81837	5CD9349727	70300	Agusan Del Sur
21542	PRO-LPT-82214	5CD93660QT	70300	Agusan Del Sur
20972	PRO-LPT-82168	5CD93661CL	70300	Agusan Del Sur
20968	PRO-LPT-82232	5CD93661MK	70300	Agusan Del Sur
20961	PRO-LPT-93372	5CD9366ZCR	70300	Agusan Del Sur
23138	PRO-LPT-82295	5CD93660ZN	70300	Agusan Del Sur
23137	PRO-LPT-93447	5CD9366ZDH	70300	Agusan Del Sur
23150	PRO-LPT-93466	5CD9352XC8	70300	Agusan Del Sur
23156	PRO-LPT-82065	5CD9352X3B	70300	Agusan Del Sur
23149	PRO-LPT-82110	5CD9352WYV	70300	Agusan Del Sur
23153	PRO-LPT-93355	5CD9367132	70300	Agusan Del Sur
23147	PRO-LPT-93467	5CD93670BF	70300	Agusan Del Sur
23157	PRO-LPT-93428	5CD934979V	70300	Agusan Del Sur
23176	PRO-LPT-93446	5CD934979L	70300	Agusan Del Sur
23183	PRO-LPT-93363	5CD9366ZTP	70300	Agusan Del Sur
23187	PRO-LPT-93476	5CD93670D4	70300	Agusan Del Sur
23190	PRO-LPT-82237	5CD9366172	70300	Agusan Del Sur
23616	PRO-LPT-91649	5CD9367167	70300	Agusan Del Sur
23638	PRO-LPT-93797	5CD9366ZR3	70300	Agusan Del Sur
23651	PRO-LPT-93030	5CD9355586	70300	Agusan Del Sur
21060	PRO-LPT-92542	5CD93670XR	70300	Agusan Del Sur
20951	PRO-LPT-82247	5CD93661Q2	70300	Agusan Del Sur
20952	PRO-LPT-82156	5CD9352X2L	70300	Agusan Del Sur
23142	PRO-LPT-81724	5CD9341N68	70300	Agusan Del Sur
27068	PRO-LPT-126098	7Y51V93	70300	Agusan Del Sur
27065	PRO-LPT-126099	7LQPT93	70300	Agusan Del Sur
27070	PRO-LPT-126093	2XMPY93	70300	Agusan Del Sur
27066	PRO-LPT-126097	9KQPT93	70300	Agusan Del Sur
27064	PRO-LPT-126100	9Y51V93	70300	Agusan Del Sur
27067	PRO-LPT-126102	CW51V93	70300	Agusan Del Sur
27069	PRO-LPT-126096	8KPPT93	70300	Agusan Del Sur
27071	PRO-LPT-126095	J3YWT93	70300	Agusan Del Sur
27072	PRO-LPT-126101	HCRXT93	70300	Agusan Del Sur
27073	PRO-LPT-126094	DSNPT93	70300	Agusan Del Sur
21537	PRO-LPT-81860	5CD93496ZV	70300	Agusan Del Sur
23192	PRO-LPT-81838	5CD9349728	70300	Agusan Del Sur
20974	PRO-LPT-82115	5CD9352X03	70300	Agusan Del Sur
23141	PRO-LPT-82066	5CD9352X1W	70300	Agusan Del Sur
20959	PRO-LPT-82223	5CD9352WXW	70300	Agusan Del Sur
21533	PRO-LPT-82170	5CD936614Y	70300	Agusan Del Sur
20954	PRO-LPT-93444	5CD934974J	70300	Agusan Del Sur
23143	PRO-LPT-93360	5CD9352XL5	70300	Agusan Del Sur
20967	PRO-LPT-93374	5CD936708W	70300	Agusan Del Sur
20965	PRO-LPT-93430	5CD9349785	70300	Agusan Del Sur
22750	PRO-LPT-93632	5CD93660GM	70400	Aklan
22762	PRO-LPT-93625	5CD93661JR	70400	Aklan
23495	PRO-LPT-91797	5CD9366ZCB	70400	Aklan
23480	PRO-LPT-93653	5CD93660VN	70400	Aklan
21152	PRO-LPT-93725	5CD935558C	70400	Aklan
24489	PRO-LPT-90109	5CD93661QT	70400	Aklan
24163	PRO-LPT-92418	5CD93671J3	70400	Aklan
24716	PRO-LPT-93690	5CD93660KG	70400	Aklan
24712	PRO-LPT-93587	5CD9352X1D	70400	Aklan
24797	PRO-LPT-92733	5CD934977W	70400	Aklan
24708	PRO-LPT-91784	5CD9366ZHR	70400	Aklan
24715	PRO-LPT-93680	5CD9349758	70400	Aklan
20707	PRO-LPT-89212	5CD93661SC	70400	Aklan
24714	PRO-LPT-93541	5CD93660WT	70400	Aklan
23976	PRO-LPT-92473	5CD936708Q	70400	Aklan
23558	PRO-LPT-89034	5CD9352X4M	70400	Aklan
24933	PRO-LPT-89880	5CD936703K	70400	Aklan
24167	PRO-LPT-92398	5CD936712Z	70400	Aklan
24168	PRO-LPT-93737	5CD93670PZ	70400	Aklan
20267	PRO-LPT-92483	5CD9366ZYX	70400	Aklan
20265	PRO-LPT-93560	5CD9352XGT	70400	Aklan
24166	PRO-LPT-92560	5CD936706L	70400	Aklan
23497	PRO-LPT-93656	5CD93661HQ	70400	Aklan
22752	PRO-LPT-93627	5CD9366ZP8	70400	Aklan
22760	PRO-LPT-93608	5CD93661SQ	70400	Aklan
24015	PRO-LPT-92439	5CD936712K	70400	Aklan
23566	PRO-LPT-92386	5CD936712P	70400	Aklan
24014	PRO-LPT-92415	5CD93671F6	70400	Aklan
24743	PRO-LPT-92509	5CD93670W6	70400	Aklan
23556	PRO-LPT-92484	5CD93670RF	70400	Aklan
24013	PRO-LPT-92501	5CD93670DJ	70400	Aklan
23475	PRO-LPT-93556	5CD9352X0L	70400	Aklan
23479	PRO-LPT-93626	5CD93670FQ	70400	Aklan
23487	PRO-LPT-93581	5CD93660NX	70400	Aklan
23482	PRO-LPT-93685	5CD93670HZ	70400	Aklan
23490	PRO-LPT-93667	5CD93660TX	70400	Aklan
23498	PRO-LPT-93576	5CD936703S	70400	Aklan
23506	PRO-LPT-93695	5CD93670BQ	70400	Aklan
23500	PRO-LPT-91989	5CD9366ZKH	70400	Aklan
23505	PRO-LPT-92082	5CD9367110	70400	Aklan
23515	PRO-LPT-93572	5CD936712S	70400	Aklan
23514	PRO-LPT-93697	5CD934976F	70400	Aklan
23516	PRO-LPT-93617	5CD936705P	70400	Aklan
23513	PRO-LPT-93679	5CD93496ZZ	70400	Aklan
23521	PRO-LPT-93681	5CD935554C	70400	Aklan
23559	PRO-LPT-92491	5CD93670HR	70400	Aklan
24742	PRO-LPT-92518	5CD935555H	70400	Aklan
23567	PRO-LPT-92402	5CD93670XP	70400	Aklan
24165	PRO-LPT-81889	5CD9352XD7	70400	Aklan
24294	PRO-LPT-91956	5CD9366ZKS	70400	Aklan
24796	PRO-LPT-02358	5CD936703K	70400	Aklan
21161	PRO-LPT-93631	5CD934978C	70400	Aklan
21140	PRO-LPT-81980	5CD9352XCX	70400	Aklan
21035	PRO-LPT-81979	5CD9352XCM	70400	Aklan
24713	PRO-LPT-82104	5CD9352X1M	70400	Aklan
21138	PRO-LPT-90638	5CD93671KT	70400	Aklan
20264	PRO-LPT-90392	5CD9366ZC4	70400	Aklan
24169	PRO-LPT-92500	5CD936713B	70400	Aklan
20266	PRO-LPT-92383	5CD9366ZVP	70400	Aklan
23519	PRO-LPT-93629	5CD934978L	70400	Aklan
23493	PRO-LPT-93654	5CD9352XFD	70400	Aklan
23483	PRO-LPT-93636	5CD9349754	70400	Aklan
24710	PRO-LPT-93709	5CD93496Z7	70400	Aklan
21156	PRO-LPT-93665	5CD9367099	70400	Aklan
23501	PRO-LPT-93630	5CD9366ZX2	70400	Aklan
23489	PRO-LPT-93693	5CD93660HR	70400	Aklan
20158	PRO-LPT-92227	5CD9366ZJP	10382	Albay
20160	PRO-LPT-92516	5CD9367091	10382	Albay
20157	PRO-LPT-92811	5CD93671KZ	10382	Albay
24244	PRO-LPT-92587	5CD9352X09	10386	Albay
24246	PRO-LPT-92654	5CD93670HK	10407	Albay
24243	PRO-LPT-92768	5CD93670GX	10398	Albay
24247	PRO-LPT-92658	5CD9352X2V	10415	Albay
24245	PRO-LPT-92849	5CD936703N	10403	Albay
24248	PRO-LPT-92580	5CD93670YQ	10390	Albay
20658	PRO-LPT-92803	5CD9352XJQ	10386	Albay
20664	PRO-LPT-92839	5CD93660ZC	10382	Albay
20666	PRO-LPT-92695	5CD936706H	10393	Albay
20919	PRO-LPT-92703	5CD936707B	10394	Albay
27648	PRO-LPT-92721	5CD93555HZ	10382	Albay
21623	PRO-LPT-92611	5CD93670B3	10409	Albay
21621	PRO-LPT-92683	5CD934978D	10410	Albay
21618	PRO-LPT-92850	5CD93660XP	10415	Albay
21620	PRO-LPT-92863	5CD9366ZZ8	10413	Albay
21636	PRO-LPT-92604	5CD9352XM7	10407	Albay
21638	PRO-LPT-92856	5CD93660KW	10390	Albay
21625	PRO-LPT-92594	5CD9355538	10407	Albay
21634	PRO-LPT-92682	5CD934977R	10408	Albay
21640	PRO-LPT-92586	5CD9352XMG	10408	Albay
21646	PRO-LPT-92592	5CD9355543	10407	Albay
21642	PRO-LPT-92640	5CD936707Y	10413	Albay
21643	PRO-LPT-92868	5CD93660QB	10410	Albay
21645	PRO-LPT-92593	5CD935552M	10409	Albay
21647	PRO-LPT-92605	5CD93670J2	10409	Albay
21694	PRO-LPT-92578	5CD9367061	10379	Albay
21693	PRO-LPT-92613	5CD936709C	10404	Albay
21699	PRO-LPT-92608	5CD9366ZV2	10404	Albay
21703	PRO-LPT-92643	5CD935553P	10397	Albay
21710	PRO-LPT-92603	5CD9352WXN	10379	Albay
21708	PRO-LPT-92653	5CD9352XFW	10377	Albay
21702	PRO-LPT-92714	5CD935557Y	10393	Albay
21711	PRO-LPT-92866	5CD936619T	10397	Albay
21737	PRO-LPT-92597	5CD935553L	10403	Albay
21715	PRO-LPT-92691	5CD9366ZZD	10398	Albay
21729	PRO-LPT-92663	5CD93555GV	10406	Albay
21718	PRO-LPT-92609	5CD936705N	10401	Albay
21734	PRO-LPT-92696	5CD93670KN	10388	Albay
21751	PRO-LPT-92612	5CD935553K	10404	Albay
21747	PRO-LPT-92619	5CD936708X	10394	Albay
21720	PRO-LPT-92622	5CD935552X	10406	Albay
24695	PRO-LPT-92657	5CD9355544	10382	Albay
24697	PRO-LPT-92679	5CD934979C	10382	Albay
22471	PRO-LPT-92672	5CD93555HB	10415	Albay
21644	PRO-LPT-92815	5CD93670PC	10390	Albay
21629	PRO-LPT-92848	5CD93660SQ	10390	Albay
20667	PRO-LPT-92689	5CD936706M	70501	Albay
21740	PRO-LPT-92668	5CD934977G	10394	Albay
21707	PRO-LPT-92705	5CD9352XLP	10379	Albay
24696	PRO-LPT-92681	5CD93496ZX	10377	Albay
21706	PRO-LPT-92647	5CD9366199	70501	Albay
20662	PRO-LPT-93048	5CD934978T	10404	Albay
21695	PRO-LPT-92607	5CD93670YG	10406	Albay
20661	PRO-LPT-92719	5CD934978B	10386	Albay
26214	PRO-LPT-125013	1LMXT93	70500	Albay
26221	PRO-LPT-125016	JLLPT93	70500	Albay
26222	PRO-LPT-125002	49RXT93	70500	Albay
26211	PRO-LPT-125011	2X1XT93	70500	Albay
26223	PRO-LPT-125012	2W1XT93	70500	Albay
26206	PRO-LPT-125019	BMLPT93	70500	Albay
26215	PRO-LPT-125005	CW1XT93	70500	Albay
26210	PRO-LPT-125007	H7RXT93	70500	Albay
26212	PRO-LPT-125015	9XQPT93	70500	Albay
26213	PRO-LPT-125018	DLLPT93	70500	Albay
26205	PRO-LPT-125004	HV1XT93	70500	Albay
26209	PRO-LPT-125006	DCRXT93	70500	Albay
26207	PRO-LPT-125001	DBRXT93	70500	Albay
26208	PRO-LPT-125009	94YWT93	70500	Albay
26217	PRO-LPT-125014	GBRXT93	70500	Albay
26220	PRO-LPT-125008	D7RXT93	70500	Albay
26216	PRO-LPT-125010	DX1XT93	70500	Albay
26218	PRO-LPT-125017	1KLPT93	70500	Albay
26219	PRO-LPT-125003	1W1XT93	70500	Albay
20673	PRO-LPT-92588	5CD9352XHT	10404	Albay
21619	PRO-LPT-92579	5CD936714H	10407	Albay
21712	PRO-LPT-92610	5CD9352XJT	10401	Albay
21617	PRO-LPT-92590	5CD935554P	10408	Albay
21736	PRO-LPT-92596	5CD935552J	10404	Albay
21721	PRO-LPT-92620	5CD9367122	10404	Albay
21627	PRO-LPT-92876	5CD93660TZ	10390	Albay
21716	PRO-LPT-92584	5CD9352XKS	10402	Albay
21719	PRO-LPT-92621	5CD936707V	10404	Albay
21735	PRO-LPT-92633	5CD93555BQ	10399	Albay
21746	PRO-LPT-92675	5CD93555HW	10377	Albay
21726	PRO-LPT-92631	5CD93555GG	10399	Albay
20672	PRO-LPT-92686	5CD934979H	10393	Albay
21704	PRO-LPT-92674	5CD934978F	10404	Albay
21705	PRO-LPT-92702	5CD93670K9	10388	Albay
21733	PRO-LPT-92715	5CD93555GR	10393	Albay
21046	PRO-LPT-93759	5CD93660LP	70600	Antique
21045	PRO-LPT-93738	5CD93670C2	70600	Antique
21841	PRO-LPT-93730	5CD93661R6	70600	Antique
21872	PRO-LPT-93515	5CD93670VY	70600	Antique
21885	PRO-LPT-92457	5CD93670KL	70600	Antique
21857	PRO-LPT-93643	5CD93660JX	70600	Antique
21858	PRO-LPT-93720	5CD93660JS	70600	Antique
21867	PRO-LPT-93752	5CD9367100	70600	Antique
21839	PRO-LPT-93639	5CD93660GK	70600	Antique
21866	PRO-LPT-93512	5CD93661L1	70600	Antique
21875	PRO-LPT-93727	5CD93660RW	70600	Antique
24719	PRO-LPT-93618	5CD935557M	70600	Antique
24721	PRO-LPT-92270	5CD9366ZP1	70600	Antique
24720	PRO-LPT-93602	5CD93660HQ	70600	Antique
24718	PRO-LPT-93740	5CD9352WY2	70600	Antique
21846	PRO-LPT-93616	5CD9352XJ0	70600	Antique
20569	PRO-LPT-93579	5CD93661D5	70600	Antique
26050	PRO-LPT-126551	3TKXT93	10494	Antique
26049	PRO-LPT-126550	CDLQT93	10494	Antique
26051	PRO-LPT-126552	F2HQT93	10495	Antique
26048	PRO-LPT-126549	HWXWT93	70600	Antique
21877	PRO-LPT-82284	5CD93660VX	70600	Antique
21859	PRO-LPT-92143	5CD9366ZLK	70600	Antique
24722	PRO-LPT-93700	5CD93660VC	70600	Antique
21862	PRO-LPT-93728	5CD93670HW	70600	Antique
21870	PRO-LPT-93718	5CD9366ZZB	70600	Antique
26962	PRO-LPT-126558	HCKQT93	78100	Apayao
22365	PRO-LPT-89332	5CD935555Z	78100	Apayao
26961	PRO-LPT-126554	71KQT93	78100	Apayao
26959	PRO-LPT-126559	DTHPT93	78100	Apayao
22814	PRO-LPT-89878	5CD93671J8	78100	Apayao
22810	PRO-LPT-89792	5CD9366ZVL	78100	Apayao
22816	PRO-LPT-89420	5CD93660X5	78100	Apayao
26957	PRO-LPT-126555	6RLQT93	78100	Apayao
26958	PRO-LPT-126553	C0KQT93	78100	Apayao
26960	PRO-LPT-126557	90QPT93	78100	Apayao
26963	PRO-LPT-126556	3THPT93	78100	Apayao
20132	PRO-LPT-90537	5CD93671LF	77700	Aurora
20131	PRO-LPT-90492	5CD936700W	77700	Aurora
20133	PRO-LPT-90628	5CD9366ZC1	77700	Aurora
20908	PRO-LPT-90722	5CD0037SZ4	77700	Aurora
20134	PRO-LPT-90483	5CD9367143	77700	Aurora
23196	PRO-LPT-90533	5CD936610S	77700	Aurora
23198	PRO-LPT-90539	5CD93671J0	77700	Aurora
23199	PRO-LPT-90250	5CD93661F5	77700	Aurora
20099	PRO-LPT-90614	5CD936715M	77700	Aurora
24208	PRO-LPT-90146	5CD93660GV	77700	Aurora
20095	PRO-LPT-90691	5CD93671FF	77700	Aurora
20084	PRO-LPT-90831	5CD935557B	77700	Aurora
20085	PRO-LPT-90252	5CD93661KJ	77700	Aurora
20374	PRO-LPT-90162	5CD93661G6	77700	Aurora
24897	PRO-LPT-82002	5CD9352XFV	70700	Basilan
20060	PRO-LPT-92230	5CD93670Z3	70700	Basilan
20183	PRO-LPT-92359	5CD93670GH	70700	Basilan
22732	PRO-LPT-92261	5CD935557D	70700	Basilan
20378	PRO-LPT-93767	5CD935555F	70700	Basilan
20393	PRO-LPT-93734	5CD93670F6	70700	Basilan
20428	PRO-LPT-92167	5CD9366ZL7	70700	Basilan
22494	PRO-LPT-91939	5CD9366ZM3	70700	Basilan
20438	PRO-LPT-92204	5CD935557G	70700	Basilan
20464	PRO-LPT-92249	5CD936710K	70700	Basilan
22498	PRO-LPT-92202	5CD935555V	70700	Basilan
23776	PRO-LPT-92276	5CD93670Z2	70700	Basilan
22782	PRO-LPT-92344	5CD93670JD	70700	Basilan
23702	PRO-LPT-92363	5CD936711G	70700	Basilan
21050	PRO-LPT-93698	5CD934976P	70700	Basilan
21054	PRO-LPT-93739	5CD93555DH	70700	Basilan
20175	PRO-LPT-91927	5CD93671P7	70700	Basilan
21039	PRO-LPT-93453	5CD9352XGD	70700	Basilan
22401	PRO-LPT-81813	5CD9352X4S	70700	Basilan
25001	PRO-LPT-82070	5CD9352X1Y	70700	Basilan
24817	PRO-LPT-93784	5CD936708F	70700	Basilan
22783	PRO-LPT-91879	5CD9366ZD2	70700	Basilan
21047	PRO-LPT-93707	5CD934976Q	70700	Basilan
23830	PRO-LPT-92287	5CD9366ZXV	70700	Basilan
23895	PRO-LPT-91841	5CD9366ZNP	70700	Basilan
22427	PRO-LPT-91977	5CD936713G	70700	Basilan
25431	PRO-LPT-126113	FJKXT93	70700	Basilan
25432	PRO-LPT-126120	4JKXT93	70700	Basilan
25433	PRO-LPT-126106	BLMXT93	70700	Basilan
25435	PRO-LPT-126137	2LKXT93	70700	Basilan
25436	PRO-LPT-126108	78MPT93	70700	Basilan
25437	PRO-LPT-126109	BV1XT93	70700	Basilan
25438	PRO-LPT-126134	GKKXT93	70700	Basilan
25439	PRO-LPT-126103	9QJPT93	70700	Basilan
25441	PRO-LPT-126115	BJKXT93	70700	Basilan
25443	PRO-LPT-126127	CHKXT93	70700	Basilan
25458	PRO-LPT-126105	8LLPT93	70700	Basilan
25467	PRO-LPT-126111	98YWT93	70700	Basilan
25444	PRO-LPT-126131	5KKXT93	70700	Basilan
25445	PRO-LPT-126121	9B1XT93	70700	Basilan
25447	PRO-LPT-126129	D1HPT93	70700	Basilan
25451	PRO-LPT-126132	8KLPT93	70700	Basilan
25454	PRO-LPT-126133	JHKXT93	70700	Basilan
25465	PRO-LPT-126128	26JPT93	70700	Basilan
25457	PRO-LPT-126114	CKKXT93	70700	Basilan
25455	PRO-LPT-126107	2RPPT93	70700	Basilan
25450	PRO-LPT-126136	7VKXT93	70700	Basilan
25452	PRO-LPT-126140	9WKXT93	70700	Basilan
25456	PRO-LPT-126104	1JKXT93	70700	Basilan
25453	PRO-LPT-126139	GJKXT93	70700	Basilan
25459	PRO-LPT-126135	DVKXT93	70700	Basilan
25460	PRO-LPT-126130	GVKXT93	70700	Basilan
25464	PRO-LPT-126125	6CHQT93	70700	Basilan
25462	PRO-LPT-126116	G91XT93	70700	Basilan
24367	PRO-LPT-81901	5CD934979S	70700	Basilan
24900	PRO-LPT-81913	5CD934978W	70700	Basilan
22517	PRO-LPT-91782	5CD9366ZFX	70700	Basilan
20451	PRO-LPT-93658	5CD93660LF	70700	Basilan
20035	PRO-LPT-90104	5CD93661P0	10316	Bataan
20036	PRO-LPT-90792	5CD93671C1	10316	Bataan
20037	PRO-LPT-90051	5CD93660VZ	10316	Bataan
20038	PRO-LPT-90262	5CD93661PH	10316	Bataan
21356	PRO-LPT-90053	5CD93660QM	10018	Bataan
20083	pro-lpt-90012	5CD9366174	10315	Bataan
20086	pro-lpt-90706	5CD93671DL	10325	Bataan
20090	pro-lpt-90144	5CD936615T	10321	Bataan
20089	pro-lpt-90230	5CD93661BZ	10324	Bataan
20093	pro-lpt-90559	5CD93555H7	10324	Bataan
20097	pro-lpt-90108	5CD9355580	10315	Bataan
20096	pro-lpt-90557	5CD9366ZB1	10323	Bataan
20098	pro-lpt-90769	5CD93670X6	10325	Bataan
24774	pro-lpt-92495	5CD93670B0	10018	Bataan
24816	PRO-LPT-81815	5CD9349713	10018	Bataan
21340	PRO-LPT-90157	5CD936619Z	10318	Bataan
21336	PRO-LPT-90395	5CD93661QZ	10322	Bataan
21339	PRO-LPT-90316	5CD93555GZ	10018	Bataan
21344	PRO-LPT-90017	5CD936616F	10018	Bataan
21345	PRO-LPT-90349	5CD93555GJ	10317	Bataan
21358	PRO-LPT-90223	5CD93661PW	10018	Bataan
21342	PRO-LPT-90173	5CD93661CR	10018	Bataan
21351	PRO-LPT-90235	5CD93660KQ	10319	Bataan
21350	PRO-LPT-90637	5CD9367162	10317	Bataan
21347	PRO-LPT-90231	5CD93660TP	10018	Bataan
21349	PRO-LPT-90188	5CD936617Z	10317	Bataan
21360	PRO-LPT-90040	5CD9367197	10018	Bataan
21364	PRO-LPT-90398	5CD93661R7	10018	Bataan
21362	PRO-LPT-90079	5CD9366148	10018	Bataan
24209	pro-lpt-90048	5CD93661TB	10322	Bataan
25919	PRO-LPT-125020	DCHPT93	70800	Bataan
25920	PRO-LPT-125030	4KJPT93	10318	Bataan
25921	PRO-LPT-125028	3CLQT93	10321	Bataan
25922	PRO-LPT-125026	9PKQT93	10320	Bataan
25923	PRO-LPT-125027	5WJPT93	10320	Bataan
25924	PRO-LPT-125021	J8MPT93	70800	Bataan
25925	PRO-LPT-125024	48MPT93	10316	Bataan
25926	PRO-LPT-125022	47MPT93	70800	Bataan
25927	PRO-LPT-125031	7KJPT93	10318	Bataan
25928	PRO-LPT-125029	DQJPT93	10324	Bataan
25929	PRO-LPT-125025	4WRPT93	10320	Bataan
20082	pro-lpt-90052	5CD93660XT	10314	Bataan
21354	PRO-LPT-90160	5CD93661CG	10318	Bataan
21337	PRO-LPT-90019	5CD936616M	10018	Bataan
20094	pro-lpt-90033	5CD93660VK	10314	Bataan
21359	PRO-LPT-90107	5CD93661NC	10319	Bataan
20091	pro-lpt-90045	5CD93661H3	10315	Bataan
21355	PRO-LPT-90062	5CD93661PB	10320	Bataan
20092	pro-lpt-90159	5CD93661J8	10321	Bataan
21353	PRO-LPT-90197	5CD93660X6	10318	Bataan
21352	PRO-LPT-90171	5CD93661BH	10318	Bataan
21341	PRO-LPT-90184	5CD93660WY	10320	Bataan
21357	PRO-LPT-90194	5CD93660Q4	10320	Bataan
21363	PRO-LPT-90406	5CD93660T5	10322	Bataan
24915	PRO-LPT-89801	5CD93661GZ	70900	Batanes
23762	PRO-LPT-90379	5CD9366Z8W	70900	Batanes
24912	PRO-LPT-92924	5CD9352XHD	71000	Batangas
22527	PRO-LPT-93097	5CD9366ZPP	71000	Batangas
20063	PRO-LPT-93111	5CD9352XKB	10327	Batangas
20065	PRO-LPT-93129	5CD9366ZS4	10346	Batangas
20135	PRO-LPT-93113	5CD93555D2	71000	Batangas
20152	PRO-LPT-92925	5CD9352XH5	71000	Batangas
20149	PRO-LPT-93099	5CD9366ZR8	10330	Batangas
23687	PRO-LPT-90131	5CD9366144	71000	Batangas
20315	PRO-LPT-92406	5CD93670CQ	71000	Batangas
24051	PRO-LPT-91672	5CD93671DX	71000	Batangas
23677	PRO-LPT-89554	5CD93670R9	71000	Batangas
24050	PRO-LPT-89404	5CD9366122	71000	Batangas
23876	PRO-LPT-91638	5CD936719S	71000	Batangas
23678	PRO-LPT-91564	5CD9366ZMC	71000	Batangas
23674	PRO-LPT-90732	5CD93671NX	71000	Batangas
27696	PRO-LPT-126857	FCZWT93	71000	Batangas
21110	PRO-LPT-93020	5CD936616J	71000	Batangas
21108	PRO-LPT-93123	5CD93661JJ	71000	Batangas
21113	PRO-LPT-93128	5CD9366109	71000	Batangas
21103	PRO-LPT-93143	5CD93661K1	71000	Batangas
20143	PRO-LPT-93172	5CD93661KX	71000	Batangas
21121	PRO-LPT-93127	5CD93555K6	71000	Batangas
20150	PRO-LPT-93169	5CD9366Z9C	71000	Batangas
20137	PRO-LPT-93098	5CD93670PJ	71000	Batangas
23882	PRO-LPT-91647	5CD9366ZS6	71000	Batangas
23685	PRO-LPT-89446	5CD93671NF	71000	Batangas
27698	PRO-LPT-126841	D81XT93	71000	Batangas
27701	PRO-LPT-126875	JCZWT93	71000	Batangas
21099	PRO-LPT-93108	5CD9352XJ7	10328	Batangas
21104	PRO-LPT-93051	5CD9349753	71000	Batangas
21100	PRO-LPT-93124	5CD936613N	71000	Batangas
21102	PRO-LPT-93140	5CD9367014	10340	Batangas
21117	PRO-LPT-93011	5CD9349784	10344	Batangas
21118	PRO-LPT-93109	5CD9367OQX	10326	Batangas
21119	PRO-LPT-93139	5CD9366ZQJ	10340	Batangas
21130	PRO-LPT-93095	5CD93670LC	10342	Batangas
21131	PRO-LPT-93012	5CD934972G	10332	Batangas
21128	pro-lpt-93106	5CD9366ZWR	10342	Batangas
21133	PRO-LPT-93162	5CD9352XLK	10341	Batangas
21127	PRO-LPT-93173	5CD9366168	10332	Batangas
21149	PRO-LPT-92466	5CD936704Y	71000	Batangas
22230	PRO-LPT-92536	5CD9352X4X	71000	Batangas
21148	PRO-LPT-92462	5CD93670CD	71000	Batangas
24178	PRO-LPT-92504	5CD93670ZQ	71000	Batangas
21755	PRO-LPT-92431	5CD93670YS	71000	Batangas
24995	PRO-LPT-89089	5CD936612S	71000	Batangas
23563	PRO-LPT-92403	5CD93670QB	71000	Batangas
20942	PRO-LPT-92508	5CD936710S	71000	Batangas
20310	PRO-LPT-89012	5CD93555HJ	71000	Batangas
20237	PRO-LPT-92488	5CD93670W3	71000	Batangas
21115	PRO-LPT-93087	5CD934974W	71000	Batangas
23565	PRO-LPT-92543	5CD93670HP	71000	Batangas
20313	PRO-LPT-92569	5CD936710Q	71000	Batangas
22231	PRO-LPT-89097	5CD936611G	71000	Batangas
20307	PRO-LPT-92471	5CD9367134	71000	Batangas
27649	PRO-LPT-126871	F4JPT93	71000	Batangas
27650	PRO-LPT-126854	5DZWT93	71000	Batangas
21753	PRO-LPT-92570	5CD936707R	71000	Batangas
27651	PRO-LPT-126866	H9ZWT93	71000	Batangas
27706	PRO-LPT-126847	B4YWT93	71000	Batangas
27707	PRO-LPT-126865	D5NPT93	71000	Batangas
27708	PRO-LPT-126849	9N1XT93	71000	Batangas
27710	PRO-LPT-126850	GVLPT93	71000	Batangas
27711	PRO-LPT-126867	4BZWT93	71000	Batangas
21095	PRO-LPT-93133	5CD93670ZW	71000	Batangas
21837	PRO-LPT-93170	5CD936714B	10331	Batangas
27712	PRO-LPT-126837	GJ1XT93	71000	Batangas
27652	PRO-LPT-126862	H4YWT93	71000	Batangas
27656	PRO-LPT-126855	3C1XT93	71000	Batangas
27713	PRO-LPT-126840	J9ZWT93	71000	Batangas
21120	PRO-LPT-93091	5CD9367079	71000	Batangas
27714	PRO-LPT-126842	GDMXT93	71000	Batangas
27654	PRO-LPT-126852	BBMXT93	71000	Batangas
27715	PRO-LPT-126835	FDQPT93	71000	Batangas
27655	PRO-LPT-126858	5C1XT93	71000	Batangas
27716	PRO-LPT-126882	8SLQT93	71000	Batangas
27719	PRO-LPT-126879	40QPT93	71000	Batangas
27657	PRO-LPT-126860	G9LQT93	71000	Batangas
27661	PRO-LPT-126870	4DMXT93	71000	Batangas
27658	PRO-LPT-126864	35YWT93	71000	Batangas
27659	PRO-LPT-126869	68RXT93	71000	Batangas
27660	PRO-LPT-126848	3BMXT93	71000	Batangas
27663	PRO-LPT-126834	2WLQT93	71000	Batangas
27721	PRO-LPT-126878	4VHPT93	71000	Batangas
20234	PRO-LPT-90459	5CD93670YD	71000	Batangas
21123	PRO-LPT-93086	5CD9366ZXK	71000	Batangas
27664	PRO-LPT-126872	2BMXT93	71000	Batangas
27722	PRO-LPT-126861	5CMXT93	71000	Batangas
22529	PRO-LPT-93137	5CD936715K	10327	Batangas
22528	PRO-LPT-93090	5CD93670QZ	10327	Batangas
22530	PRO-LPT-93146	5CD9367019	10328	Batangas
22526	PRO-LPT-93093	5CD9352X2S	10331	Batangas
23458	PRO-LPT-81780	5CD9352X6T	71000	Batangas
23463	PRO-LPT-81844	5CD934972L	71000	Batangas
23564	PRO-LPT-92472	5CD9367052	71000	Batangas
23676	PRO-LPT-89419	5CD93671P6	71000	Batangas
23686	PRO-LPT-89976	5CD9366Z9J	71000	Batangas
23682	PRO-LPT-91618	5CD936702M	71000	Batangas
23890	PRO-LPT-91559	5CD93670S0	71000	Batangas
24053	PRO-LPT-93132	5CD9352XK8	71000	Batangas
27726	PRO-LPT-126853	6X1XT93	71000	Batangas
27727	PRO-LPT-126874	91ZWT93	71000	Batangas
23457	PRO-LPT-80424	5CD9352X87	71000	Batangas
24903	PRO-LPT-81726	5CD934974Q	71000	Batangas
20308	PRO-LPT-81756	5CD9352X60	71000	Batangas
23470	PRO-LPT-81781	5CD9352X8N	71000	Batangas
20311	PRO-LPT-81816	5CD934973L	71000	Batangas
24994	PRO-LPT-81824	5CD934974L	71000	Batangas
24996	PRO-LPT-81879	5CD9349792	71000	Batangas
21109	PRO-LPT-93175	5CD9367116	71000	Batangas
23888	PRO-LPT-81907	5CD934971Q	71000	Batangas
27390	PRO-LPT-126833	5DPPT93	71000	Batangas
27401	PRO-LPT-126868	5BMXT93	71000	Batangas
27392	PRO-LPT-126845	JBYWT93	71000	Batangas
27393	PRO-LPT-126846	69YWT93	71000	Batangas
27399	PRO-LPT-126844	31ZWT93	71000	Batangas
27400	PRO-LPT-126839	5BZWT93	71000	Batangas
27729	PRO-LPT-126876	8H1XT93	71000	Batangas
27734	PRO-LPT-126859	8DZWT93	71000	Batangas
27730	PRO-LPT-126851	730XT93	71000	Batangas
27731	PRO-LPT-126838	40ZWT93	71000	Batangas
27736	PRO-LPT-126836	6SHPT93	71000	Batangas
27740	PRO-LPT-126843	7CZWT93	71000	Batangas
27732	PRO-LPT-126863	1BZWT93	71000	Batangas
27735	PRO-LPT-126873	D9ZWT93	71000	Batangas
27737	PRO-LPT-126856	H1ZWT93	71000	Batangas
27738	PRO-LPT-126881	J2MPT93	71000	Batangas
20142	PRO-LPT-93101	5CD9366ZPF	71000	Batangas
20139	PRO-LPT-93141	5CD9366ZS0	71000	Batangas
27739	PRO-LPT-126880	2RNPT93	71000	Batangas
23877	PRO-LPT-81947	5CD9352X8Q	71000	Batangas
27813	PRO-LPT-126877	DBKQT93	71000	Batangas
24048	PRO-LPT-81995	5CD9352X9R	71000	Batangas
23671	PRO-LPT-82124	5CD9352X2M	71000	Batangas
23469	PRO-LPT-89060	5CD936611X	71000	Batangas
24054	PRO-LPT-90774	5CD9367030	71000	Batangas
23672	PRO-LPT-91532	5CD93555B8	71000	Batangas
24198	PRO-LPT-90764	5CD93671C2	71000	Batangas
24052	PRO-LPT-90849	5CD936706N	71000	Batangas
23880	PRO-LPT-90878	5CD93670S1	71000	Batangas
22238	PRO-LPT-92480	5CD93670VK	71000	Batangas
23548	PRO-LPT-92412	5CD9366ZD7	71000	Batangas
24423	PRO-LPT-92416	5CD93670X9	71000	Batangas
23549	PRO-LPT-92436	5CD936710W	71000	Batangas
21107	PRO-LPT-93142	5CD93670TD	10348	Batangas
20314	PRO-LPT-92534	5CD9352XK3	71000	Batangas
21106	PRO-LPT-93014	5CD9349794	71000	Batangas
20151	PRO-LPT-93131	5CD9352XF6	71000	Batangas
21105	PRO-LPT-93089	5CD9366ZTT	10341	Batangas
21101	PRO-LPT-93114	5CD9366ZWT	10332	Batangas
21126	PRO-LPT-93144	5CD9352XHL	71000	Batangas
21112	PRO-LPT-93088	5CD93671F5	10341	Batangas
21122	PRO-LPT-93104	5CD93670H2	71000	Batangas
21124	PRO-LPT-93126	5CD93661F9	10344	Batangas
21098	PRO-LPT-93094	5CD9352X4D	71000	Batangas
21132	PRO-LPT-93107	5CD9367069	10328	Batangas
21114	PRO-LPT-93145	5CD9352XJR	71000	Batangas
24744	PRO-LPT-94029	5CD93670YD	71000	Batangas
25000	PRO-LPT-94047	5CD93670YD	71000	Batangas
25015	PRO-LPT-94054	5CD93670YD	71000	Batangas
21096	PRO-LPT-92952	5CD9352XGG	10861	Batangas
21129	PRO-LPT-92951	5CD9366OHY	10861	Batangas
25074	PRO-LPT-126907	F0QPT93	71100	Benguet
20282	PRO-LPT-89674	5CD93660YN	71100	Benguet
20288	PRO-LPT-89720	5CD9366ZFF	71100	Benguet
23417	PRO-LPT-90696	5CD9441N9G	71100	Benguet
23399	PRO-LPT-89634	5CD93660MD	71100	Benguet
20847	PRO-LPT-90444	5CD9352XD3	71100	Benguet
21883	PRO-LPT-93646	5CD934975Q	71100	Benguet
25020	PRO-LPT-81831	5CD9349762	71100	Benguet
20303	PRO-LPT-89929	5CD9366ZLC	71100	Benguet
24806	PRO-LPT-94032	5CD9352XJV	71100	Benguet
23034	PRO-LPT-82054	5CD9352X73	71100	Benguet
21332	PRO-LPT-82160	5CD936615C	71100	Benguet
21327	PRO-LPT-81958	5CD9352X40	71100	Benguet
22541	PRO-LPT-82287	5CD93661BC	71100	Benguet
20291	PRO-LPT-89184	5CD93661G5	71100	Benguet
25276	PRO-LPT-126933	4VLQT93	71100	Benguet
24804	PRO-LPT-93327	5CD9366120	71100	Benguet
20296	PRO-LPT-90327	5CD93555HC	71100	Benguet
20294	PRO-LPT-93567	5CD936706G	71100	Benguet
25064	PRO-LPT-126911	8LGPT93	71100	Benguet
25087	PRO-LPT-126912	C1KQT93	71100	Benguet
25068	PRO-LPT-126913	24NPT93	71100	Benguet
25088	PRO-LPT-126914	8PLQT93	71100	Benguet
27849	PRO-LPT-126949	99PPT93	71100	Benguet
25267	PRO-LPT-126941	DRLQT93	71100	Benguet
25269	PRO-LPT-126923	JSLQT93	71100	Benguet
27850	PRO-LPT-126907	F0QPT93	71100	Benguet
25057	PRO-LPT-126915	2PLQT93	71100	Benguet
21322	PRO-LPT-82208	5CD9352X9D	71100	Benguet
25071	PRO-LPT-126916	21KQT93	71100	Benguet
25066	PRO-LPT-126884	GQLQT93	71100	Benguet
25059	PRO-LPT-126883	BTLQT93	71100	Benguet
25076	PRO-LPT-126917	G2KQT93	71100	Benguet
25073	PRO-LPT-126885	JTHPT93	71100	Benguet
25273	PRO-LPT-126919	3DQPT93	71100	Benguet
25277	PRO-LPT-126920	GBPPT93	71100	Benguet
25278	PRO-LPT-126922	2SLQT93	71100	Benguet
25286	PRO-LPT-126924	JVLQT93	71100	Benguet
25281	PRO-LPT-126925	CSHPT93	71100	Benguet
25272	PRO-LPT-126926	6SLQT93	71100	Benguet
23071	PRO-LPT-89477	5CD93671NG	71100	Benguet
25274	PRO-LPT-126927	H1QPT93	71100	Benguet
25090	PRO-LPT-126929	GVLQT93	71100	Benguet
23410	PRO-LPT-90648	5CD93671CG	71100	Benguet
23418	PRO-LPT-90660	5CD93660SD	71100	Benguet
25080	PRO-LPT-126930	7FQPT93	71100	Benguet
25086	PRO-LPT-126931	B0QPT93	71100	Benguet
25265	PRO-LPT-126934	1DQPT93	71100	Benguet
25263	PRO-LPT-126935	81MPT93	71100	Benguet
25264	PRO-LPT-126936	BSHPT93	71100	Benguet
25261	PRO-LPT-126937	72KQT93	71100	Benguet
23738	PRO-LPT-90721	5CD93671L5	71100	Benguet
25271	PRO-LPT-126938	6VLQT93	71100	Benguet
25282	PRO-LPT-126939	42KQT93	71100	Benguet
25262	PRO-LPT-126940	9SHPT93	71100	Benguet
25284	PRO-LPT-126943	GTHPT93	71100	Benguet
25283	PRO-LPT-126944	4TLQT93	71100	Benguet
25280	PRO-LPT-126945	2DPPT93	71100	Benguet
25279	PRO-LPT-126946	BTHPT93	71100	Benguet
25285	PRO-LPT-126948	5FQPT93	71100	Benguet
25287	PRO-LPT-126949	99PPT93	71100	Benguet
25056	PRO-LPT-126904	B2MPT93	71100	Benguet
25069	PRO-LPT-126905	G2NPT93	71100	Benguet
25083	PRO-LPT-126906	C0QPT93	71100	Benguet
25062	PRO-LPT-126908	4PLQT93	71100	Benguet
25058	PRO-LPT-126909	9QLQT93	71100	Benguet
23021	PRO-LPT-93412	5CD935551Z	71100	Benguet
22638	PRO-LPT-93417	5CD9352XLX	71100	Benguet
25054	PRO-LPT-126896	4CPPT93	71100	Benguet
25055	PRO-LPT-126897	2RLQT93	71100	Benguet
25063	PRO-LPT-126900	4YPPT93	71100	Benguet
25065	PRO-LPT-126886	5QLQT93	71100	Benguet
25079	PRO-LPT-126903	6FQPT93	71100	Benguet
25060	PRO-LPT-126888	2GQPT93	71100	Benguet
25061	PRO-LPT-126918	9DQPT93	71100	Benguet
25085	PRO-LPT-126910	C3NPT93	71100	Benguet
25082	PRO-LPT-126889	GSHPT93	71100	Benguet
25067	PRO-LPT-126887	8GQPT93	71100	Benguet
25070	PRO-LPT-126892	BCKQT93	71100	Benguet
25091	PRO-LPT-126899	GYPPT93	71100	Benguet
25072	PRO-LPT-126898	HYPPT93	71100	Benguet
25075	PRO-LPT-126928	6DPPT93	71100	Benguet
25077	PRO-LPT-126901	JYPPT93	71100	Benguet
25078	PRO-LPT-126890	2DKQT93	71100	Benguet
25081	PRO-LPT-126893	JVHPT93	71100	Benguet
25084	PRO-LPT-126891	7VHPT93	71100	Benguet
25092	PRO-LPT-126902	10QPT93	71100	Benguet
25089	PRO-LPT-126894	FRLQT93	71100	Benguet
25093	PRO-LPT-126895	B0KQT93	71100	Benguet
25275	PRO-LPT-126932	JZPPT93	71100	Benguet
25266	PRO-LPT-126921	4THPT93	71100	Benguet
25268	PRO-LPT-126942	1RLQT93	71100	Benguet
25270	PRO-LPT-126947	3FQPT93	71100	Benguet
22561	PRO-LPT-81861	5CD934971L	71100	Benguet
21331	PRO-LPT-81842	5CD934970W	71100	Benguet
24805	PRO-LPT-81823	5CD9352X6S	71100	Benguet
22554	PRO-LPT-81874	5CD934971D	71100	Benguet
21319	PRO-LPT-81851	5CD934970K	71100	Benguet
21321	PRO-LPT-81869	5CD93496ZC	71100	Benguet
22630	PRO-LPT-81890	5CD9352XJP	71100	Benguet
22574	PRO-LPT-81899	5CD93496Z8	71100	Benguet
22564	PRO-LPT-81918	5CD934972X	71100	Benguet
22563	PRO-LPT-81930	5CD9352XD6	71100	Benguet
22571	PRO-LPT-81956	5CD9352X3M	71100	Benguet
22557	PRO-LPT-81953	5CD9352XC5	71100	Benguet
20503	PRO-LPT-82139	5CD9352WX4	71100	Benguet
21329	PRO-LPT-82233	5CD936615X	71100	Benguet
21056	PRO-LPT-90345	5CD9352XCZ	71100	Benguet
20285	PRO-LPT-90608	5CD93671NY	71100	Benguet
21051	PRO-LPT-93749	5CD9366ZMT	71100	Benguet
23032	PRO-LPT-82081	5CD9352X4J	71100	Benguet
22640	PRO-LPT-82138	5CD9352WZ3	71100	Benguet
22551	PRO-LPT-81841	5CD934971R	71100	Benguet
22587	PRO-LPT-81938	5CD9352WX7	71100	Benguet
21311	PRO-LPT-82007	5CD9352XB5	71100	Benguet
20505	PRO-LPT-81999	5CD9352X5N	71100	Benguet
22627	PRO-LPT-82045	5CD93661G7	71100	Benguet
23033	PRO-LPT-82278	5CD93661PT	71100	Benguet
24864	PRO-LPT-90416	5CD93660M3	71100	Benguet
23405	PRO-LPT-90829	5CD93555BZ	71100	Benguet
22589	PRO-LPT-81819	5CD934975H	71100	Benguet
23384	PRO-LPT-89176	5CD93661CQ	71100	Benguet
23382	PRO-LPT-89267	5CD935551P	71100	Benguet
24396	PRO-LPT-89436	5CD9352WYX	71100	Benguet
21040	PRO-LPT-93768	5CD934975P	71100	Benguet
22549	PRO-LPT-82062	5CD9352X4L	71100	Benguet
22795	PRO-LPT-82069	5CD9352X0Q	71100	Benguet
21009	PRO-LPT-82122	5CD9352WYF	71100	Benguet
22562	PRO-LPT-82125	5CD9352WZ8	71100	Benguet
22353	PRO-LPT-82154	5CD9352X9K	71100	Benguet
22581	PRO-LPT-82200	5CD93661BR	71100	Benguet
23024	PRO-LPT-82155	5CD9352X58	71100	Benguet
22580	PRO-LPT-82188	5CD93661JS	71100	Benguet
22560	PRO-LPT-82259	5CD936613S	71100	Benguet
24363	PRO-LPT-82177	5CD9366156	71100	Benguet
22548	PRO-LPT-82235	5CD936615N	71100	Benguet
22542	PRO-LPT-82221	5CD93660NC	71100	Benguet
22556	PRO-LPT-82264	5CD9352WXX	71100	Benguet
22576	PRO-LPT-82266	5CD9366161	71100	Benguet
23393	PRO-LPT-89355	5CD93555D5	71100	Benguet
20297	PRO-LPT-89825	5CD93660RQ	71100	Benguet
23119	PRO-LPT-89910	5CD93670SL	71100	Benguet
20845	PRO-LPT-89869	5CD93660W9	71100	Benguet
20867	PRO-LPT-90622	5CD9367175	71100	Benguet
21052	PRO-LPT-93833	5CD9366ZXM	71100	Benguet
23369	PRO-LPT-82218	5CD9352WZS	77800	Biliran
23633	PRO-LPT-89632	5CD9366ZB6	77800	Biliran
23641	PRO-LPT-82268	5CD93661CY	77800	Biliran
22144	PRO-LPT-90828	5CD936703G	77800	Biliran
23647	PRO-LPT-90004	5CD936707D	77800	Biliran
21239	PRO-LPT-92156	5CD93670VG	77800	Biliran
22137	PRO-LPT-93897	5CD9366ZVT	77800	Biliran
23366	PRO-LPT-82308	5CD93660XM	77800	Biliran
25133	PRO-LPT-125032	9MLPT93	77800	Biliran
24214	PRO-LPT-92741	5CD934976J	77800	Biliran
25135	PRO-LPT-125033	F2YWT93	77800	Biliran
25134	PRO-LPT-125034	HJMXT93	77800	Biliran
24210	PRO-LPT-91800	5CD9366ZHP	77800	Biliran
22151	PRO-LPT-93905	5CD93670JH	77800	Biliran
21919	PRO-LPT-91842	5CD93671FB	71200	Bohol
21983	PRO-LPT-91919	5CD9366ZFC	71200	Bohol
21973	PRO-LPT-91767	5CD936703F	71200	Bohol
21957	PRO-LPT-91929	5CD9366ZFG	71200	Bohol
20324	PRO-LPT-91902	5CD93670MV	10034	Bohol
20214	PRO-LPT-91904	5CD93670NK	71200	Bohol
20103	PRO-LPT-91769	5CD9366ZBD	10034	Bohol
22025	PRO-LPT-91774	5CD93671M5	71200	Bohol
24480	PRO-LPT-91851	5CD93671H1	10596	Bohol
21247	PRO-LPT-91748	5CD93670LD	10555	Bohol
22010	PRO-LPT-91775	5CD9366ZS8	71200	Bohol
26816	PRO-LPT-126952	501XT93	10034	Bohol
26817	PRO-LPT-126951	H9LQT93	10034	Bohol
26818	PRO-LPT-126954	220XT93	71200	Bohol
26819	PRO-LPT-126950	C11XT93	10034	Bohol
26820	PRO-LPT-126953	BZ0XT93	71200	Bohol
21922	PRO-LPT-91884	5CD93670Q8	71200	Bohol
21936	PRO-LPT-91905	5CD9366ZMX	71200	Bohol
21930	PRO-LPT-91915	5CD9366ZPN	10594	Bohol
21944	PRO-LPT-91877	5CD93671C0	71200	Bohol
21951	PRO-LPT-91888	5CD93670CL	10036	Bohol
21961	PRO-LPT-91776	5CD9366ZDB	71200	Bohol
21971	PRO-LPT-91870	5CD9366ZY6	71200	Bohol
21980	PRO-LPT-91938	5CD9366ZP2	71200	Bohol
22006	PRO-LPT-91899	5CD936700K	10594	Bohol
21997	PRO-LPT-91880	5CD93670FJ	71200	Bohol
22007	PRO-LPT-91866	5CD93671H5	10587	Bohol
22016	PRO-LPT-91751	5CD9366ZBV	10575	Bohol
22017	PRO-LPT-93721	5CD93660N7	10597	Bohol
22020	PRO-LPT-91839	5CD9366ZML	10036	Bohol
21243	PRO-LPT-91882	5CD9366ZHG	71200	Bohol
24853	PRO-LPT-91689	5CD9366ZV3	71200	Bohol
22015	PRO-LPT-91727	5CD93555B2	10596	Bohol
24818	PRO-LPT-91837	5CD936713S	71200	Bohol
20061	PRO-LPT-91876	5CD936616C	71200	Bohol
21947	PRO-LPT-91932	5CD93670PV	71200	Bohol
21241	PRO-LPT-91749	5CD9366ZM0	71200	Bohol
21952	PRO-LPT-91926	5CD93670P1	71200	Bohol
21994	PRO-LPT-93733	5CD93496YZ	10597	Bohol
21246	PRO-LPT-91686	5CD93671GY	10582	Bohol
20216	PRO-LPT-81801	5CD93496YZ	10570	Bohol
27827	PRO-LPT-94085	5CD9352X3K	71200	Bohol
27830	PRO-LPT-94092	5CD93671BS	71200	Bohol
27829	PRO-LPT-94091	5CD93670N8	71200	Bohol
24479	PRO-LPT-91766	5CD93670QR	71200	Bohol
20318	PRO-LPT-91812	5CD935554R	71200	Bohol
21988	PRO-LPT-91816	5CD93670HS	71200	Bohol
21939	PRO-LPT-92378	5CD93670FK	71200	Bohol
21927	PRO-LPT-91925	5CD9366ZD9	71200	Bohol
21248	PRO-LPT-93822	5CD9349761	71200	Bohol
27226	PRO-LPT-94073	5CD93670N6	71200	Bohol
20102	PRO-LPT-91703	5CD93671CQ	71200	Bohol
22021	PRO-LPT-91717	5CD93670JX	71200	Bohol
21998	PRO-LPT-91758	5CD93671GP	71200	Bohol
21963	PRO-LPT-91875	5CD9366ZQD	71200	Bohol
20230	PRO-LPT-91735	5CD9352X2X	71200	Bohol
21974	PRO-LPT-91757	5CD93671JW	71200	Bohol
22012	PRO-LPT-91770	5CD9366ZHT	71200	Bohol
21956	PRO-LPT-91878	5CD93671QD	71200	Bohol
22009	PRO-LPT-91833	5CD93660VY	71200	Bohol
24135	PRO-LPT-91881	5CD9366ZT5	71200	Bohol
20536	PRO-LPT-91930	5CD9366ZB7	71200	Bohol
22001	PRO-LPT-91813	5CD9366Z7V	71200	Bohol
20232	PRO-LPT-91684	5CD936717Q	10570	Bohol
21918	PRO-LPT-91838	5CD9366Z7Q	71200	Bohol
22008	PRO-LPT-91726	5CD93671CD	10596	Bohol
21966	PRO-LPT-91791	5CD9366Z9D	10577	Bohol
21929	PRO-LPT-91933	5CD93670FX	71200	Bohol
21990	PRO-LPT-91920	5CD9366ZLW	10594	Bohol
20222	PRO-LPT-91934	5CD93670MR	71200	Bohol
22000	PRO-LPT-92140	5CD9367126	10561	Bohol
21790	PRO-LPT-90453	5CD93555BV	71300	Bukidnon
20262	PRO-LPT-92485	5CD93670BH	71300	Bukidnon
20263	PRO-LPT-92522	5CD9367124	71300	Bukidnon
21780	PRO-LPT-92628	5CD936700B	71300	Bukidnon
21763	PRO-LPT-90778	5CD93661J7	71300	Bukidnon
21774	PRO-LPT-90093	5CD93661JT	71300	Bukidnon
22337	PRO-LPT-90897	5CD93661HH	71300	Bukidnon
22322	PRO-LPT-90881	5CD9366ZGR	71319	Bukidnon
20258	PRO-LPT-92567	5CD9352XL2	71300	Bukidnon
20306	PRO-LPT-92374	5CD9367038	71300	Bukidnon
21764	PRO-LPT-90351	5CD9355561	71300	Bukidnon
21772	PRO-LPT-92883	5CD93661SG	71300	Bukidnon
21823	PRO-LPT-92946	5CD9352XHG	71300	Bukidnon
21819	PRO-LPT-92938	5CD93660M6	71300	Bukidnon
21834	PRO-LPT-90686	5CD93670RL	71300	Bukidnon
21826	PRO-LPT-93303	5CD9366ZCQ	71300	Bukidnon
20358	PRO-LPT-92050	5CD93670WQ	71312	Bukidnon
21977	PRO-LPT-91906	5CD93671GK	71300	Bukidnon
21817	PRO-LPT-90240	5CD93496Z1	71300	Bukidnon
21074	PRO-LPT-92062	5CD93670L8	71300	Bukidnon
22333	PRO-LPT-90891	5CD93670KY	71300	Bukidnon
22326	PRO-LPT-90844	5CD936718V	71300	Bukidnon
22331	PRO-LPT-92965	5CD93670KD	71300	Bukidnon
22339	PRO-LPT-90709	5CD9367151	71300	Bukidnon
21778	PRO-LPT-90246	5CD93661RH	71300	Bukidnon
22332	PRO-LPT-90350	5CD93555DB	71300	Bukidnon
21832	PRO-LPT-90286	5CD93661PP	71300	Bukidnon
22024	PRO-LPT-91898	5CD93671MG	71300	Bukidnon
20260	PRO-LPT-93673	5CD93660TV	71321	Bukidnon
23289	PRO-LPT-93795	5CD93660H8	71312	Bukidnon
23269	PRO-LPT-93782	5CD9366ZXD	71300	Bukidnon
21794	PRO-LPT-90377	5CD93670SX	71321	Bukidnon
23279	PRO-LPT-93830	5CD9352X0R	71300	Bukidnon
23706	PRO-LPT-94001	5CD9366ZRX	71300	Bukidnon
24007	PRO-LPT-92397	5CD9366ZYF	71300	Bukidnon
24009	PRO-LPT-92373	5CD9367020	71300	Bukidnon
21831	PRO-LPT-90328	5CD935556X	71300	Bukidnon
22325	PRO-LPT-90759	5CD9366Z7H	71300	Bukidnon
22317	PRO-LPT-90167	5CD93661LS	71300	Bukidnon
22318	PRO-LPT-90812	5CD93661GC	71300	Bukidnon
21810	PRO-LPT-90082	5CD936616W	71300	Bukidnon
21769	PRO-LPT-92976	5CD93660HC	71300	Bukidnon
24008	PRO-LPT-81762	5CD934975W	71300	Bukidnon
24283	PRO-LPT-92825	5CD9367041	71300	Bukidnon
21836	PRO-LPT-90089	5CD93661KR	71300	Bukidnon
22329	PRO-LPT-90674	5CD93671N1	71300	Bukidnon
22209	PRO-LPT-81808	5CD934970M	71300	Bukidnon
26224	PRO-LPT-125042	C4LPT93	71300	Bukidnon
26225	PRO-LPT-125048	2KLPT93	71300	Bukidnon
26226	PRO-LPT-125052	BLJPT93	71300	Bukidnon
26227	PRO-LPT-125050	C6SPT93	71300	Bukidnon
26228	PRO-LPT-125038	B4LPT93	71300	Bukidnon
26229	PRO-LPT-125051	14LPT93	71300	Bukidnon
26230	PRO-LPT-125055	6KLPT93	71300	Bukidnon
26231	PRO-LPT-125041	4LLPT93	71300	Bukidnon
26239	PRO-LPT-125044	D6SPT93	71300	Bukidnon
26232	PRO-LPT-125047	48SPT93	71300	Bukidnon
26233	PRO-LPT-125037	3MGPT93	71300	Bukidnon
26236	PRO-LPT-125056	F5LPT93	71300	Bukidnon
26234	PRO-LPT-125053	5MGPT93	71300	Bukidnon
26235	PRO-LPT-125039	G2LPT93	71300	Bukidnon
26237	PRO-LPT-125049	5MLPT93	71300	Bukidnon
26238	PRO-LPT-125045	H6SPT93	71300	Bukidnon
26240	PRO-LPT-125040	GKLPT93	71300	Bukidnon
26241	PRO-LPT-125043	29SPT93	71300	Bukidnon
26242	PRO-LPT-125035	CLGPT93	71300	Bukidnon
26243	PRO-LPT-125046	HPNPT93	71300	Bukidnon
26244	PRO-LPT-125054	58PPT93	71300	Bukidnon
22324	PRO-LPT-90354	5CD935556P	71317	Bukidnon
21796	PRO-LPT-90436	5CD9352WYG	71317	Bukidnon
22319	PRO-LPT-90885	5CD9366ZKM	71321	Bukidnon
21766	PRO-LPT-90022	5CD936709D	71300	Bukidnon
27590	PRO-LPT-125036	18KQT93	71300	Bukidnon
21792	PRO-LPT-90067	5CD9366164	71300	Bukidnon
21833	PRO-LPT-90026	5CD9352X4G	71300	Bukidnon
21829	PRO-LPT-90029	5CD9366177	71300	Bukidnon
21822	PRO-LPT-90085	5CD93661BV	71300	Bukidnon
21781	PRO-LPT-90127	5CD9352WYQ	71300	Bukidnon
22323	PRO-LPT-90432	5CD935552Z	71300	Bukidnon
20233	PRO-LPT-90574	5CD93671M3	71304	Bukidnon
21807	PRO-LPT-90748	5CD93671D8	71300	Bukidnon
21777	PRO-LPT-90827	5CD9367065	71300	Bukidnon
22334	PRO-LPT-90644	5CD9366ZMZ	71300	Bukidnon
20225	PRO-LPT-91772	5CD93670QT	71300	Bukidnon
24966	PRO-LPT-93468	5CD9367006	71315	Bukidnon
23273	PRO-LPT-93781	5CD93670BM	71312	Bukidnon
24434	PRO-LPT-89925	5CD93670P8	10263	Bulacan
20704	PRO-LPT-89286	5CD93555D6	10258	Bulacan
27695	PRO-LPT-94079	5CD9352XBW	10275	Bulacan
21371	PRO-LPT-89529	5CD93671H4	10264	Bulacan
24354	PRO-LPT-92434	5CD93671G0	10013	Bulacan
21417	PRO-LPT-90610	5CD93671PR	71400	Bulacan
26403	PRO-LPT-125104	4XJPT93	71400	Bulacan
20691	PRO-LPT-89185	5CD93661GX	71400	Bulacan
24358	PRO-LPT-92376	5CD9367136	10013	Bulacan
26400	PRO-LPT-125080	2LGPT93	71400	Bulacan
21335	PRO-LPT-90189	5CD93661DK	71403	Bulacan
21422	PRO-LPT-89143	5CD9366Z7N	71400	Bulacan
20683	PRO-LPT-89228	5CD93661QY	10264	Bulacan
20687	PRO-LPT-90501	5CD93670PB	10269	Bulacan
20699	PRO-LPT-89783	5CD93660RK	10264	Bulacan
20692	PRO-LPT-89957	5CD93670F3	10255	Bulacan
20702	PRO-LPT-89380	5CD9352XKK	10264	Bulacan
20693	PRO-LPT-90341	5CD9355566	10269	Bulacan
20705	PRO-LPT-90607	5CD936717C	10269	Bulacan
27831	PRO-LPT-127911	4XJPT93	10271	Bulacan
20688	PRO-LPT-82241	5CD9366160	71400	Bulacan
21398	PRO-LPT-89548	5CD936715P	71423	Bulacan
20155	PRO-LPT-90237	5CD936615G	71400	Bulacan
21091	PRO-LPT-89571	5CD9367194	10274	Bulacan
21089	PRO-LPT-89673	5CD936719Q	10274	Bulacan
21090	PRO-LPT-89855	5CD9366ZT0	10274	Bulacan
21087	PRO-LPT-89987	5CD9366ZGM	10274	Bulacan
21429	PRO-LPT-90369	5CD9352X6F	71400	Bulacan
24467	PRO-LPT-82195	5CD9366ZSN	10267	Bulacan
24468	PRO-LPT-81865	5CD93555F7	10254	Bulacan
20156	PRO-LPT-89302	5CD9355564	10013	Bulacan
21369	PRO-LPT-89118	5CD93671CB	71406	Bulacan
21376	PRO-LPT-89686	5CD93555FQ	10275	Bulacan
21395	PRO-LPT-89281	5CD93660TS	71400	Bulacan
21394	PRO-LPT-90580	5CD93660S5	10257	Bulacan
21397	PRO-LPT-89572	5CD9366Z7Z	10262	Bulacan
21407	PRO-LPT-89906	5CD9367166	10263	Bulacan
21403	PRO-LPT-89384	5CD9352XDX	10263	Bulacan
21405	PRO-LPT-89478	5CD93670VZ	10263	Bulacan
21409	PRO-LPT-89524	5CD93670Q4	10266	Bulacan
21406	PRO-LPT-89679	5CD936719R	10276	Bulacan
21404	PRO-LPT-90510	5CD93671L1	10263	Bulacan
21416	PRO-LPT-89266	5CD93555FD	10263	Bulacan
21415	PRO-LPT-89379	5CD9352XCG	10266	Bulacan
21413	PRO-LPT-89596	5CD936714P	10263	Bulacan
21419	PRO-LPT-89883	5CD93671LH	10263	Bulacan
21412	PRO-LPT-89960	5CD9366ZX8	10263	Bulacan
21424	PRO-LPT-89469	5CD936716L	10276	Bulacan
21428	PRO-LPT-89589	5CD93671FH	71423	Bulacan
21426	PRO-LPT-89873	5CD93660M4	10263	Bulacan
21425	PRO-LPT-90753	5CD9367186	10263	Bulacan
21421	PRO-LPT-89225	5CD936614S	10276	Bulacan
21430	PRO-LPT-89628	5CD9366ZC0	10266	Bulacan
21420	PRO-LPT-89843	5CD93660Y9	10263	Bulacan
21433	PRO-LPT-89882	5CD93671LS	10266	Bulacan
21432	PRO-LPT-89962	5CD9366Z9B	10257	Bulacan
21431	PRO-LPT-89950	5CD9366ZBY	71426	Bulacan
21436	PRO-LPT-90754	5CD9366Z92	10262	Bulacan
21442	PRO-LPT-89276	5CD936703L	10276	Bulacan
21445	PRO-LPT-89315	5CD93661HN	10266	Bulacan
21437	PRO-LPT-89768	5CD93660QK	10263	Bulacan
21449	PRO-LPT-89872	5CD93660LD	10263	Bulacan
21440	PRO-LPT-89328	5CD9352XD9	10276	Bulacan
21450	PRO-LPT-89507	5CD9367198	10276	Bulacan
21439	PRO-LPT-89565	5CD9366ZYB	10263	Bulacan
21447	PRO-LPT-89704	5CD93660Z5	10263	Bulacan
21443	PRO-LPT-90601	5CD93671B3	10263	Bulacan
24351	PRO-LPT-81736	5CD934973J	71400	Bulacan
21667	PRO-LPT-89914	5CD93670N5	10276	Bulacan
21664	PRO-LPT-89161	5CD93660V0	10260	Bulacan
21668	PRO-LPT-89540	5CD9366ZC6	10271	Bulacan
21399	PRO-LPT-89769	5CD93660SG	71400	Bulacan
21683	PRO-LPT-89582	5CD93661G4	10272	Bulacan
21681	PRO-LPT-89630	5CD936614H	10268	Bulacan
21675	PRO-LPT-89615	5CD93660ZF	10272	Bulacan
21687	PRO-LPT-89396	5CD9352WYP	10271	Bulacan
21684	PRO-LPT-89418	5CD93670R5	10272	Bulacan
21691	PRO-LPT-89780	5CD93660XF	10268	Bulacan
21689	PRO-LPT-89626	5CD9366Z8G	10271	Bulacan
24360	PRO-LPT-89298	5CD9352X45	71400	Bulacan
24362	PRO-LPT-92735	5CD93670GD	10276	Bulacan
20154	PRO-LPT-89370	5CD935553D	71400	Bulacan
20700	PRO-LPT-89081	5CD9366ZKN	71400	Bulacan
21665	PRO-LPT-89875	5CD936611K	71400	Bulacan
21676	PRO-LPT-89899	5CD93670RS	71400	Bulacan
21672	PRO-LPT-90562	5CD9366ZB3	71400	Bulacan
21678	PRO-LPT-89806	5CD93670DC	71400	Bulacan
21679	PRO-LPT-89598	5CD9366ZBG	71400	Bulacan
21686	PRO-LPT-89876	5CD9367192	71400	Bulacan
21423	PRO-LPT-90493	5CD93671B8	71404	Bulacan
21669	PRO-LPT-89159	5CD93660HT	71406	Bulacan
21438	PRO-LPT-89551	5CD93670M7	71423	Bulacan
21685	PRO-LPT-89321	5CD93660PF	71400	Bulacan
20696	PRO-LPT-89292	5CD9366147	71400	Bulacan
21682	PRO-LPT-89680	5CD93555FK	71400	Bulacan
20703	PRO-LPT-89358	5CD936618N	71400	Bulacan
21677	PRO-LPT-89732	5CD93661K6	71400	Bulacan
24352	PRO-LPT-89534	5CD9366ZB8	71400	Bulacan
22786	PRO-LPT-90272	5CD9352XBM	10263	Bulacan
21086	PRO-LPT-89527	5CD9366ZJV	71400	Bulacan
23447	PRO-LPT-89857	5CD93671G4	71400	Bulacan
24361	PRO-LPT-82198	5CD93660K1	71400	Bulacan
23449	PRO-LPT-89920	5CD9355589	71400	Bulacan
23450	PRO-LPT-89979	5CD9366ZQY	10258	Bulacan
23452	PRO-LPT-89168	5CD936618Z	10258	Bulacan
23571	PRO-LPT-93805	5CD9366ZX0	10267	Bulacan
21085	PRO-LPT-89748	5CD93660RH	71400	Bulacan
21408	PRO-LPT-89871	5CD93660XK	10263	Bulacan
21674	PRO-LPT-89193	5CD93661JC	71406	Bulacan
21366	PRO-LPT-89492	5CD93670VN	71400	Bulacan
21093	PRO-LPT-89874	5CD93660WG	71400	Bulacan
21372	PRO-LPT-89545	5CD93670SG	71422	Bulacan
21367	PRO-LPT-89170	5CD93661RK	71403	Bulacan
21373	PRO-LPT-89648	5CD9366ZBF	71422	Bulacan
20690	PRO-LPT-89180	5CD936618G	71410	Bulacan
21444	PRO-LPT-89756	5CD93555CL	71426	Bulacan
21441	PRO-LPT-89786	5CD936719Y	71426	Bulacan
27088	PRO-LPT-94072	5CD936707W	71400	Bulacan
21670	PRO-LPT-81788	5CD934975B	71400	Bulacan
24355	PRO-LPT-81812	5CD934970P	10013	Bulacan
24469	PRO-LPT-81866	5CD9349741	10273	Bulacan
26348	PRO-LPT-125120	2FHPT93	71400	Bulacan
26349	PRO-LPT-125063	8YMPT93	71400	Bulacan
26350	PRO-LPT-125193	2BKPT93	71400	Bulacan
26351	PRO-LPT-125109	G7MPT93	71400	Bulacan
26352	PRO-LPT-125155	9BKQT93	71400	Bulacan
26360	PRO-LPT-125091	C4NPT93	71400	Bulacan
26364	PRO-LPT-125134	CCQPT93	71400	Bulacan
26367	PRO-LPT-125170	86PPT93	71400	Bulacan
26353	PRO-LPT-125129	DTJPT93	71400	Bulacan
26354	PRO-LPT-125133	J2LPT93	71400	Bulacan
26355	PRO-LPT-125187	7BKQT93	71400	Bulacan
26356	PRO-LPT-125177	HSLQT93	71400	Bulacan
26357	PRO-LPT-125135	69MPT93	71400	Bulacan
26358	PRO-LPT-125163	5PJPT93	71400	Bulacan
26359	PRO-LPT-125083	FFHPT93	71400	Bulacan
26361	PRO-LPT-125182	F1KQT93	71400	Bulacan
26362	PRO-LPT-125058	1LJPT93	71400	Bulacan
26363	PRO-LPT-125162	8TLQT93	71400	Bulacan
26368	PRO-LPT-125136	88PPT93	71400	Bulacan
26379	PRO-LPT-125188	18PPT93	71400	Bulacan
26380	PRO-LPT-125119	HCQPT93	71400	Bulacan
26384	PRO-LPT-125159	FBKQT93	71400	Bulacan
26365	PRO-LPT-125105	H7KPT93	71400	Bulacan
26370	PRO-LPT-125073	3NJPT93	71400	Bulacan
26398	PRO-LPT-125124	67PPT93	71400	Bulacan
26415	PRO-LPT-125179	96PPT93	71400	Bulacan
26421	PRO-LPT-125165	87PPT93	71400	Bulacan
26430	PRO-LPT-125100	6DQPT93	71400	Bulacan
26437	PRO-LPT-125092	DLGPT93	71400	Bulacan
26366	PRO-LPT-125168	37PPT93	71400	Bulacan
26374	PRO-LPT-125160	BRJPT93	71400	Bulacan
26450	PRO-LPT-125088	44NPT93	71400	Bulacan
26488	PRO-LPT-125059	HMJPT93	71400	Bulacan
26369	PRO-LPT-125198	FRJPT93	71400	Bulacan
26371	PRO-LPT-125060	FMJPT93	71400	Bulacan
26375	PRO-LPT-125096	G8PPT93	71400	Bulacan
26378	PRO-LPT-125146	4RJPT93	71400	Bulacan
26381	PRO-LPT-125144	1QJPT93	71400	Bulacan
26389	PRO-LPT-125084	5CHPT93	71400	Bulacan
26392	PRO-LPT-125121	29MPT93	71400	Bulacan
26372	PRO-LPT-125131	27PPT93	71400	Bulacan
26373	PRO-LPT-125141	BFQPT93	71400	Bulacan
26377	PRO-LPT-125180	1BMPT93	71400	Bulacan
26391	PRO-LPT-125191	2MJPT93	71400	Bulacan
26406	PRO-LPT-125158	HNJPT93	71400	Bulacan
26420	PRO-LPT-125078	3FHPT93	71400	Bulacan
26376	PRO-LPT-125115	H3LPT93	71400	Bulacan
26405	PRO-LPT-125107	68PPT93	71400	Bulacan
26410	PRO-LPT-125110	89KPT93	71400	Bulacan
26424	PRO-LPT-125137	D7PPT93	71400	Bulacan
26432	PRO-LPT-125138	3DLQT93	71400	Bulacan
26468	PRO-LPT-125126	28PPT93	71400	Bulacan
26484	PRO-LPT-125117	B9KPT93	71400	Bulacan
26382	PRO-LPT-125152	4PJPT93	71400	Bulacan
26383	PRO-LPT-125142	5VLQT93	71400	Bulacan
26388	PRO-LPT-125066	47PPT93	71400	Bulacan
26427	PRO-LPT-125094	FMGPT93	71400	Bulacan
26441	PRO-LPT-125090	FCHPT93	71400	Bulacan
26449	PRO-LPT-125116	18MPT93	71400	Bulacan
26465	PRO-LPT-125161	9PJPT93	71400	Bulacan
26385	PRO-LPT-125072	9MJPT93	71400	Bulacan
26396	PRO-LPT-125195	CMJPT93	71400	Bulacan
26404	PRO-LPT-125111	59PPT93	71400	Bulacan
26409	PRO-LPT-125176	4BKQT93	71400	Bulacan
26417	PRO-LPT-125196	4SHPT93	71400	Bulacan
26426	PRO-LPT-125190	3QJPT93	71400	Bulacan
26386	PRO-LPT-125125	17MPT93	71400	Bulacan
26387	PRO-LPT-125151	BQJPT93	71400	Bulacan
26393	PRO-LPT-125057	BMJPT93	71400	Bulacan
26408	PRO-LPT-125153	GBKQT93	71400	Bulacan
26433	PRO-LPT-125199	C6PPT93	71400	Bulacan
26439	PRO-LPT-125095	F2NPT93	71400	Bulacan
26447	PRO-LPT-125069	3MJPT93	71400	Bulacan
26390	PRO-LPT-125068	48PPT93	71400	Bulacan
26394	PRO-LPT-125156	6CKQT93	71400	Bulacan
26399	PRO-LPT-125140	D6PPT93	71400	Bulacan
26402	PRO-LPT-125103	J7PPT93	71400	Bulacan
26413	PRO-LPT-125167	GBLQT93	71400	Bulacan
26428	PRO-LPT-125067	6MJPT93	71400	Bulacan
26429	PRO-LPT-125102	FTRPT93	71400	Bulacan
26395	PRO-LPT-125122	DWJPT93	71400	Bulacan
26411	PRO-LPT-125169	8TJPT93	71400	Bulacan
26418	PRO-LPT-125093	65LPT93	71400	Bulacan
26423	PRO-LPT-125149	2QJPT93	71400	Bulacan
26442	PRO-LPT-125074	77PPT93	71400	Bulacan
26443	PRO-LPT-125197	3VLQT93	71400	Bulacan
26462	PRO-LPT-125076	GNJPT93	71400	Bulacan
26397	PRO-LPT-125174	5BKQT93	71400	Bulacan
26401	PRO-LPT-125192	7LJPT93	71400	Bulacan
26407	PRO-LPT-125150	H8PPT93	71400	Bulacan
26412	PRO-LPT-125087	B2NPT93	71400	Bulacan
26414	PRO-LPT-125139	29KPT93	71400	Bulacan
26419	PRO-LPT-125079	7DQPT93	71400	Bulacan
26431	PRO-LPT-125157	6VRPT93	71400	Bulacan
26416	PRO-LPT-125178	2RJPT93	71400	Bulacan
26422	PRO-LPT-125062	76PPT93	71400	Bulacan
26425	PRO-LPT-125085	J3NPT93	71400	Bulacan
26438	PRO-LPT-125145	3RJPT93	71400	Bulacan
26451	PRO-LPT-125194	FLJPT93	71400	Bulacan
26459	PRO-LPT-125185	99KQT93	71400	Bulacan
26463	PRO-LPT-125184	2BKQT93	71400	Bulacan
26434	PRO-LPT-125082	7DHPT93	71400	Bulacan
26440	PRO-LPT-125071	8FQPT93	71400	Bulacan
26453	PRO-LPT-125064	8PJPT93	71400	Bulacan
26458	PRO-LPT-125166	HTJPT93	71400	Bulacan
26466	PRO-LPT-125186	FNJPT93	71400	Bulacan
26473	PRO-LPT-125118	13NPT93	71400	Bulacan
26487	PRO-LPT-125097	CCHPT93	71400	Bulacan
26435	PRO-LPT-125077	8RJPT93	71400	Bulacan
26455	PRO-LPT-125171	9SPPT93	71400	Bulacan
26436	PRO-LPT-125172	5RNPT93	71400	Bulacan
26444	PRO-LPT-125108	9CKQT93	71400	Bulacan
26456	PRO-LPT-125089	64NPT93	71400	Bulacan
26475	PRO-LPT-125099	4SRPT93	71400	Bulacan
26478	PRO-LPT-125173	6SNPT93	71400	Bulacan
26445	PRO-LPT-125132	FCKQT93	71400	Bulacan
26476	PRO-LPT-125101	9TJPT93	71400	Bulacan
26446	PRO-LPT-125175	57PPT93	71400	Bulacan
26452	PRO-LPT-125114	6XJPT93	71400	Bulacan
26464	PRO-LPT-125130	3XJPT93	71400	Bulacan
26469	PRO-LPT-125154	2PJPT93	71400	Bulacan
26472	PRO-LPT-125181	5VJPT93	71400	Bulacan
26490	PRO-LPT-125123	G4LPT93	71400	Bulacan
26448	PRO-LPT-125164	DLJPT93	71400	Bulacan
26460	PRO-LPT-125147	GMJPT93	71400	Bulacan
26461	PRO-LPT-125070	BTJPT93	71400	Bulacan
26474	PRO-LPT-125113	5FHPT93	71400	Bulacan
26477	PRO-LPT-125128	73LPT93	71400	Bulacan
26454	PRO-LPT-125112	CFHPT93	71400	Bulacan
26467	PRO-LPT-125081	56JPT93	71400	Bulacan
26471	PRO-LPT-125189	J9KQT93	71400	Bulacan
26486	PRO-LPT-125061	JLJPT93	71400	Bulacan
26457	PRO-LPT-125086	6TRPT93	71400	Bulacan
26482	PRO-LPT-125106	HFQPT93	71400	Bulacan
26470	PRO-LPT-125127	4MGPT93	71400	Bulacan
26479	PRO-LPT-125065	BPJPT93	71400	Bulacan
26481	PRO-LPT-125143	66PPT93	71400	Bulacan
26480	PRO-LPT-125148	38PPT93	71400	Bulacan
26485	PRO-LPT-125098	F9MPT93	71400	Bulacan
26489	PRO-LPT-125075	2NJPT93	71400	Bulacan
26483	PRO-LPT-125183	CSLQT93	71400	Bulacan
21368	PRO-LPT-89853	5CD9366Z8M	10256	Bulacan
21673	PRO-LPT-89388	5CD935559D	71400	Bulacan
21375	PRO-LPT-81822	5CD934975M	10256	Bulacan
20682	PRO-LPT-89152	5CD93661GN	71400	Bulacan
20686	PRO-LPT-89200	5CD93661S3	71400	Bulacan
20153	PRO-LPT-89301	5CD935558Z	71400	Bulacan
20689	PRO-LPT-81872	5CD9349795	71400	Bulacan
24353	PRO-LPT-81787	5CD9352XFG	71400	Bulacan
21092	PRO-LPT-90388	5CD936716X	71400	Bulacan
23448	PRO-LPT-89789	5CD93670SP	71400	Bulacan
21396	PRO-LPT-89670	5CD93670FS	71400	Bulacan
21434	PRO-LPT-82082	5CD93661FP	10262	Bulacan
21418	PRO-LPT-89829	5CD9367011	71400	Bulacan
24356	PRO-LPT-82148	5CD9352XF7	71400	Bulacan
21402	PRO-LPT-89196	5CD93661BK	10262	Bulacan
21414	PRO-LPT-89186	5CD93661Q7	10263	Bulacan
21680	PRO-LPT-89149	5CD936611P	10260	Bulacan
20698	PRO-LPT-89138	5CD93660J3	71400	Bulacan
21446	PRO-LPT-89259	5CD9352XDG	10276	Bulacan
21427	PRO-LPT-89164	5CD93661HZ	10266	Bulacan
20701	PRO-LPT-89226	5CD9352X0K	71400	Bulacan
21365	PRO-LPT-89275	5CD93670T0	10273	Bulacan
21688	PRO-LPT-89253	5CD935557P	10259	Bulacan
21692	PRO-LPT-89256	5CD9352X8G	10260	Bulacan
21448	PRO-LPT-89216	5CD936614W	10262	Bulacan
21088	PRO-LPT-89211	5CD93661FQ	10274	Bulacan
21410	PRO-LPT-89254	5CD935555X	10263	Bulacan
23570	PRO-LPT-89605	5CD93555DG	10254	Bulacan
21666	PRO-LPT-89520	5CD93670S4	71400	Bulacan
23451	PRO-LPT-89811	5CD9366Z98	10258	Bulacan
20694	PRO-LPT-89489	5CD93670W1	71400	Bulacan
21690	PRO-LPT-89506	5CD9366ZZ5	10271	Bulacan
21370	PRO-LPT-89700	5CD9366Z8Q	10275	Bulacan
21084	PRO-LPT-89600	5CD9355537	10274	Bulacan
21374	PRO-LPT-89709	5CD93555F0	10256	Bulacan
20695	PRO-LPT-89795	5CD93670H3	10264	Bulacan
21435	PRO-LPT-89696	5CD93660PB	10257	Bulacan
20697	PRO-LPT-89827	5CD9367160	10255	Bulacan
21400	PRO-LPT-89698	5CD93671HC	10262	Bulacan
21401	PRO-LPT-89932	5CD9366ZDZ	10263	Bulacan
21411	PRO-LPT-89909	5CD9367178	10263	Bulacan
20684	PRO-LPT-89963	5CD93670LL	10255	Bulacan
20685	PRO-LPT-89969	5CD9366ZZ2	10255	Bulacan
21671	PRO-LPT-90845	5CD93670N1	71400	Bulacan
23569	PRO-LPT-92493	5CD9367003	10267	Bulacan
24357	PRO-LPT-92417	5CD93670X4	71400	Bulacan
20117	PRO-LPT-89407	5CD93660P0	71500	Cagayan
20126	PRO-LPT-89327	5CD93661B9	71500	Cagayan
20121	PRO-LPT-89751	5CD9366Z8V	71500	Cagayan
20127	PRO-LPT-89597	5CD9352X4P	71500	Cagayan
24690	PRO-LPT-89455	5CD93660VJ	71500	Cagayan
20125	PRO-LPT-89374	5CD93555FY	71500	Cagayan
24801	PRO-LPT-89487	5CD936706D	71500	Cagayan
20899	PRO-LPT-89169	5CD93661GF	71500	Cagayan
24702	PRO-LPT-81798	5CD934975S	71500	Cagayan
24802	PRO-LPT-89347	5CD935555B	71500	Cagayan
22426	PRO-LPT-91975	5CD9367149	71500	Cagayan
24803	PRO-LPT-89678	5CD93660TF	71500	Cagayan
24913	PRO-LPT-89336	5CD93661D4	71500	Cagayan
20122	PRO-LPT-89265	5CD9352X82	71500	Cagayan
20119	PRO-LPT-89905	5CD935551J	71500	Cagayan
20124	PRO-LPT-89955	5CD9366ZND	71500	Cagayan
20129	PRO-LPT-89498	5CD93670VQ	71500	Cagayan
24693	PRO-LPT-89613	5CD93660XW	71500	Cagayan
24699	PRO-LPT-81998	5CD9352X5P	71500	Cagayan
20120	PRO-LPT-89701	5CD93660P6	71500	Cagayan
22308	PRO-LPT-90060	5CD93661T8	71500	Cagayan
24800	PRO-LPT-89313	5CD935556T	71500	Cagayan
22397	PRO-LPT-89692	5CD93660YJ	71500	Cagayan
22809	PRO-LPT-89337	5CD93661FZ	71500	Cagayan
22807	PRO-LPT-89940	5CD9366ZGK	71500	Cagayan
20198	PRO-LPT-89895	5CD9367152	71500	Cagayan
22378	PRO-LPT-89195	5CD93555B3	71500	Cagayan
23917	PRO-LPT-90738	5CD93660ZH	71500	Cagayan
20419	PRO-LPT-92133	5CD93670ZD	71500	Cagayan
22472	PRO-LPT-89861	5CD936714V	71530	Cagayan
24916	PRO-LPT-89943	5CD9366ZWX	71500	Cagayan
20475	PRO-LPT-92326	5CD9367045	71500	Cagayan
24701	PRO-LPT-90000	5CD9366ZRL	71500	Cagayan
24691	PRO-LPT-81743	5CD9352X28	71500	Cagayan
24698	PRO-LPT-81738	5CD934975F	71500	Cagayan
23747	PRO-LPT-89990	5CD93670GQ	71500	Cagayan
21521	PRO-LPT-90293	5CD93661HC	71500	Cagayan
23779	PRO-LPT-91863	5CD9366ZPQ	71500	Cagayan
23782	PRO-LPT-92217	5CD935557V	71500	Cagayan
22287	PRO-LPT-90734	5CD93671DD	71500	Cagayan
20441	PRO-LPT-93570	5CD936708L	71500	Cagayan
23829	PRO-LPT-90371	5CD93555JK	71500	Cagayan
20478	PRO-LPT-92298	5CD936700V	71500	Cagayan
23733	PRO-LPT-90030	5CD93661BJ	71500	Cagayan
23916	PRO-LPT-90548	5CD93670DX	71500	Cagayan
23899	PRO-LPT-92098	5CD9366ZN2	71500	Cagayan
23754	PRO-LPT-89303	5CD93660NR	71500	Cagayan
23727	PRO-LPT-90854	5CD9367171	71500	Cagayan
22476	PRO-LPT-92238	5CD93670XB	71500	Cagayan
24694	PRO-LPT-89204	5CD93555BB	71500	Cagayan
22293	PRO-LPT-89157	5CD93661S0	71500	Cagayan
20118	PRO-LPT-89194	5CD936612X	71500	Cagayan
24692	PRO-LPT-89307	5CD9366111	71500	Cagayan
20128	PRO-LPT-89444	5CD93660Q8	71500	Cagayan
24700	PRO-LPT-89421	5CD93671MX	71500	Cagayan
21491	PRO-LPT-89500	5CD93671N6	71500	Cagayan
20123	PRO-LPT-89533	5CD93670S5	71500	Cagayan
24703	PRO-LPT-89958	5CD9366ZQB	71500	Cagayan
24799	PRO-LPT-89904	5CD93671JB	71500	Cagayan
23732	PRO-LPT-90654	5CD93671CZ	71500	Cagayan
24378	PRO-LPT-91979	5CD9366Z8F	71500	Cagayan
22986	PRO-LPT-93970	5CD93660LQ	71600	Camarines Norte
21633	PRO-LPT-92712	5CD93555DM	71600	Camarines Norte
22159	PRO-LPT-94009	5CD93555H5	71600	Camarines Norte
20616	PRO-LPT-93319	5CD936612V	71600	Camarines Norte
22995	PRO-LPT-93264	5CD936610C	71612	Camarines Norte
21573	PRO-LPT-94023	5CD9352X43	71600	Camarines Norte
24978	PRO-LPT-93956	5CD93661FC	71600	Camarines Norte
24346	PRO-LPT-93231	5CD93555J1	71600	Camarines Norte
20174	PRO-LPT-93326	5CD9367115	71600	Camarines Norte
21622	PRO-LPT-92701	5CD9352XL4	71600	Camarines Norte
23003	PRO-LPT-93299	5CD93670XV	71600	Camarines Norte
24976	PRO-LPT-92677	5CD934974H	71600	Camarines Norte
24977	PRO-LPT-93978	5CD93670SZ	71600	Camarines Norte
21632	PRO-LPT-92645	5CD9355555	71600	Camarines Norte
22973	PRO-LPT-93258	5CD93661FG	71605	Camarines Norte
22991	PRO-LPT-93979	5CD93670V6	71600	Camarines Norte
21631	PRO-LPT-92644	5CD936705W	71600	Camarines Norte
21639	PRO-LPT-92606	5CD935554S	71600	Camarines Norte
21630	PRO-LPT-92864	5CD93660VW	71600	Camarines Norte
22163	PRO-LPT-93199	5CD93671Q2	71610	Camarines Norte
24380	PRO-LPT-92716	5CD934978H	71614	Camarines Norte
23018	PRO-LPT-93948	5CD93661R3	71608	Camarines Norte
23008	PRO-LPT-93977	5CD936705B	71606	Camarines Norte
21738	PRO-LPT-92676	5CD93555J3	71613	Camarines Norte
22968	PRO-LPT-93315	5CD93555CQ	71600	Camarines Norte
22964	PRO-LPT-93296	5CD93671ML	71600	Camarines Norte
22997	PRO-LPT-93246	5CD93670K6	71600	Camarines Norte
23005	PRO-LPT-93957	5CD93660L8	71600	Camarines Norte
23015	PRO-LPT-93932	5CD93555D3	71600	Camarines Norte
21626	PRO-LPT-92865	5CD93660NB	71600	Camarines Norte
21616	PRO-LPT-92641	5CD93555J8	71603	Camarines Norte
21624	PRO-LPT-92867	5CD9352XLQ	71607	Camarines Norte
21568	PRO-LPT-94008	5CD9352X1F	71601	Camarines Norte
21724	PRO-LPT-92623	5CD936706F	71606	Camarines Norte
22161	PRO-LPT-94019	5CD9352XFS	71611	Camarines Norte
21637	PRO-LPT-92822	5CD93670GW	71613	Camarines Norte
24069	PRO-LPT-94004	5CD9352WYM	71600	Camarines Norte
21628	PRO-LPT-92577	5CD93670HD	71603	Camarines Norte
21635	PRO-LPT-92616	5CD9352XMJ	71600	Camarines Norte
21641	PRO-LPT-92717	5CD93555HM	71600	Camarines Norte
21599	PRO-LPT-93980	5CD9366ZY1	71600	Camarines Norte
22974	PRO-LPT-94005	5CD9366ZH5	10459	Camarines Sur
20592	PRO-LPT-93207	5CD93671G7	71700	Camarines Sur
20634	PRO-LPT-93233	5CD93555F3	10454	Camarines Sur
20166	PRO-LPT-93320	5CD93670MC	10458	Camarines Sur
20165	PRO-LPT-93930	5CD93670BX	10458	Camarines Sur
22990	PRO-LPT-94000	5CD9366ZXG	10473	Camarines Sur
20627	PRO-LPT-93946	5CD93671H2	10030	Camarines Sur
20582	PRO-LPT-93288	5CD9366ZGS	10460	Camarines Sur
20583	PRO-LPT-93969	5CD93660LK	10477	Camarines Sur
20588	PRO-LPT-93204	5CD93671MB	10464	Camarines Sur
20598	PRO-LPT-93236	5CD93661L8	10457	Camarines Sur
20596	PRO-LPT-93323	5CD9367105	10451	Camarines Sur
20600	PRO-LPT-93950	5CD936701V	10472	Camarines Sur
20617	PRO-LPT-93194	5CD93670K8	10464	Camarines Sur
20615	PRO-LPT-93295	5CD9366178	10457	Camarines Sur
20622	PRO-LPT-93952	5CD9352XK1	10447	Camarines Sur
20613	PRO-LPT-94014	5CD936702C	10481	Camarines Sur
20618	PRO-LPT-93289	5CD93661J6	10481	Camarines Sur
20626	PRO-LPT-93219	5CD93671MW	10464	Camarines Sur
20638	PRO-LPT-93195	5CD936613M	10455	Camarines Sur
20635	PRO-LPT-93972	5CD9352XK9	10457	Camarines Sur
21579	PRO-LPT-93225	5CD93670FF	10452	Camarines Sur
20591	PRO-LPT-93939	5CD93660H7	10454	Camarines Sur
20164	PRO-LPT-93222	5CD9367179	71700	Camarines Sur
20948	PRO-LPT-93216	5CD93660NP	10472	Camarines Sur
23014	PRO-LPT-93322	5CD936711F	71700	Camarines Sur
22998	PRO-LPT-94002	5CD9352X7P	10452	Camarines Sur
21592	PRO-LPT-93943	5CD9366ZV8	10468	Camarines Sur
20619	PRO-LPT-93229	5CD9366ZGT	10455	Camarines Sur
22970	PRO-LPT-93180	5CD93670QN	10466	Camarines Sur
20168	PRO-LPT-93224	5CD9367104	10453	Camarines Sur
25199	PRO-LPT-127776	2WXWT93	71700	Camarines Sur
20171	PRO-LPT-93240	5CD93670V9	10450	Camarines Sur
22162	PRO-LPT-93988	5CD9352X30	10461	Camarines Sur
22164	PRO-LPT-93947	5CD94848XP	10476	Camarines Sur
21602	PRO-LPT-93991	5CD9352X6G	10472	Camarines Sur
22153	PRO-LPT-94010	5CD9366ZWY	10476	Camarines Sur
22155	PRO-LPT-93317	5CD93670Z9	10456	Camarines Sur
22158	PRO-LPT-93210	5CD9366ZBL	10478	Camarines Sur
22154	PRO-LPT-93237	5CD935553G	10451	Camarines Sur
22157	PRO-LPT-94021	5CD9352XBG	10478	Camarines Sur
22160	PRO-LPT-93248	5CD9355559	10456	Camarines Sur
22400	PRO-LPT-93877	5CD936618D	10464	Camarines Sur
21576	PRO-LPT-93293	5CD936710X	10452	Camarines Sur
21587	PRO-LPT-93247	5CD9366ZQK	10452	Camarines Sur
21567	PRO-LPT-93198	5CD9366ZK0	10482	Camarines Sur
21575	PRO-LPT-93245	5CD936611T	10467	Camarines Sur
21572	PRO-LPT-93944	5CD9367097	10462	Camarines Sur
21569	PRO-LPT-94011	5CD9352X6P	10463	Camarines Sur
21578	PRO-LPT-93187	5CD936705V	10482	Camarines Sur
21604	PRO-LPT-93316	5CD9367138	10482	Camarines Sur
21594	PRO-LPT-94015	5CD934972C	10471	Camarines Sur
21580	PRO-LPT-93255	5CD93671GR	10468	Camarines Sur
21593	PRO-LPT-94020	5CD9352X15	10459	Camarines Sur
21598	PRO-LPT-93954	5CD9366ZWH	10481	Camarines Sur
21600	PRO-LPT-93967	5CD93670MH	10463	Camarines Sur
24679	PRO-LPT-90882	5CD93661HS	10454	Camarines Sur
25183	PRO-LPT-126957	D8KQT93	10452	Camarines Sur
22989	PRO-LPT-93973	5CD936610M	10448	Camarines Sur
23000	PRO-LPT-93232	5CD936712F	10474	Camarines Sur
20609	PRO-LPT-93239	5CD936715T	10451	Camarines Sur
25213	PRO-LPT-126955	38KQT93	10467	Camarines Sur
20172	PRO-LPT-93955	5CD9349729	71700	Camarines Sur
22967	PRO-LPT-93179	5CD93670VD	10450	Camarines Sur
22961	PRO-LPT-93949	5CD9366ZYW	10473	Camarines Sur
22972	PRO-LPT-93951	5CD9366ZPX	10473	Camarines Sur
22962	PRO-LPT-93958	5CD9349731	10475	Camarines Sur
22965	PRO-LPT-93181	5CD93671MP	10479	Camarines Sur
22981	PRO-LPT-93937	5CD93660SS	10470	Camarines Sur
22983	PRO-LPT-93965	5CD9366ZYN	10475	Camarines Sur
22984	PRO-LPT-93312	5CD936711C	10469	Camarines Sur
25198	PRO-LPT-126964	CL1XT93	10470	Camarines Sur
22999	PRO-LPT-93243	5CD93671D3	10469	Camarines Sur
22994	PRO-LPT-93927	5CD93496ZJ	10469	Camarines Sur
22993	PRO-LPT-93989	5CD9352XDR	10473	Camarines Sur
22988	PRO-LPT-93188	5CD93670KQ	10465	Camarines Sur
22992	PRO-LPT-93287	5CD93671FJ	10449	Camarines Sur
23016	PRO-LPT-93185	5CD9366ZNS	10453	Camarines Sur
23017	PRO-LPT-93935	5CD93670HV	10470	Camarines Sur
23001	PRO-LPT-93968	5CD93555DJ	10479	Camarines Sur
23007	PRO-LPT-93282	5CD93670HN	10448	Camarines Sur
23010	PRO-LPT-93203	5CD936711B	10029	Camarines Sur
23013	PRO-LPT-93218	5CD9366ZHB	10466	Camarines Sur
25215	PRO-LPT-127794	33HQT93	71700	Camarines Sur
20169	PRO-LPT-94022	5CD9352X2J	71700	Camarines Sur
25188	PRO-LPT-126965	HVXWT93	10468	Camarines Sur
25193	PRO-LPT-126966	9M1XT93	10469	Camarines Sur
25182	PRO-LPT-126969	97KQT93	10462	Camarines Sur
22985	PRO-LPT-94006	5CD93661F8	10479	Camarines Sur
20629	PRO-LPT-93212	5CD9367121	10454	Camarines Sur
21588	PRO-LPT-93184	5CD93660MX	10471	Camarines Sur
22982	PRO-LPT-92279	5CD9366ZPW	71700	Camarines Sur
20610	PRO-LPT-93177	5CD936618X	71700	Camarines Sur
22152	PRO-LPT-93981	5CD93670Y9	10463	Camarines Sur
25208	PRO-LPT-126971	CNHQT93	10454	Camarines Sur
25203	PRO-LPT-127777	57KQT93	10447	Camarines Sur
25210	PRO-LPT-127780	JPHQT93	10447	Camarines Sur
23974	PRO-LPT-94007	5CD9366ZSD	10480	Camarines Sur
25219	PRO-LPT-127781	FCPPT93	10478	Camarines Sur
25187	PRO-LPT-127789	7J4XT93	10475	Camarines Sur
25214	PRO-LPT-127791	HCHQT93	10481	Camarines Sur
25184	PRO-LPT-127793	J2HQT93	10456	Camarines Sur
25211	PRO-LPT-126956	D6KQT93	10030	Camarines Sur
25196	PRO-LPT-126958	DVNPT93	10451	Camarines Sur
25180	PRO-LPT-126959	69KQT93	10473	Camarines Sur
25186	PRO-LPT-126961	HPHQT93	10472	Camarines Sur
25218	PRO-LPT-126963	FM1XT93	10457	Camarines Sur
20167	PRO-LPT-93221	5CD936711L	71700	Camarines Sur
20173	PRO-LPT-93302	5CD93671K4	71700	Camarines Sur
22975	PRO-LPT-93325	5CD93660MR	10477	Camarines Sur
20589	PRO-LPT-93313	5CD93670DL	10468	Camarines Sur
20625	PRO-LPT-90324	5CD93555FM	10451	Camarines Sur
22996	PRO-LPT-93265	5CD93671Q5	10469	Camarines Sur
20621	PRO-LPT-93250	5CD93555D7	10447	Camarines Sur
22963	PRO-LPT-93197	5CD93660XB	10465	Camarines Sur
20585	PRO-LPT-93300	5CD93670XX	10477	Camarines Sur
22969	PRO-LPT-93942	5CD9367071	10479	Camarines Sur
23002	PRO-LPT-93966	5CD9352X1K	10449	Camarines Sur
20604	PRO-LPT-93964	5CD93660WK	10457	Camarines Sur
23006	PRO-LPT-94018	5CD93555CW	10480	Camarines Sur
22447	PRO-LPT-92241	5CD936711H	71800	Camiguin
22484	PRO-LPT-92256	5CD9366ZNR	71800	Camiguin
27299	PRO-LPT-125200	D8SPT93	71801	Camiguin
27298	PRO-LPT-125201	52KQT93	71801	Camiguin
22490	PRO-LPT-92356	5CD936707H	71801	Camiguin
20380	PRO-LPT-91712	5CD93671FV	10502	Capiz
20391	PRO-LPT-91785	5CD936716D	10502	Capiz
20390	PRO-LPT-93593	5CD936706C	10502	Capiz
20539	PRO-LPT-93628	5CD93670HM	10502	Capiz
20541	PRO-LPT-93691	5CD93670KR	10502	Capiz
23504	PRO-LPT-93684	5CD934979Z	10032	Capiz
24305	PRO-LPT-92223	5CD93661L3	10502	Capiz
22761	PRO-LPT-93497	5CD9352XK4	10032	Capiz
20387	PRO-LPT-93563	5CD9352XGZ	10502	Capiz
24296	PRO-LPT-93585	5CD934971B	10502	Capiz
24298	PRO-LPT-93568	5CD93670PR	10502	Capiz
20540	PRO-LPT-93586	5CD93660M0	10502	Capiz
24302	PRO-LPT-93589	5CD948820P	10502	Capiz
24838	PRO-LPT-93598	5CD93670B6	10032	Capiz
24299	PRO-LPT-93606	5CD93670L9	10502	Capiz
24297	PRO-LPT-93633	5CD93670W0	10502	Capiz
24303	PRO-LPT-93634	5CD934975J	10502	Capiz
24709	PRO-LPT-93669	5CD936712L	10032	Capiz
24711	PRO-LPT-93702	5CD9352XJ9	10032	Capiz
20538	PRO-LPT-42080	5CD93555HD	10502	Capiz
27563	PRO-LPT-126978	JJ4XT93	71900	Capiz
27571	PRO-LPT-126988	HL4XT93	71900	Capiz
27572	PRO-LPT-126975	DK4XT93	71900	Capiz
27575	PRO-LPT-126979	3M1XT93	71900	Capiz
24300	PRO-LPT-82106	5CD9352X0F	10502	Capiz
23486	PRO-LPT-93660	5CD93671MF	10032	Capiz
27576	PRO-LPT-126977	8L4XT93	71900	Capiz
27568	PRO-LPT-126984	FJ4XT93	71900	Capiz
27573	PRO-LPT-126981	HK4XT93	71900	Capiz
27567	PRO-LPT-126987	4P1XT93	71900	Capiz
27570	PRO-LPT-126990	H0HQT93	71900	Capiz
27569	PRO-LPT-126976	6K4XT93	71900	Capiz
27561	PRO-LPT-126982	2J1XT93	71900	Capiz
27564	PRO-LPT-126980	BP1XT93	71900	Capiz
27565	PRO-LPT-126983	2XXWT93	71900	Capiz
27566	PRO-LPT-126985	BJ4XT93	71900	Capiz
27574	PRO-LPT-126986	CJ4XT93	71900	Capiz
27562	PRO-LPT-126989	BM1XT93	71900	Capiz
20587	PRO-LPT-93974	5CD93660J5	72000	Catanduanes
22977	PRO-LPT-92049	5CD93670JP	72000	Catanduanes
24689	PRO-LPT-93297	5CD9366ZDG	72000	Catanduanes
20623	PRO-LPT-93223	5CD9366ZGF	72000	Catanduanes
20632	PRO-LPT-93324	5CD9366ZBN	72000	Catanduanes
20620	PRO-LPT-93929	5CD9352X46	72000	Catanduanes
24688	PRO-LPT-91691	5CD93671CR	72000	Catanduanes
20611	PRO-LPT-94024	5CD9352XC7	72000	Catanduanes
20602	PRO-LPT-93266	5CD935553F	72000	Catanduanes
23009	PRO-LPT-93227	5CD936716V	72000	Catanduanes
25024	PRO-LPT-125202	BYPPT93	72000	Catanduanes
25025	PRO-LPT-125203	3LLPT93	72000	Catanduanes
25026	PRO-LPT-125204	B2KQT93	72000	Catanduanes
23545	PRO-LPT-92468	5CD935551F	72100	Cavite
20016	PRO-LPT-93008	5CD934977K	10375	Cavite
20017	PRO-LPT-93005	5CD934972K	10375	Cavite
20032	PRO-LPT-93006	5CD9349720	10371	Cavite
20033	PRO-LPT-93007	5CD934975D	10372	Cavite
20029	PRO-LPT-92872	5CD934975D	10374	Cavite
20034	PRO-LPT-93009	5CD934972F	10372	Cavite
20042	PRO-LPT-93163	5CD93670YP	72100	Cavite
24401	PRO-LPT-81751	5CD9352XL3	72100	Cavite
24311	PRO-LPT-92301	5CD93670Y6	72100	Cavite
23465	PRO-LPT-94012	5CD93670W4	72109	Cavite
23461	PRO-LPT-92392	5CD93670ZZ	72100	Cavite
20499	PRO-LPT-90468	5CD93661CM	72100	Cavite
20145	PRO-LPT-93171	5CD936612C	72100	Cavite
20498	PRO-LPT-90509	5CD9367140	72100	Cavite
20765	PRO-LPT-91530	5CD936718X	10375	Cavite
24276	PRO-LPT-92886	5CD93660RY	10373	Cavite
24370	PRO-LPT-92556	5CD9355550	72100	Cavite
20546	PRO-LPT-92929	5CD9366ZVH	72129	Cavite
20761	PRO-LPT-90172	5CD93661C1	10373	Cavite
23705	PRO-LPT-92387	5CD935553Z	72100	Cavite
20744	PRO-LPT-93862	5CD9366ZQH	72124	Cavite
23561	PRO-LPT-90606	5CD9366104	72127	Cavite
23551	PRO-LPT-92494	5CD936713D	72100	Cavite
23459	PRO-LPT-92575	5CD936706Z	72100	Cavite
20940	PRO-LPT-92425	5CD93670CK	72110	Cavite
20947	PRO-LPT-92464	5CD936711M	72100	Cavite
24319	PRO-LPT-89116	5CD9366ZF9	72100	Cavite
24382	PRO-LPT-92463	5CD93670WF	72100	Cavite
20773	PRO-LPT-91619	5CD93670RN	72100	Cavite
25971	PRO-LPT-94066	5CD9352XCK	72100	Cavite
21079	PRO-LPT-92026	5CD93670H1	72115	Cavite
23529	PRO-LPT-92962	5CD936612M	72103	Cavite
23241	PRO-LPT-93848	5CD93660XX	72100	Cavite
20356	PRO-LPT-91995	5CD9366ZL3	72115	Cavite
20945	PRO-LPT-92388	5CD935555D	72100	Cavite
25009	PRO-LPT-92447	5CD9367068	72100	Cavite
22860	PRO-LPT-89285	5CD93660MP	72100	Cavite
22857	PRO-LPT-91575	5CD93671LV	72100	Cavite
23969	PRO-LPT-92959	5CD936702N	72103	Cavite
22876	PRO-LPT-90151	5CD93661LK	72100	Cavite
21006	PRO-LPT-92933	5CD93661DY	72100	Cavite
24349	PRO-LPT-92885	5CD9366Z81	72106	Cavite
20751	PRO-LPT-81884	5CD9352X9L	72100	Cavite
21020	PRO-LPT-89071	5CD93660T3	72100	Cavite
21034	PRO-LPT-90400	5CD93660K4	72100	Cavite
23243	PRO-LPT-91574	5CD9366ZR2	72100	Cavite
23967	PRO-LPT-92935	5CD93660MN	72117	Cavite
21004	PRO-LPT-92915	5CD93661G2	72106	Cavite
20762	PRO-LPT-91646	5CD9366ZMQ	72100	Cavite
20742	PRO-LPT-92476	5CD93670K5	72100	Cavite
21564	PRO-LPT-90428	5CD93555JG	72120	Cavite
21153	PRO-LPT-93604	5CD93670H9	72100	Cavite
24820	PRO-LPT-92576	5CD936712W	72100	Cavite
20399	PRO-LPT-92921	5CD9352XLC	72120	Cavite
21905	PRO-LPT-92918	5CD93661T7	72100	Cavite
23572	PRO-LPT-92958	5CD93670GV	72100	Cavite
21913	PRO-LPT-92974	5CD9367181	72120	Cavite
21912	PRO-LPT-92968	5CD93660KP	72128	Cavite
21022	PRO-LPT-89069	5CD93660S8	72109	Cavite
20772	PRO-LPT-91633	5CD9366ZVQ	72130	Cavite
20752	PRO-LPT-90788	5CD9366ZYR	10376	Cavite
20766	PRO-LPT-93359	5CD93670DV	72109	Cavite
22848	PRO-LPT-90702	5CD93670JQ	72118	Cavite
22746	PRO-LPT-93694	5CD93660ST	72115	Cavite
21021	PRO-LPT-92481	5CD93670KC	72110	Cavite
20767	PRO-LPT-90041	5CD93660PV	10376	Cavite
20562	PRO-LPT-92000	5CD93670FT	72115	Cavite
20544	PRO-LPT-92926	5CD9352XM4	72115	Cavite
20542	PRO-LPT-92907	5CD93661B6	72117	Cavite
25003	PRO-LPT-94051	5CD936704P	72100	Cavite
21907	PRO-LPT-92887	5CD93661N6	72129	Cavite
21904	PRO-LPT-93026	5CD9366ZZR	72100	Cavite
21915	PRO-LPT-92941	5CD93660H2	72120	Cavite
23248	PRO-LPT-91595	5CD936718L	72100	Cavite
24318	PRO-LPT-92487	5CD93670BV	72100	Cavite
20236	PRO-LPT-92533	5CD9367074	72100	Cavite
22223	PRO-LPT-92401	5CD93670W8	72100	Cavite
23910	PRO-LPT-92424	5CD93671D6	72100	Cavite
24400	PRO-LPT-92441	5CD9367131	72100	Cavite
23550	PRO-LPT-92547	5CD935553X	72100	Cavite
20756	PRO-LPT-89945	5CD9366ZJS	72100	Cavite
27607	PRO-LPT-127589	30ZWT93	10371	Cavite
22849	PRO-LPT-91528	5CD9366ZGL	72100	Cavite
20746	PRO-LPT-91662	5CD9366ZXX	72100	Cavite
22863	PRO-LPT-81986	5CD9352X0Y	72100	Cavite
20764	PRO-LPT-91614	5CD93670Q2	72100	Cavite
20749	PRO-LPT-93760	5CD93671H0	72100	Cavite
22878	PRO-LPT-91612	5CD93670RP	72100	Cavite
20740	PRO-LPT-93793	5CD936614L	72100	Cavite
22864	PRO-LPT-91655	5CD936704D	72100	Cavite
20743	PRO-LPT-91527	5CD936717W	72100	Cavite
22773	PRO-LPT-93713	5CD9352X9T	72130	Cavite
22866	PRO-LPT-90198	5CD93660WN	72124	Cavite
22880	PRO-LPT-90765	5CD93670VB	72118	Cavite
22877	PRO-LPT-93757	5CD93660HK	72100	Cavite
22883	PRO-LPT-92496	5CD9367083	72100	Cavite
22885	PRO-LPT-92564	5CD936701H	72130	Cavite
23523	PRO-LPT-92922	5CD93670DH	72100	Cavite
24203	PRO-LPT-92882	5CD93660N0	72106	Cavite
21914	PRO-LPT-92971	5CD93660LW	10375	Cavite
24262	PRO-LPT-92939	5CD93660YZ	72100	Cavite
23247	PRO-LPT-91538	5CD936719K	10374	Cavite
20401	PRO-LPT-92973	5CD93660NQ	72100	Cavite
21909	PRO-LPT-92969	5CD93660KX	72100	Cavite
20747	PRO-LPT-81945	5CD9352X08	72125	Cavite
23462	PRO-LPT-81921	5CD934976L	72100	Cavite
23460	PRO-LPT-92530	5CD936712D	72100	Cavite
23466	PRO-LPT-92377	5CD9367064	72100	Cavite
23491	PRO-LPT-93687	5CD93555F8	72100	Cavite
23496	PRO-LPT-93666	5CD93661PM	72100	Cavite
23508	PRO-LPT-93670	5CD936705Y	72100	Cavite
23517	PRO-LPT-93706	5CD93661KK	72125	Cavite
23527	PRO-LPT-92881	5CD93670F9	72100	Cavite
23525	PRO-LPT-92932	5CD936702B	72100	Cavite
23540	PRO-LPT-92470	5CD93670RM	72110	Cavite
23546	PRO-LPT-92568	5CD9367010	72127	Cavite
23552	PRO-LPT-93750	5CD93671NP	72100	Cavite
23554	PRO-LPT-93778	5CD9366ZXS	72130	Cavite
23562	PRO-LPT-92561	5CD936707M	72100	Cavite
20543	PRO-LPT-92912	5CD93660N5	72100	Cavite
20755	PRO-LPT-92087	5CD93670Z8	72118	Cavite
21005	PRO-LPT-92944	5CD93660WJ	72100	Cavite
20547	PRO-LPT-92903	5CD93660TC	72100	Cavite
23528	PRO-LPT-92910	5CD9366149	72124	Cavite
21911	PRO-LPT-92945	5CD936612P	72100	Cavite
23704	PRO-LPT-92465	5CD936704W	72100	Cavite
21908	PRO-LPT-92975	5CD93661MP	72100	Cavite
24010	PRO-LPT-92410	5CD9367062	72128	Cavite
24012	PRO-LPT-92552	5CD9355529	72100	Cavite
24011	PRO-LPT-93686	5CD936618F	72109	Cavite
21162	PRO-LPT-92260	5CD9355583	10374	Cavite
22768	PRO-LPT-93692	5CD93670H6	72100	Cavite
23492	PRO-LPT-93705	5CD93555K5	72100	Cavite
23511	PRO-LPT-91745	5CD9366ZXT	72100	Cavite
22772	PRO-LPT-93714	5CD93671K7	72125	Cavite
22764	PRO-LPT-93708	5CD93671J4	10371	Cavite
22759	PRO-LPT-93655	5CD935553R	72100	Cavite
23485	PRO-LPT-93668	5CD9349796	10376	Cavite
22754	PRO-LPT-93689	5CD93661N3	72125	Cavite
21151	PRO-LPT-92135	5CD93670CV	72100	Cavite
24201	PRO-LPT-92879	5CD93660QN	72100	Cavite
24202	PRO-LPT-92920	5CD93660JQ	72100	Cavite
24206	PRO-LPT-92902	5CD93660Q5	72100	Cavite
24207	PRO-LPT-92961	5CD93671F1	72106	Cavite
24259	PRO-LPT-92960	5CD93660RD	72100	Cavite
24270	PRO-LPT-92905	5CD93660MV	72100	Cavite
24269	PRO-LPT-92948	5CD9352XKV	72100	Cavite
23464	PRO-LPT-81727	5CD934973D	72100	Cavite
24474	PRO-LPT-81730	5CD934975R	72100	Cavite
24902	PRO-LPT-81775	5CD9352X6Y	72100	Cavite
24317	PRO-LPT-81871	5CD9352WZ0	72100	Cavite
24404	PRO-LPT-81803	5CD934979R	72100	Cavite
23557	PRO-LPT-81868	5CD9349725	72100	Cavite
22232	PRO-LPT-81833	5CD9349768	72100	Cavite
20941	PRO-LPT-81856	5CD934977F	72100	Cavite
20495	PRO-LPT-81878	5CD934972Z	72100	Cavite
21563	PRO-LPT-81881	5CD934978Y	72100	Cavite
22228	PRO-LPT-81920	5CD9349765	72100	Cavite
24723	PRO-LPT-81922	5CD9352XCK	72100	Cavite
20840	PRO-LPT-81937	5CD9352WX1	72125	Cavite
22861	PRO-LPT-81941	5CD9352X81	72100	Cavite
22886	PRO-LPT-81942	5CD9352X56	72100	Cavite
27591	PRO-LPT-127590	F1ZWT93	72100	Cavite
27592	PRO-LPT-127623	11ZWT93	72100	Cavite
27593	PRO-LPT-127610	3N1XT93	72100	Cavite
27594	PRO-LPT-127598	31QPT93	72100	Cavite
27595	PRO-LPT-127619	GTLPT93	72100	Cavite
27596	PRO-LPT-127602	HJGPT93	72100	Cavite
27597	PRO-LPT-127626	4K1XT93	72100	Cavite
27598	PRO-LPT-127591	G0ZWT93	72100	Cavite
27599	PRO-LPT-127595	DH1XT93	72100	Cavite
27600	PRO-LPT-127613	FH1XT93	72100	Cavite
27601	PRO-LPT-127599	5GQPT93	72100	Cavite
27602	PRO-LPT-127608	60ZWT93	72100	Cavite
27603	PRO-LPT-127614	HKQPT93	72100	Cavite
27604	PRO-LPT-127633	1DRXT93	72100	Cavite
27605	PRO-LPT-127624	4H1XT93	72100	Cavite
27606	PRO-LPT-127627	80ZWT93	72100	Cavite
27608	PRO-LPT-127637	8Z0XT93	72100	Cavite
27620	PRO-LPT-127605	12ZWT93	72100	Cavite
27628	PRO-LPT-127587	CDMXT93	72100	Cavite
27632	PRO-LPT-127617	32ZWT93	72100	Cavite
27609	PRO-LPT-127636	7CLQT93	72100	Cavite
27610	PRO-LPT-127621	10ZWT93	72100	Cavite
27611	PRO-LPT-127629	44YWT93	72100	Cavite
27612	PRO-LPT-127600	1PLQT93	72100	Cavite
27613	PRO-LPT-127601	C2NPT93	72100	Cavite
27614	PRO-LPT-127615	1L1XT93	72100	Cavite
27622	PRO-LPT-127596	C0ZWT93	72100	Cavite
27623	PRO-LPT-127594	G1ZWT93	72100	Cavite
27626	PRO-LPT-127604	FK1XT93	72100	Cavite
27627	PRO-LPT-127616	D0ZWT93	72100	Cavite
27633	PRO-LPT-127609	FZYWT93	72100	Cavite
27615	PRO-LPT-127592	7J1XT93	72100	Cavite
27634	PRO-LPT-127638	920XT93	72100	Cavite
27639	PRO-LPT-127593	DL1XT93	72100	Cavite
27616	PRO-LPT-127588	CJ1XT93	72100	Cavite
27617	PRO-LPT-127634	53LPT93	72100	Cavite
27618	PRO-LPT-127606	CP1XT93	72100	Cavite
27619	PRO-LPT-127618	B0ZWT93	72100	Cavite
27621	PRO-LPT-127622	BZYWT93	72100	Cavite
27624	PRO-LPT-127611	51ZWT93	72100	Cavite
27625	PRO-LPT-127630	2WHPT93	72100	Cavite
27629	PRO-LPT-127628	39YWT93	72100	Cavite
27630	PRO-LPT-127607	20ZWT93	72100	Cavite
27631	PRO-LPT-127631	F3YWT93	72100	Cavite
27635	PRO-LPT-127620	C1ZWT93	72100	Cavite
27638	PRO-LPT-127603	8ZYWT93	72100	Cavite
27640	PRO-LPT-127625	6ZYWT93	72100	Cavite
27636	PRO-LPT-127632	HPLQT93	72100	Cavite
27637	PRO-LPT-127612	44GPT93	72100	Cavite
24381	PRO-LPT-81950	5CD9352XF1	72100	Cavite
20758	PRO-LPT-81951	5CD9352WXQ	72124	Cavite
20946	PRO-LPT-81955	5CD9352X10	10374	Cavite
23245	PRO-LPT-81969	5CD9352X2D	72100	Cavite
20770	PRO-LPT-81965	5CD9352X0C	72100	Cavite
21137	PRO-LPT-81983	5CD934970X	72100	Cavite
22846	PRO-LPT-81997	5CD9352XF4	72100	Cavite
23246	PRO-LPT-82004	5CD9352X8V	72100	Cavite
23683	PRO-LPT-82001	5CD9352X99	72100	Cavite
23886	PRO-LPT-91545	5CD9366ZR6	72100	Cavite
23673	PRO-LPT-82093	5CD9352X3T	72100	Cavite
23675	PRO-LPT-89938	5CD9366ZF2	72100	Cavite
20147	PRO-LPT-93017	5CD93661SL	72100	Cavite
21097	PRO-LPT-93103	5CD9352XD0	72100	Cavite
20141	PRO-LPT-93115	5CD9352XJN	72100	Cavite
23875	PRO-LPT-90158	5CD93661JY	72100	Cavite
21125	PRO-LPT-93085	5CD93670M3	72100	Cavite
20146	PRO-LPT-93117	5CD93661FY	72100	Cavite
20148	PRO-LPT-93121	5CD93661JN	72100	Cavite
21116	PRO-LPT-93174	5CD93670XF	72100	Cavite
23878	PRO-LPT-82053	5CD9352X9F	72100	Cavite
21111	PRO-LPT-93100	5CD93670LX	72100	Cavite
20064	PRO-LPT-93019	5CD93660GZ	72100	Cavite
20144	PRO-LPT-93112	5CD9366ZPK	72100	Cavite
20759	PRO-LPT-82067	5CD9352XHY	72100	Cavite
20760	PRO-LPT-82119	5CD9352WXV	72100	Cavite
20774	PRO-LPT-82028	5CD9352X0D	72100	Cavite
20842	PRO-LPT-82112	5CD93661S8	72100	Cavite
20763	PRO-LPT-82085	5CD9352X2Y	72100	Cavite
20745	PRO-LPT-82144	5CD9352X3G	10373	Cavite
22859	PRO-LPT-82164	5CD93661HG	72118	Cavite
24406	PRO-LPT-89067	5CD935551L	72100	Cavite
21146	PRO-LPT-89115	5CD9366ZLP	10374	Cavite
23887	PRO-LPT-89208	5CD935554F	72100	Cavite
20754	PRO-LPT-89323	5CD93661R2	72100	Cavite
22855	PRO-LPT-89425	5CD93670NC	72100	Cavite
20769	PRO-LPT-89912	5CD93670N7	72100	Cavite
22845	PRO-LPT-89949	5CD93671D2	72100	Cavite
22858	PRO-LPT-89994	5CD936704N	72100	Cavite
23684	PRO-LPT-89953	5CD936703J	72100	Cavite
23873	PRO-LPT-89995	5CD93671LQ	72100	Cavite
20750	PRO-LPT-90247	5CD93661H8	72100	Cavite
22881	PRO-LPT-90169	5CD93660Q6	10374	Cavite
20771	PRO-LPT-90340	5CD93555FT	72100	Cavite
22847	PRO-LPT-91557	5CD936706W	72100	Cavite
22867	PRO-LPT-91607	5CD93670SQ	72100	Cavite
20943	PRO-LPT-92414	5CD93670WJ	72100	Cavite
21157	PRO-LPT-92288	5CD9366ZYJ	72100	Cavite
23555	PRO-LPT-92498	5CD93670BP	72100	Cavite
24164	PRO-LPT-92458	5CD9367123	72100	Cavite
24473	PRO-LPT-92399	5CD9366ZJB	72100	Cavite
20030	PRO-LPT-92873	5CD936610T	10376	Cavite
24265	PRO-LPT-92911	5CD93660M5	72100	Cavite
20031	PRO-LPT-92875	5CD93660J9	10373	Cavite
23971	PRO-LPT-93010	5CD93661RC	72100	Cavite
24266	PRO-LPT-92904	5CD93660YX	72100	Cavite
24204	PRO-LPT-92953	5CD93660JD	72120	Cavite
24267	PRO-LPT-92930	5CD93670L0	72124	Cavite
24268	PRO-LPT-92937	5CD93660S6	72100	Cavite
20138	PRO-LPT-93102	5CD93670M9	72100	Cavite
20136	PRO-LPT-93119	5CD93661K0	72100	Cavite
23737	PRO-LPT-93135	5CD9352XK0	72100	Cavite
20177	PRO-LPT-92302	5CD93670GS	72200	Cebu
24386	PRO-LPT-92185	5CD9366ZX7	72254	Cebu
20107	PRO-LPT-91790	5CD93670L4	10619	Cebu
20106	PRO-LPT-91955	5CD93670KW	10619	Cebu
20184	PRO-LPT-92349	5CD93670X7	72200	Cebu
20176	PRO-LPT-91891	5CD93670KV	10617	Cebu
20180	PRO-LPT-91969	5CD9366ZF0	10617	Cebu
20181	PRO-LPT-91974	5CD9367141	10629	Cebu
20182	PRO-LPT-92017	5CD93661QH	10617	Cebu
20192	PRO-LPT-92197	5CD9355525	10629	Cebu
22313	PRO-LPT-91840	5CD93671N5	72200	Cebu
20445	PRO-LPT-93754	5CD93671FW	72200	Cebu
20479	PRO-LPT-91856	5CD93671GZ	72200	Cebu
22445	PRO-LPT-91973	5CD9366ZBJ	72200	Cebu
20418	PRO-LPT-91986	5CD93660SF	10607	Cebu
20413	PRO-LPT-93758	5CD9367051	10624	Cebu
20421	PRO-LPT-92103	5CD93670L6	10624	Cebu
20417	PRO-LPT-92127	5CD93670HB	72200	Cebu
20427	PRO-LPT-92291	5CD93670Y5	10626	Cebu
20416	PRO-LPT-92325	5CD9367080	10626	Cebu
20430	PRO-LPT-92128	5CD9352XF3	72200	Cebu
20426	PRO-LPT-92243	5CD93670TQ	10624	Cebu
20444	PRO-LPT-92085	5CD93671FP	72200	Cebu
20456	PRO-LPT-92152	5CD93670ZF	10621	Cebu
20452	PRO-LPT-92266	5CD935552V	10610	Cebu
20450	PRO-LPT-91829	5CD9366118	10620	Cebu
20468	PRO-LPT-92144	5CD936701P	10610	Cebu
20460	PRO-LPT-92492	5CD93670NM	10615	Cebu
22269	PRO-LPT-92051	5CD93670ZJ	72200	Cebu
20490	PRO-LPT-91966	5CD9366ZJ8	72200	Cebu
20472	PRO-LPT-92420	5CD936712X	10610	Cebu
20485	PRO-LPT-93571	5CD93670DR	10610	Cebu
20494	PRO-LPT-93675	5CD93661GK	72200	Cebu
20483	PRO-LPT-92142	5CD93670QL	72200	Cebu
20487	PRO-LPT-92091	5CD93671N2	72200	Cebu
20492	PRO-LPT-92153	5CD9366ZQX	10615	Cebu
20489	PRO-LPT-92314	5CD9367054	10616	Cebu
20447	PRO-LPT-92154	5CD936718S	10626	Cebu
20461	PRO-LPT-91952	5CD93660ZY	72200	Cebu
20469	PRO-LPT-92077	5CD93670WG	10617	Cebu
22839	PRO-LPT-92198	5CD93555JR	72200	Cebu
24384	PRO-LPT-92130	5CD935558N	10635	Cebu
24387	PRO-LPT-92293	5CD936702S	10612	Cebu
22709	PRO-LPT-92366	5CD93670D0	72200	Cebu
24324	PRO-LPT-92328	5CD936710C	72200	Cebu
22509	PRO-LPT-91789	5CD93670CC	72200	Cebu
20405	PRO-LPT-91892	5CD93670P3	10620	Cebu
20433	PRO-LPT-92215	5CD9355571	10633	Cebu
22742	PRO-LPT-91793	5CD93670PH	72200	Cebu
24328	PRO-LPT-92317	5CD93670VR	72201	Cebu
20482	PRO-LPT-92184	5CD9366ZP4	72200	Cebu
22780	PRO-LPT-91954	5CD93670ST	72200	Cebu
24226	PRO-LPT-91794	5CD9366ZG0	72200	Cebu
20432	PRO-LPT-92274	5CD936702L	72200	Cebu
22495	PRO-LPT-93534	5CD93555DP	72200	Cebu
22492	PRO-LPT-92137	5CD936712Y	72200	Cebu
22718	PRO-LPT-91713	5CD93671DW	72200	Cebu
22508	PRO-LPT-92246	5CD93670XW	72203	Cebu
20476	PRO-LPT-92088	5CD93670YW	72200	Cebu
22713	PRO-LPT-92164	5CD936612G	72200	Cebu
22479	PRO-LPT-91611	5CD936706Q	72200	Cebu
20484	PRO-LPT-92305	5CD9367024	72200	Cebu
24325	PRO-LPT-92353	5CD93670S6	72200	Cebu
22720	PRO-LPT-92245	5CD93670YX	72200	Cebu
22420	PRO-LPT-91860	5CD93671C9	72200	Cebu
23786	PRO-LPT-92207	5CD93670ZH	72200	Cebu
23787	PRO-LPT-92209	5CD93670YH	72200	Cebu
23691	PRO-LPT-92086	5CD93670DT	72200	Cebu
20474	PRO-LPT-92161	5CD93670VH	72200	Cebu
23793	PRO-LPT-92273	5CD936710D	72200	Cebu
20470	PRO-LPT-92180	5CD9355549	72200	Cebu
20448	PRO-LPT-91834	5CD93661P6	72200	Cebu
23811	PRO-LPT-91960	5CD93661HL	72200	Cebu
22270	PRO-LPT-92012	5CD93671GH	72200	Cebu
20488	PRO-LPT-92132	5CD93671PP	72204	Cebu
20493	PRO-LPT-91922	5CD9366ZFM	72204	Cebu
20647	PRO-LPT-92247	5CD936700D	72204	Cebu
20458	PRO-LPT-92205	5CD935556Y	72200	Cebu
20434	PRO-LPT-92559	5CD936708K	72200	Cebu
20465	PRO-LPT-92158	5CD9366Z9P	72200	Cebu
20645	PRO-LPT-92365	5CD93670DQ	72200	Cebu
27853	PRO-LPT-9359	5CD936705T	72200	Cebu
23833	PRO-LPT-92315	5CD93670V2	72200	Cebu
23901	PRO-LPT-92139	5CD936703Y	72200	Cebu
20179	PRO-LPT-92173	5CD93661T1	10617	Cebu
22493	PRO-LPT-93592	5CD936705T	72200	Cebu
20467	PRO-LPT-92176	5CD93660Y6	72200	Cebu
23768	PRO-LPT-92278	5CD936701Q	72200	Cebu
20477	PRO-LPT-92348	5CD93670G2	72200	Cebu
24314	PRO-LPT-92338	5CD93670Z5	72200	Cebu
20429	PRO-LPT-92096	5CD93671QC	72200	Cebu
23767	PRO-LPT-92299	5CD93670N3	72200	Cebu
20410	PRO-LPT-92208	5CD93670ZX	72200	Cebu
22843	PRO-LPT-92150	5CD9367161	72200	Cebu
24322	PRO-LPT-91859	5CD93671FG	72200	Cebu
23812	PRO-LPT-92280	5CD93670VC	10630	Cebu
22430	PRO-LPT-92232	5CD9366ZX1	72200	Cebu
20408	PRO-LPT-92134	5CD936712T	72217	Cebu
22414	PRO-LPT-91950	5CD93661QX	72254	Cebu
22496	PRO-LPT-92155	5CD93670V8	72200	Cebu
22744	PRO-LPT-91708	5CD93671FR	72200	Cebu
22312	PRO-LPT-91681	5CD9366128	10602	Cebu
24327	PRO-LPT-92090	5CD9349780	72201	Cebu
22316	PRO-LPT-92350	5CD93670XJ	72200	Cebu
22403	PRO-LPT-91894	5CD93670P5	10606	Cebu
22413	PRO-LPT-92172	5CD93671NR	10640	Cebu
22421	PRO-LPT-91983	5CD93660PG	10618	Cebu
22417	PRO-LPT-92175	5CD9366ZLH	10640	Cebu
20415	PRO-LPT-92097	5CD9366ZGB	72200	Cebu
22419	PRO-LPT-92292	5CD936613G	10640	Cebu
20424	PRO-LPT-92269	5CD9367129	72200	Cebu
22503	PRO-LPT-92364	5CD936711Y	72200	Cebu
22448	PRO-LPT-92284	5CD9366ZNF	72200	Cebu
22446	PRO-LPT-92248	5CD93671BZ	10637	Cebu
22474	PRO-LPT-92240	5CD93670YK	72200	Cebu
22477	PRO-LPT-92004	5CD936616T	10625	Cebu
22480	PRO-LPT-91970	5CD93661BF	72200	Cebu
22487	PRO-LPT-91967	5CD9366Z9V	10622	Cebu
22491	PRO-LPT-92332	5CD93670DF	10612	Cebu
22453	PRO-LPT-92316	5CD93670WV	72200	Cebu
22499	PRO-LPT-92003	5CD93661P2	10612	Cebu
22451	PRO-LPT-92092	5CD935551Y	72200	Cebu
22507	PRO-LPT-92151	5CD9366ZMS	72203	Cebu
22523	PRO-LPT-91827	5CD93661HB	10611	Cebu
22521	PRO-LPT-92102	5CD93670RG	72203	Cebu
22519	PRO-LPT-92147	5CD936701R	10611	Cebu
22518	PRO-LPT-92265	5CD93670Y8	10611	Cebu
22520	PRO-LPT-92005	5CD93660WZ	10611	Cebu
22513	PRO-LPT-93657	5CD93670TC	10611	Cebu
23892	PRO-LPT-92335	5CD936703X	72200	Cebu
24326	PRO-LPT-92224	5CD9366Z8Z	72200	Cebu
22642	PRO-LPT-92081	5CD9366ZMR	72200	Cebu
22674	PRO-LPT-92157	5CD9367127	72200	Cebu
22677	PRO-LPT-92916	5CD93660N3	10639	Cebu
22678	PRO-LPT-91981	5CD9366ZKX	10635	Cebu
22712	PRO-LPT-91853	5CD9366ZYP	10638	Cebu
22727	PRO-LPT-92254	5CD93670QM	72200	Cebu
22730	PRO-LPT-92340	5CD93670RD	72200	Cebu
22729	PRO-LPT-92262	5CD9366ZJL	10609	Cebu
22735	PRO-LPT-91985	5CD93671DB	10634	Cebu
22739	PRO-LPT-92251	5CD93670Z0	72200	Cebu
22737	PRO-LPT-92331	5CD9366ZDS	72200	Cebu
22740	PRO-LPT-91931	5CD93670HX	72200	Cebu
22743	PRO-LPT-92242	5CD93670QH	10632	Cebu
22779	PRO-LPT-91828	5CD93661SH	10631	Cebu
22784	PRO-LPT-92211	5CD9366ZJ0	72200	Cebu
22785	PRO-LPT-91984	5CD93671CT	10631	Cebu
22824	PRO-LPT-92253	5CD9366ZVD	72200	Cebu
22823	PRO-LPT-92290	5CD93670WW	72200	Cebu
22840	PRO-LPT-92195	5CD93555H3	10628	Cebu
22525	PRO-LPT-92894	5CD93661SF	72200	Cebu
24738	PRO-LPT-92228	5CD93670WH	72200	Cebu
23771	PRO-LPT-92257	5CD9366ZBX	72217	Cebu
22297	PRO-LPT-92259	5CD93671F2	72217	Cebu
20425	PRO-LPT-91928	5CD93671LL	72200	Cebu
22475	PRO-LPT-92199	5CD9355560	72200	Cebu
22300	PRO-LPT-92181	5CD93661K3	72200	Cebu
22411	PRO-LPT-92900	5CD93660L6	72254	Cebu
20406	PRO-LPT-92231	5CD93670R7	72200	Cebu
22501	PRO-LPT-92146	5CD93670ZC	72200	Cebu
23693	PRO-LPT-92196	5CD93555GC	10600	Cebu
23692	PRO-LPT-92352	5CD93670WK	10600	Cebu
23695	PRO-LPT-92327	5CD936708R	72200	Cebu
23701	PRO-LPT-93662	5CD93661SR	72200	Cebu
22511	PRO-LPT-92250	5CD93670ZL	72200	Cebu
23769	PRO-LPT-92333	5CD936700R	10604	Cebu
20409	PRO-LPT-92188	5CD9366ZPZ	72200	Cebu
23792	PRO-LPT-92337	5CD9366ZRJ	10623	Cebu
23794	PRO-LPT-91968	5CD936613G	10623	Cebu
23810	PRO-LPT-92226	5CD936704Q	10630	Cebu
23813	PRO-LPT-92255	5CD9366ZDN	72200	Cebu
23834	PRO-LPT-91965	5CD936616X	72200	Cebu
23832	PRO-LPT-92367	5CD936713C	10627	Cebu
23894	PRO-LPT-92083	5CD93670X0	10612	Cebu
23893	PRO-LPT-92351	5CD93670SN	10612	Cebu
24313	PRO-LPT-82059	5CD9352X2T	72200	Cebu
23694	PRO-LPT-91845	5CD93670PD	72200	Cebu
23697	PRO-LPT-92336	5CD93671DJ	72200	Cebu
23902	PRO-LPT-93711	5CD936617W	72200	Cebu
22726	PRO-LPT-92252	5CD934979Q	72200	Cebu
20412	PRO-LPT-92275	5CD93555FC	72200	Cebu
24224	PRO-LPT-89787	5CD93671PF	72200	Cebu
24223	PRO-LPT-91849	5CD93671CP	10602	Cebu
24228	PRO-LPT-91889	5CD9366ZTS	10618	Cebu
22435	PRO-LPT-92131	5CD936716M	72200	Cebu
22432	PRO-LPT-92558	5CD9367012	72200	Cebu
22422	PRO-LPT-92079	5CD936711V	72200	Cebu
22425	PRO-LPT-92206	5CD93671GS	72200	Cebu
23788	PRO-LPT-92312	5CD936718J	72200	Cebu
20422	PRO-LPT-9208	5CD93670X0	10624	Cebu
22738	PRO-LPT-92095	5CD9352X1J	72200	Cebu
23774	PRO-LPT-90105	5CD93661H7	72200	Cebu
24678	PRO-LPT-90549	5CD9366Z8N	72200	Cebu
23304	PRO-LPT-92035	5CD935553Q	10621	Cebu
20648	PRO-LPT-91804	5CD93670LR	72200	Cebu
22433	PRO-LPT-91971	5CD9366ZF7	10618	Cebu
22416	PRO-LPT-92141	5CD93670B8	72254	Cebu
22502	PRO-LPT-91781	5CD9366ZHX	10612	Cebu
22418	PRO-LPT-92165	5CD935554D	72254	Cebu
20491	PRO-LPT-91993	5CD93660KR	72200	Cebu
20443	PRO-LPT-92294	5CD93670BY	10616	Cebu
22641	PRO-LPT-92170	5CD9366ZK1	10618	Cebu
22314	PRO-LPT-92089	5CD9366ZNK	72200	Cebu
22515	PRO-LPT-92361	5CD9367046	10611	Cebu
22299	PRO-LPT-92220	5CD93670XC	10601	Cebu
20462	PRO-LPT-92324	5CD936709P	72202	Cebu
23699	PRO-LPT-92160	5CD9366ZVV	72200	Cebu
23700	PRO-LPT-92334	5CD936704Z	72200	Cebu
22734	PRO-LPT-92272	5CD93670Z6	10608	Cebu
20411	PRO-LPT-92345	5CD93670LH	10607	Cebu
23766	PRO-LPT-92343	5CD93670LJ	10604	Cebu
25002	PRO-LPT-94048	5CD9367000	74700	Cotabato
20274	PRO-LPT-90091	5CD93661L5	74700	Cotabato
20354	PRO-LPT-92021	5CD9366ZCW	74700	Cotabato
20375	PRO-LPT-90671	5CD93660WL	74700	Cotabato
20514	PRO-LPT-90679	5CD936713F	74700	Cotabato
20522	PRO-LPT-90744	5CD93660P9	74700	Cotabato
20521	PRO-LPT-90668	5CD936718W	74700	Cotabato
20525	PRO-LPT-90697	5CD936701Z	74700	Cotabato
20520	PRO-LPT-90892	5CD93670RQ	74700	Cotabato
20526	PRO-LPT-90645	5CD9366ZQ4	74700	Cotabato
20549	PRO-LPT-92105	5CD93660XS	74700	Cotabato
20559	PRO-LPT-92034	5CD9366ZQM	74700	Cotabato
20561	PRO-LPT-92104	5CD93660Z6	74700	Cotabato
20509	PRO-LPT-90713	5CD936715Y	74700	Cotabato
20519	PRO-LPT-90035	5CD93660XH	74700	Cotabato
21008	PRO-LPT-90451	5CD9355562	74700	Cotabato
24808	PRO-LPT-91687	5CD9366ZJ1	74700	Cotabato
24809	PRO-LPT-91730	5CD93671N4	74700	Cotabato
24811	PRO-LPT-91900	5CD93670P9	74700	Cotabato
24813	PRO-LPT-91921	5CD9366ZJ9	74700	Cotabato
24807	PRO-LPT-91897	5CD93671NW	74700	Cotabato
24810	PRO-LPT-91819	5CD9366ZJF	74700	Cotabato
24812	PRO-LPT-91948	5CD9366Z9W	74700	Cotabato
21076	PRO-LPT-93874	5CD93660VG	74700	Cotabato
21081	PRO-LPT-92064	5CD93671K8	74700	Cotabato
21083	PRO-LPT-93840	5CD93660MT	74700	Cotabato
20508	PRO-LPT-90756	5CD9366ZM9	74700	Cotabato
20376	PRO-LPT-90600	5CD936702X	74700	Cotabato
20228	PRO-LPT-91887	5CD9366ZTH	74700	Cotabato
20515	PRO-LPT-90803	5CD935557J	74700	Cotabato
21808	PRO-LPT-90218	5CD93661MM	74700	Cotabato
21820	PRO-LPT-90603	5CD9352X1H	74700	Cotabato
21818	PRO-LPT-90851	5CD93670S7	74700	Cotabato
21953	PRO-LPT-93776	5CD93670MF	74700	Cotabato
20510	PRO-LPT-90211	5CD93660R5	74700	Cotabato
24814	PRO-LPT-91836	5CD936714K	74700	Cotabato
20351	PRO-LPT-92025	5CD93670M4	74700	Cotabato
21791	PRO-LPT-90577	5CD93670WN	74700	Cotabato
26886	PRO-LPT-126182	DKGPT93	74700	Cotabato
26887	PRO-LPT-126175	6LKXT93	74700	Cotabato
26888	PRO-LPT-126178	C3GPT93	74700	Cotabato
24836	PRO-LPT-91566	5CD93670S9	74700	Cotabato
26889	PRO-LPT-126184	97RXT93	74700	Cotabato
26890	PRO-LPT-126181	F9YWT93	74700	Cotabato
26891	PRO-LPT-126177	FJLPT93	74700	Cotabato
26892	PRO-LPT-126174	2LLPT93	74700	Cotabato
26893	PRO-LPT-126159	FKGPT93	74700	Cotabato
26895	PRO-LPT-126162	H5JPT93	74700	Cotabato
26894	PRO-LPT-126154	HT1XT93	74700	Cotabato
26900	PRO-LPT-126176	4LKXT93	74700	Cotabato
26896	PRO-LPT-126160	1WLQT93	74700	Cotabato
26897	PRO-LPT-126141	81GPT93	74700	Cotabato
26898	PRO-LPT-126150	JKGPT93	74700	Cotabato
26899	PRO-LPT-126157	27RXT93	74700	Cotabato
26901	PRO-LPT-126165	D8RXT93	74700	Cotabato
26902	PRO-LPT-126180	5BRXT93	74700	Cotabato
26903	PRO-LPT-126161	9W51V93	74700	Cotabato
26904	PRO-LPT-126156	1CYWT93	74700	Cotabato
26905	PRO-LPT-126171	FQPPT93	74700	Cotabato
26906	PRO-LPT-126185	GWXWT93	74700	Cotabato
26907	PRO-LPT-126151	C2YWT93	74700	Cotabato
26908	PRO-LPT-126166	BCHPT93	74700	Cotabato
26909	PRO-LPT-126173	45YWT93	74700	Cotabato
26910	PRO-LPT-126170	34JPT93	74700	Cotabato
26911	PRO-LPT-126144	3VJPT93	74700	Cotabato
26912	PRO-LPT-126146	6BRXT93	74700	Cotabato
26913	PRO-LPT-126164	24GPT93	74700	Cotabato
26914	PRO-LPT-126167	JLGPT93	74700	Cotabato
26915	PRO-LPT-126172	51HPT93	74700	Cotabato
26916	PRO-LPT-126155	B2YWT93	74700	Cotabato
26920	PRO-LPT-126183	G1MPT93	74700	Cotabato
26917	PRO-LPT-126168	D3YWT93	74700	Cotabato
26918	PRO-LPT-126148	GTRPT93	74700	Cotabato
26919	PRO-LPT-126169	24JPT93	74700	Cotabato
26921	PRO-LPT-126163	52GPT93	74700	Cotabato
26922	PRO-LPT-126145	G7RXT93	74700	Cotabato
26923	PRO-LPT-126142	64GPT93	74700	Cotabato
26924	PRO-LPT-126149	FBRXT93	74700	Cotabato
26925	PRO-LPT-126152	69RXT93	74700	Cotabato
26926	PRO-LPT-126147	CTRPT93	74700	Cotabato
26927	PRO-LPT-126158	25YWT93	74700	Cotabato
26928	PRO-LPT-126179	HCHPT93	74700	Cotabato
26929	PRO-LPT-126143	3WMPT93	74700	Cotabato
26930	PRO-LPT-126153	77MPT93	74700	Cotabato
20524	PRO-LPT-90409	5CD93661BN	74700	Cotabato
20523	PRO-LPT-90624	5CD93660W7	74700	Cotabato
24284	PRO-LPT-90859	5CD93670MB	74700	Cotabato
21080	PRO-LPT-93886	5CD9366167	74700	Cotabato
20275	PRO-LPT-90434	5CD93661NP	74700	Cotabato
24306	PRO-LPT-90394	5CD93555GL	74700	Cotabato
20560	PRO-LPT-91999	5CD93661FK	74700	Cotabato
20517	PRO-LPT-90357	5CD93555G1	74700	Cotabato
24837	PRO-LPT-89581	5CD9367145	74700	Cotabato
20518	PRO-LPT-90397	5CD9366135	74700	Cotabato
20555	PRO-LPT-92054	5CD9367107	74700	Cotabato
20377	PRO-LPT-90652	5CD9366Z9R	74700	Cotabato
24282	PRO-LPT-90276	5CD9352XB1	74700	Cotabato
24285	PRO-LPT-90325	5CD9355582	74700	Cotabato
24308	PRO-LPT-90415	5CD9366136	74700	Cotabato
24307	PRO-LPT-90550	5CD93670F8	74700	Cotabato
21078	PRO-LPT-81764	5CD934970Q	74700	Cotabato
20537	PRO-LPT-89294	5CD935558X	74700	Cotabato
20273	PRO-LPT-90269	5CD93661PD	74700	Cotabato
20513	PRO-LPT-90203	5CD936618Q	74700	Cotabato
24309	PRO-LPT-90267	5CD93555F6	74700	Cotabato
20512	PRO-LPT-90336	5CD93661NW	74700	Cotabato
20516	PRO-LPT-90693	5CD936715X	74700	Cotabato
21928	PRO-LPT-91945	5CD93671GX	74700	Cotabato
21989	PRO-LPT-91940	5CD9366ZFQ	74700	Cotabato
22014	PRO-LPT-91941	5CD93670NV	74700	Cotabato
20511	PRO-LPT-92949	5CD93660VH	74700	Cotabato
20962	PRO-LPT-90135	5CD936615R	78200	Davao De Oro
20960	PRO-LPT-93369	5CD9352XJJ	78200	Davao De Oro
23193	PRO-LPT-90065	5CD9352XDW	78200	Davao De Oro
23136	PRO-LPT-93397	5CD9352X5Q	78200	Davao De Oro
22084	PRO-LPT-93481	5CD936717N	78200	Davao De Oro
22126	PRO-LPT-93410	5CD934971J	78200	Davao De Oro
23158	PRO-LPT-82163	5CD93555CB	78200	Davao De Oro
22078	PRO-LPT-89088	5CD93661N1	78200	Davao De Oro
23179	PRO-LPT-82245	5CD9366ZRK	78200	Davao De Oro
23173	PRO-LPT-82291	5CD936717V	78200	Davao De Oro
24200	PRO-LPT-92368	5CD93670FP	78200	Davao De Oro
20970	PRO-LPT-93353	5CD9366ZXQ	78200	Davao De Oro
22106	PRO-LPT-93421	5CD935554M	78200	Davao De Oro
22081	PRO-LPT-93209	5CD93660Y7	78200	Davao De Oro
23145	PRO-LPT-93395	5CD93670ZM	78200	Davao De Oro
25676	PRO-LPT-127015	CCPPT93	78200	Davao De Oro
25678	PRO-LPT-127017	811XT93	78200	Davao De Oro
25673	PRO-LPT-127013	G2HPT93	78200	Davao De Oro
25674	PRO-LPT-127018	4GQPT93	78200	Davao De Oro
25675	PRO-LPT-127016	8BMXT93	78200	Davao De Oro
25677	PRO-LPT-127014	HBPPT93	78200	Davao De Oro
23171	PRO-LPT-82075	5CD9352X80	78200	Davao De Oro
22061	PRO-LPT-89105	5CD9366ZL6	78200	Davao De Oro
23151	PRO-LPT-93441	5CD9352XLB	78204	Davao De Oro (Compostela Valley)
23164	PRO-LPT-82212	5CD9352X05	78209	Davao De Oro (Compostela Valley)
23170	PRO-LPT-93361	5CD93670JB	78209	Davao De Oro (Compostela Valley)
23180	PRO-LPT-82021	5CD9352X8J	78205	Davao De Oro (Compostela Valley)
23159	PRO-LPT-82213	5CD93660GT	78209	Davao De Oro (Compostela Valley)
22220	PRO-LPT-90049	5CD93660SX	72300	Davao Del Norte
22219	PRO-LPT-90299	5CD93660SX	72300	Davao Del Norte
21798	PRO-LPT-90543	5CD936716J	10743	Davao Del Norte
20507	PRO-LPT-90331	5CD936618L	10743	Davao Del Norte
21793	PRO-LPT-90751	5CD93671J9	72300	Davao Del Norte
21799	PRO-LPT-90113	5CD93661GT	72300	Davao Del Norte
21762	PRO-LPT-90561	5CD9366ZB5	72300	Davao Del Norte
21789	PRO-LPT-90695	5CD93670BN	10741	Davao Del Norte
21767	PRO-LPT-90578	5CD93671HN	72300	Davao Del Norte
21800	PRO-LPT-90698	5CD936709W	10725	Davao Del Norte
21824	PRO-LPT-92880	5CD93670M2	72300	Davao Del Norte
21779	PRO-LPT-90658	5CD9366ZCK	72300	Davao Del Norte
21815	PRO-LPT-90551	5CD9366110	72300	Davao Del Norte
21785	PRO-LPT-93016	5CD93671PQ	72300	Davao Del Norte
22340	PRO-LPT-92947	5CD9366OGH	10725	Davao Del Norte
25117	PRO-LPT-126992	C2HQT93	72300	Davao Del Norte
21771	PRO-LPT-90461	5CD93555HT	72300	Davao Del Norte
25220	PRO-LPT-126996	CBHQT93	72300	Davao Del Norte
25126	PRO-LPT-127001	58KPT93	72300	Davao Del Norte
25118	PRO-LPT-127005	4CLQT93	72300	Davao Del Norte
25119	PRO-LPT-127002	JVXWT93	72300	Davao Del Norte
25127	PRO-LPT-127000	J0HPT93	72300	Davao Del Norte
25131	PRO-LPT-126997	62HQT93	72300	Davao Del Norte
22335	PRO-LPT-90703	5CD93670TN	72300	Davao Del Norte
21830	PRO-LPT-90121	5CD935556W	72300	Davao Del Norte
21768	PRO-LPT-90385	5CD93671H7	10742	Davao Del Norte
22338	PRO-LPT-90599	5CD9367067	10725	Davao Del Norte
22134	PRO-LPT-93547	5CD9352XJB	72400	Davao Del Sur
22131	PRO-LPT-93609	5CD93660V8	72400	Davao Del Sur
20241	PRO-LPT-93260	5CD9366ZQ1	10748	Davao Del Sur
20239	PRO-LPT-93500	5CD9352XLS	10748	Davao Del Sur
20240	PRO-LPT-93537	5CD9352XJD	10748	Davao Del Sur
22096	PRO-LPT-89639	5CD93671P4	72400	Davao Del Sur
23061	PRO-LPT-89401	5CD9352X90	72400	Davao Del Sur
23065	PRO-LPT-93406	5CD93555JL	72400	Davao Del Sur
22095	PRO-LPT-93493	5CD93671B4	72400	Davao Del Sur
22057	PRO-LPT-89102	5CD936714M	72400	Davao Del Sur
22104	PRO-LPT-93254	5CD93671JJ	72400	Davao Del Sur
22089	PRO-LPT-93306	5CD9366ZTW	10759	Davao Del Sur
25006	PRO-LPT-93553	5CD936701C	72400	Davao Del Sur
24757	PRO-LPT-93610	5CD9352XM0	72400	Davao Del Sur
22127	PRO-LPT-89459	5CD93660QX	72400	Davao Del Sur
20820	PRO-LPT-89604	5CD936714R	72400	Davao Del Sur
23936	PRO-LPT-93259	5CD934971G	72400	Davao Del Sur
22058	PRO-LPT-93183	5CD9352WZY	72400	Davao Del Sur
22064	PRO-LPT-89056	5CD93555GW	72400	Davao Del Sur
22080	PRO-LPT-93486	5CD93660JY	72400	Davao Del Sur
22070	PRO-LPT-93521	5CD9349775	72400	Davao Del Sur
27818	PRO-LPT-94087	5CD9366ZHZ	72400	Davao Del Sur
22098	PRO-LPT-93517	5CD93555HF	72400	Davao Del Sur
22088	PRO-LPT-93477	5CD9352XGR	72400	Davao Del Sur
22117	PRO-LPT-93544	5CD9366ZZX	72400	Davao Del Sur
22120	PRO-LPT-89574	5CD9352X3J	72400	Davao Del Sur
24231	PRO-LPT-93561	5CD93671HM	72400	Davao Del Sur
25007	PRO-LPT-89087	5CD9352XKN	72400	Davao Del Sur
22099	PRO-LPT-93311	5CD936719H	72400	Davao Del Sur
24235	PRO-LPT-93511	5CD93670WP	72400	Davao Del Sur
24233	PRO-LPT-92075	5CD93670YV	72400	Davao Del Sur
24237	PRO-LPT-93614	5CD93671MZ	72400	Davao Del Sur
24230	PRO-LPT-93536	5CD9352XGY	72400	Davao Del Sur
24458	PRO-LPT-93403	5CD9352XMF	10748	Davao Del Sur
23056	PRO-LPT-89429	5CD9366126	72400	Davao Del Sur
23054	PRO-LPT-93280	5CD93671JM	72400	Davao Del Sur
23935	PRO-LPT-93507	5CD93670G5	72400	Davao Del Sur
23060	PRO-LPT-89371	5CD9366181	72400	Davao Del Sur
27825	PRO-LPT-94088	5CD9352XJ6	72412	Davao del Sur
23063	PRO-LPT-93307	5CD93670WB	72400	Davao Del Sur
23938	PRO-LPT-93496	5CD935559W	72400	Davao Del Sur
21811	PRO-LPT-90852	5CD942DSRP	72400	Davao Del Sur
21795	PRO-LPT-90525	5CD9366ZWP	72400	Davao Del Sur
21770	PRO-LPT-90095	5CD93661KP	72400	Davao Del Sur
20272	PRO-LPT-90285	5CD93661MF	72400	Davao Del Sur
21806	PRO-LPT-90843	5CD93671FS	72400	Davao Del Sur
21801	PRO-LPT-90619	5CD9367044	72400	Davao Del Sur
21773	PRO-LPT-90886	5CD9366ZDM	72400	Davao Del Sur
21814	PRO-LPT-90694	5CD93671DG	72400	Davao Del Sur
23927	PRO-LPT-93525	5CD93555JW	72400	Davao Del Sur
23928	PRO-LPT-89024	5CD93661R8	72400	Davao Del Sur
23931	PRO-LPT-93202	5CD93555K4	72400	Davao Del Sur
23932	PRO-LPT-89763	5CD93660Z9	72400	Davao Del Sur
23937	PRO-LPT-93502	5CD93660N1	72400	Davao Del Sur
20831	PRO-LPT-89608	5CD9366ZT2	72400	Davao Del Sur
24154	PRO-LPT-93518	5CD93670KM	72400	Davao Del Sur
22075	PRO-LPT-93557	5CD934977B	72400	Davao Del Sur
24236	PRO-LPT-93414	5CD93671H8	72400	Davao Del Sur
24157	PRO-LPT-93549	5CD93670KF	72400	Davao Del Sur
24136	PRO-LPT-92598	5CD935552C	72400	Davao Del Sur
24454	PRO-LPT-93528	5CD9349799	72400	Davao Del Sur
24155	PRO-LPT-93452	5CD935553V	72400	Davao Del Sur
24150	PRO-LPT-92843	5CD9352XKH	72400	Davao Del Sur
22108	PRO-LPT-93489	5CD9352XKG	72400	Davao Del Sur
22066	PRO-LPT-93535	5CD9352XGX	72400	Davao Del Sur
24146	PRO-LPT-89181	5CD936619Y	72400	Davao Del Sur
24137	PRO-LPT-89584	5CD936713Y	72400	Davao Del Sur
24142	PRO-LPT-93238	5CD93670YY	72400	Davao Del Sur
24460	PRO-LPT-93277	5CD936711Q	10748	Davao Del Sur
24456	PRO-LPT-93404	5CD93555BT	10748	Davao Del Sur
23924	PRO-LPT-89029	5CD93671LT	72400	Davao Del Sur
22077	PRO-LPT-89076	5CD93660PJ	72400	Davao Del Sur
23062	PRO-LPT-89032	5CD9355585	72400	Davao Del Sur
23926	PRO-LPT-89008	5CD9355522	72400	Davao Del Sur
23040	PRO-LPT-89038	5CD935551R	72400	Davao Del Sur
23049	PRO-LPT-89023	5CD93660HN	72400	Davao Del Sur
24156	PRO-LPT-89093	5CD93670TR	72400	Davao Del Sur
22128	PRO-LPT-89070	5CD93660S2	72400	Davao Del Sur
22076	PRO-LPT-89092	5CD93671PL	72400	Davao Del Sur
22125	PRO-LPT-89095	5CD9366ZG9	72400	Davao Del Sur
22129	PRO-LPT-89101	5CD9366ZJ3	72400	Davao Del Sur
22059	PRO-LPT-89094	5CD936708N	10947	Davao Del Sur
23048	PRO-LPT-89330	5CD9355528	72400	Davao Del Sur
22116	PRO-LPT-89427	5CD9366ZHH	72400	Davao Del Sur
24138	PRO-LPT-89408	5CD93671NK	72400	Davao Del Sur
22060	PRO-LPT-89486	5CD93670C5	72400	Davao Del Sur
22090	PRO-LPT-89497	5CD9367057	72400	Davao Del Sur
22110	PRO-LPT-89547	5CD93661FB	72400	Davao Del Sur
20803	PRO-LPT-89635	5CD93671P2	72400	Davao Del Sur
21804	PRO-LPT-90682	5CD9366ZW1	72400	Davao Del Sur
24147	PRO-LPT-91620	5CD9366ZRM	72400	Davao Del Sur
22113	PRO-LPT-90469	5CD93660JC	72400	Davao Del Sur
21812	PRO-LPT-90639	5CD93670BL	72400	Davao Del Sur
24145	PRO-LPT-93495	5CD93670L5	72400	Davao Del Sur
21805	PRO-LPT-92982	5CD936614C	72400	Davao Del Sur
23942	PRO-LPT-93263	5CD936611V	72400	Davao Del Sur
22068	PRO-LPT-93420	5CD936719X	72400	Davao Del Sur
24144	PRO-LPT-93279	5CD9352XDL	72400	Davao Del Sur
22083	PRO-LPT-93485	5CD93670BC	72400	Davao Del Sur
24148	PRO-LPT-93480	5CD9352XFZ	72400	Davao Del Sur
26821	PRO-LPT-94071	5CD93555FS	78600	Davao Occidental
27325	PRO-LPT-127021	CTLQT93	78600	Davao Occidental
27326	PRO-LPT-127019	CTHPT93	78600	Davao Occidental
27327	PRO-LPT-127020	JCQPT93	78600	Davao Occidental
27328	PRO-LPT-127023	9DPPT93	78600	Davao Occidental
27329	PRO-LPT-127022	H1MPT93	78600	Davao Occidental
23441	PRO-LPT-89048	5CD936617V	78600	Davao Occidental
23041	PRO-LPT-93454	5CD93555CF	78600	Davao Occidental
23055	PRO-LPT-93251	5CD9355523	78600	Davao Occidental
23047	PRO-LPT-89120	5CD936719C	78600	Davao Occidental
23042	PRO-LPT-93274	5CD93670ZV	78600	Davao Occidental
23443	PRO-LPT-89357	5CD93661T3	78600	Davao Occidental
23444	PRO-LPT-92818	5CD9352XF8	10042	Davao Occidental
23437	PRO-LPT-89074	5CD936716P	78600	Davao Occidental
23050	PRO-LPT-89064	5CD93660R7	78600	Davao Occidental
21266	PRO-LPT-89009	5CD93555CS	78600	Davao Occidental
21262	PRO-LPT-89146	5CD9366ZKD	78600	Davao Occidental
23066	PRO-LPT-89306	5CD93661T9	78600	Davao Occidental
23435	PRO-LPT-89359	5CD93661F1	78600	Davao Occidental
23191	PRO-LPT-91864	5CD9366ZP3	72500	Davao Oriental
20250	PRO-LPT-82013	5CD9352X01	72500	Davao Oriental
20955	PRO-LPT-93442	5CD935552G	72500	Davao Oriental
20256	PRO-LPT-93370	5CD936701D	72500	Davao Oriental
20969	PRO-LPT-93347	5CD936703B	72500	Davao Oriental
20950	PRO-LPT-93445	5CD934977Z	72500	Davao Oriental
20251	PRO-LPT-82158	5CD9352X8C	72500	Davao Oriental
23140	PRO-LPT-92794	5CD9352XLT	72500	Davao Oriental
23184	PRO-LPT-81850	5CD9349717	72500	Davao Oriental
23154	PRO-LPT-82049	5CD9352X77	72500	Davao Oriental
23166	PRO-LPT-93434	5CD936705G	72500	Davao Oriental
23189	PRO-LPT-82277	5CD9352X9Y	72500	Davao Oriental
23185	PRO-LPT-93435	5CD9352XHF	72500	Davao Oriental
25111	PRO-LPT-127010	4W51V93	72500	Davao Oriental
25112	PRO-LPT-127003	9RJPT93	72500	Davao Oriental
25123	PRO-LPT-127008	4VKXT93	72500	Davao Oriental
25113	PRO-LPT-126991	80HPT93	72500	Davao Oriental
25114	PRO-LPT-126993	7B1XT93	72500	Davao Oriental
25125	PRO-LPT-126995	F9MXT93	72500	Davao Oriental
25115	PRO-LPT-126994	2CHQT93	72500	Davao Oriental
25116	PRO-LPT-127011	991XT93	72500	Davao Oriental
25130	PRO-LPT-126999	18KPT93	72500	Davao Oriental
25124	PRO-LPT-127009	1XQPT93	72500	Davao Oriental
25129	PRO-LPT-127007	5BLQT93	72500	Davao Oriental
25120	PRO-LPT-126998	F1HQT93	72500	Davao Oriental
25121	PRO-LPT-127012	1C1XT93	72500	Davao Oriental
25122	PRO-LPT-127004	FXMPT93	72500	Davao Oriental
25128	PRO-LPT-127006	CYPPT93	72500	Davao Oriental
20254	PRO-LPT-81858	5CD9349750	72500	Davao Oriental
20977	PRO-LPT-81853	5CD934970Z	72500	Davao Oriental
20249	PRO-LPT-82027	5CD9352X2C	72500	Davao Oriental
21550	PRO-LPT-82055	5CD9352WY6	72500	Davao Oriental
20253	PRO-LPT-82136	5CD9352WZQ	72500	Davao Oriental
20255	PRO-LPT-82095	5CD9352X1Z	72500	Davao Oriental
20252	PRO-LPT-82091	5CD9352WXR	72500	Davao Oriental
21539	PRO-LPT-82272	5CD93661LH	72500	Davao Oriental
23161	PRO-LPT-93373	5CD9366ZJG	72500	Davao Oriental
20917	PRO-LPT-92341	5CD93670QY	78500	Dinagat Islands
20912	PRO-LPT-91700	5CD936715F	78500	Dinagat Islands
20911	PRO-LPT-93916	5CD9352XFF	78500	Dinagat Islands
20916	PRO-LPT-93895	5CD9366ZT9	78500	Dinagat Islands
24999	PRO-LPT-94050	5CD93670L1	78500	Dinagat Islands
26883	PRO-LPT-127797	DBYWT93	78500	Dinagat Islands
26884	PRO-LPT-127799	D4JPT93	78500	Dinagat Islands
26885	PRO-LPT-127798	7X1XT93	78500	Dinagat Islands
23589	PRO-LPT-91671	5CD9366ZPG	78500	Dinagat Islands
24000	PRO-LPT-89889	5CD93661KB	78500	Dinagat Islands
23995	PRO-LPT-91640	5CD93670VL	78500	Dinagat Islands
23654	PRO-LPT-93902	5CD936615Q	72600	Eastern Samar
21065	PRO-LPT-91736	5CD936703W	72600	Eastern Samar
20910	PRO-LPT-89781	5CD93660S1	72600	Eastern Samar
23992	PRO-LPT-82306	5CD93660Y1	72601	Eastern Samar
23629	PRO-LPT-92267	5CD9366ZLG	72600	Eastern Samar
23642	PRO-LPT-93896	5CD93555F9	72600	Eastern Samar
24002	PRO-LPT-82270	5CD93661L9	72600	Eastern Samar
27038	PRO-LPT-125229	FW51V93	72600	Eastern Samar
27044	PRO-LPT-125207	78RXT93	72600	Eastern Samar
27047	PRO-LPT-125219	3XXWT93	72600	Eastern Samar
27049	PRO-LPT-125220	4CRXT93	72600	Eastern Samar
27063	PRO-LPT-125208	78SPT93	72600	Eastern Samar
27039	PRO-LPT-125217	1X1XT93	72600	Eastern Samar
27053	PRO-LPT-125218	CVQPT93	72600	Eastern Samar
27054	PRO-LPT-125227	C0HPT93	72600	Eastern Samar
27040	PRO-LPT-125222	2CRXT93	72600	Eastern Samar
27051	PRO-LPT-125214	F6JPT93	72601	Eastern Samar
27056	PRO-LPT-125211	FWQPT93	72600	Eastern Samar
27058	PRO-LPT-125216	2X51V93	72600	Eastern Samar
27041	PRO-LPT-125212	3CRXT93	72600	Eastern Samar
27062	PRO-LPT-125206	FV1XT93	72617	Eastern Samar
27042	PRO-LPT-125228	6JMXT93	72600	Eastern Samar
27043	PRO-LPT-125221	6DRXT93	72613	Eastern Samar
27048	PRO-LPT-125224	47RXT93	72600	Eastern Samar
27045	PRO-LPT-125230	HLMXT93	72600	Eastern Samar
27046	PRO-LPT-125215	3YQPT93	72600	Eastern Samar
27059	PRO-LPT-125209	3KMXT93	72605	Eastern Samar
27061	PRO-LPT-125213	4BRXT93	72601	Eastern Samar
27050	PRO-LPT-125210	FVQPT93	72600	Eastern Samar
27057	PRO-LPT-125226	HPJPT93	72600	Eastern Samar
27052	PRO-LPT-125225	JV1XT93	72600	Eastern Samar
27055	PRO-LPT-125223	CCRXT93	72600	Eastern Samar
27060	PRO-LPT-125205	CDRXT93	72600	Eastern Samar
24683	PRO-LPT-81778	5CD9349724	72600	Eastern Samar
23989	PRO-LPT-89799	5CD93660WD	72600	Eastern Samar
21066	PRO-LPT-89762	5CD936715H	72600	Eastern Samar
23999	PRO-LPT-82197	5CD93661MZ	72606	Eastern Samar
21062	PRO-LPT-82289	5CD93661N0	72601	Eastern Samar
23997	PRO-LPT-82269	5CD93661K2	72609	Eastern Samar
23996	PRO-LPT-82227	5CD93661Q8	72600	Eastern Samar
21067	PRO-LPT-89607	5CD93660X9	72600	Eastern Samar
21069	PRO-LPT-91693	5CD9367009	72600	Eastern Samar
23648	PRO-LPT-91801	5CD9366ZJQ	72600	Eastern Samar
23624	PRO-LPT-93855	5CD93670HC	72600	Eastern Samar
21136	PRO-LPT-81927	5CD93496ZK	77900	Guimaras
24108	PRO-LPT-90212	5CD93661D0	77900	Guimaras
24111	PRO-LPT-89270	5CD9352X4R	77902	Guimaras
24109	PRO-LPT-90707	5CD9366ZDF	77900	Guimaras
21141	PRO-LPT-90522	5CD9352WZT	77900	Guimaras
24110	PRO-LPT-91581	5CD93670Q1	77900	Guimaras
21134	PRO-LPT-90338	5CD93661DF	77900	Guimaras
23471	PRO-LPT-92523	5CD936711S	77900	Guimaras
21139	PRO-LPT-81852	5CD9349700	77900	Guimaras
24114	PRO-LPT-89288	5CD93660KF	77900	Guimaras
25749	PRO-LPT-127024	6TPPT93	77900	Guimaras
25750	PRO-LPT-127026	BZPPT93	77902	Guimaras
25751	PRO-LPT-127025	1L4XT93	77900	Guimaras
25752	PRO-LPT-127027	830XT93	77902	Guimaras
24112	PRO-LPT-82068	5CD9352WYR	77900	Guimaras
26815	PRO-LPT-127031	2CLQT93	72700	Ifugao
22410	PRO-LPT-89156	5CD93660SY	72700	Ifugao
22406	PRO-LPT-90233	5CD93660SN	72700	Ifugao
22409	PRO-LPT-90500	5CD9367199	72700	Ifugao
26814	PRO-LPT-127029	9CPPT93	72700	Ifugao
26812	PRO-LPT-127030	43MPT93	72700	Ifugao
26811	PRO-LPT-127032	G3YWT93	72700	Ifugao
23722	PRO-LPT-90178	5CD93661CD	72700	Ifugao
23713	PRO-LPT-90641	5CD93661HM	72700	Ifugao
23719	PRO-LPT-90890	5CD93671M8	72700	Ifugao
26813	PRO-LPT-127028	B2KQT93	72700	Ifugao
22408	PRO-LPT-89005	5CD93660W4	72700	Ifugao
22407	PRO-LPT-90241	5CD93661NS	72700	Ifugao
23731	PRO-LPT-90740	5CD93660P7	72700	Ifugao
20199	PRO-LPT-89450	5CD93671N8	72800	Ilocos Norte
21383	PRO-LPT-89695	5CD93671PW	72800	Ilocos Norte
20193	PRO-LPT-89865	5CD93671KD	72800	Ilocos Norte
21381	PRO-LPT-89468	5CD936713W	72800	Ilocos Norte
21382	PRO-LPT-89655	5CD93660NS	72800	Ilocos Norte
20196	PRO-LPT-89244	5CD9352X88	72800	Ilocos Norte
22373	PRO-LPT-89342	5CD9352XFM	72800	Ilocos Norte
22377	PRO-LPT-89413	5CD93671Q0	72800	Ilocos Norte
22386	PRO-LPT-89369	5CD93555DZ	72800	Ilocos Norte
20200	PRO-LPT-89885	5CD93670C4	72800	Ilocos Norte
20194	PRO-LPT-89849	5CD9366ZY3	72800	Ilocos Norte
20197	PRO-LPT-89432	5CD936610P	72800	Ilocos Norte
20195	PRO-LPT-89509	5CD9366ZY7	72800	Ilocos Norte
22798	PRO-LPT-89714	5CD936717J	72800	Ilocos Norte
22366	PRO-LPT-89834	5CD93660YF	72800	Ilocos Norte
22799	PRO-LPT-89553	5CD936714G	72800	Ilocos Norte
22797	PRO-LPT-89280	5CD93660V7	72800	Ilocos Norte
22803	PRO-LPT-89300	5CD93555G2	72800	Ilocos Norte
22805	PRO-LPT-89559	5CD9367049	72800	Ilocos Norte
22806	PRO-LPT-89772	5CD9366Z8K	72800	Ilocos Norte
22801	PRO-LPT-89916	5CD936718F	72800	Ilocos Norte
22817	PRO-LPT-89710	5CD936716K	72800	Ilocos Norte
22815	PRO-LPT-89828	5CD93670DK	72800	Ilocos Norte
23864	PRO-LPT-89659	5CD93660RN	72800	Ilocos Norte
23867	PRO-LPT-89810	5CD93670PS	72800	Ilocos Norte
27220	PRO-LPT-127043	35KQT93	72800	Ilocos Norte
27222	PRO-LPT-127033	4B1XT93	72800	Ilocos Norte
23868	PRO-LPT-89282	5CD936700Z	72800	Ilocos Norte
22802	PRO-LPT-89262	5CD9352XCF	72800	Ilocos Norte
21380	PRO-LPT-89309	5CD93661DV	72800	Ilocos Norte
21378	PRO-LPT-89599	5CD93555GM	72800	Ilocos Norte
21379	PRO-LPT-89733	5CD93660T8	72800	Ilocos Norte
22361	PRO-LPT-89847	5CD93671CJ	72800	Ilocos Norte
27212	PRO-LPT-127034	5DMXT93	72800	Ilocos Norte
27215	PRO-LPT-127044	D91XT93	72800	Ilocos Norte
27213	PRO-LPT-127036	J4KQT93	72800	Ilocos Norte
27219	PRO-LPT-127039	7BMXT93	72800	Ilocos Norte
27223	PRO-LPT-127042	2VLPT93	72800	Ilocos Norte
27218	PRO-LPT-127046	F0HQT93	72800	Ilocos Norte
20500	PRO-LPT-82297	5CD93660W6	10052	Ilocos Sur
78016	PRO-LPT-0015	5CD93661BB	10002	Ilocos Sur
10018	PRO-LPT-0035	5CD93660Q0	10002	Ilocos Sur
22573	PRO-LPT-81952	5CD9352XBF	10073	Ilocos Sur
22559	PRO-LPT-81994	5CD934971Y	10066	Ilocos Sur
22538	PRO-LPT-82103	5CD9352WXD	10068	Ilocos Sur
22586	PRO-LPT-82209	5CD9352X8K	10051	Ilocos Sur
22582	PRO-LPT-82074	5CD9352X26	72900	Ilocos Sur
21315	PRO-LPT-82129	5CD9352WYW	72900	Ilocos Sur
20504	PRO-LPT-82253	5CD9366180	72900	Ilocos Sur
20245	PRO-LPT-81975	5CD9352X4Y	72900	Ilocos Sur
22584	PRO-LPT-82051	5CD9352X85	72900	Ilocos Sur
22545	PRO-LPT-82102	5CD9352XBT	72900	Ilocos Sur
22588	PRO-LPT-82166	5CD93660GX	72900	Ilocos Sur
24674	PRO-LPT-89745	5CD93660YH	72900	Ilocos Sur
22585	PRO-LPT-82294	5CD93661N5	72900	Ilocos Sur
27490	PRO-LPT-127051	GB1XT93	72900	Ilocos Sur
27496	PRO-LPT-127053	BVLPT93	72900	Ilocos Sur
24291	PRO-LPT-92659	5CD9367029	72900	Ilocos Sur
22547	PRO-LPT-81848	5CD934975V	72900	Ilocos Sur
21318	PRO-LPT-81896	5CD93496Z6	72900	Ilocos Sur
22575	PRO-LPT-81954	5CD9352XGN	72900	Ilocos Sur
27493	PRO-LPT-127052	F4KQT93	72900	Ilocos Sur
22568	PRO-LPT-82285	5CD93661DB	72900	Ilocos Sur
27489	PRO-LPT-127048	B2HQT93	72900	Ilocos Sur
27491	PRO-LPT-127054	H5KQT93	72900	Ilocos Sur
27492	PRO-LPT-127047	74KQT93	72900	Ilocos Sur
27494	PRO-LPT-127050	9C1XT93	72900	Ilocos Sur
27495	PRO-LPT-127049	GCMXT93	72900	Ilocos Sur
22553	PRO-LPT-81835	5CD93496YT	72900	Ilocos Sur
22536	PRO-LPT-81880	5CD93496ZF	72900	Ilocos Sur
20242	PRO-LPT-81902	5CD9352X0N	72900	Ilocos Sur
22532	PRO-LPT-81967	5CD9352XCT	72900	Ilocos Sur
20244	PRO-LPT-82141	5CD9352XK7	72900	Ilocos Sur
21325	PRO-LPT-82255	5CD93661JQ	72900	Ilocos Sur
22577	PRO-LPT-82242	5CD936614B	72900	Ilocos Sur
22558	PRO-LPT-82224	5CD936613T	72900	Ilocos Sur
22555	PRO-LPT-82276	5CD93661MX	72900	Ilocos Sur
24320	PRO-LPT-92537	5CD936711N	10852	Iloilo
20112	PRO-LPT-92541	5CD936712N	10852	Iloilo
20113	PRO-LPT-92546	5CD9352XK6	10852	Iloilo
20347	PRO-LPT-92429	5CD9367025	10852	Iloilo
20348	PRO-LPT-92539	5CD9352XKM	10852	Iloilo
27007	PRO-LPT-127056	DHKXT93	10852	Iloilo
27005	PRO-LPT-127066	DCPPT93	10852	Iloilo
23424	PRO-LPT-92442	5CD93555K7	10852	Iloilo
24159	PRO-LPT-92432	5CD93670Y7	10852	Iloilo
22235	PRO-LPT-92405	5CD9366ZVG	10849	Iloilo
22229	PRO-LPT-81888	5CD9352X1C	10849	Iloilo
22246	PRO-LPT-92407	5CD9367056	10852	Iloilo
22239	PRO-LPT-92545	5CD935552R	10852	Iloilo
20114	PRO-LPT-89078	5CD936610L	10852	Iloilo
24316	PRO-LPT-92499	5CD9366ZTL	73000	Iloilo
20312	PRO-LPT-89136	5CD9366ZM4	73000	Iloilo
20497	PRO-LPT-92538	5CD93671PZ	73000	Iloilo
23982	PRO-LPT-92525	5CD93670WD	73000	Iloilo
23472	PRO-LPT-92428	5CD9367085	73000	Iloilo
24161	PRO-LPT-92423	5CD9366ZGZ	73000	Iloilo
24905	PRO-LPT-92550	5CD935553H	73000	Iloilo
25010	PRO-LPT-93470	5CD9352XLY	73000	Iloilo
24906	PRO-LPT-92573	5CD936707N	73000	Iloilo
24904	PRO-LPT-92566	5CD936707C	73000	Iloilo
25011	PRO-LPT-92409	5CD93670YC	73000	Iloilo
24173	PRO-LPT-92396	5CD936710M	73000	Iloilo
24402	PRO-LPT-92520	5CD93670GG	73000	Iloilo
24371	PRO-LPT-92444	5CD93670XH	73000	Iloilo
24476	PRO-LPT-92382	5CD9355527	73000	Iloilo
24407	PRO-LPT-92505	5CD936712J	73000	Iloilo
23536	PRO-LPT-92514	5CD936710Z	73000	Iloilo
23530	PRO-LPT-92453	5CD93670XM	73000	Iloilo
24189	PRO-LPT-90568	5CD9367155	73000	Iloilo
23537	PRO-LPT-92502	5CD9366102	73000	Iloilo
23534	PRO-LPT-92443	5CD936702Q	73000	Iloilo
24191	PRO-LPT-92557	5CD93670GT	73000	Iloilo
24190	PRO-LPT-90636	5CD936708M	73000	Iloilo
20944	PRO-LPT-90612	5CD936610G	73000	Iloilo
24185	PRO-LPT-92460	5CD93670HF	73000	Iloilo
24187	PRO-LPT-92394	5CD93670HT	73000	Iloilo
24184	PRO-LPT-92477	5CD935556G	73000	Iloilo
24183	PRO-LPT-93474	5CD9366ZWB	73000	Iloilo
23422	PRO-LPT-92478	5CD93670X3	73000	Iloilo
23421	PRO-LPT-90617	5CD9366Z7J	73000	Iloilo
22243	PRO-LPT-92404	5CD9367176	73000	Iloilo
22240	PRO-LPT-92422	5CD936709Z	73000	Iloilo
24472	PRO-LPT-90420	5CD9366ZHD	73000	Iloilo
23425	PRO-LPT-92521	5CD935554L	73000	Iloilo
23419	PRO-LPT-92490	5CD93670WR	73000	Iloilo
23420	PRO-LPT-92435	5CD9367139	73000	Iloilo
21557	PRO-LPT-92528	5CD93670JN	73000	Iloilo
23423	PRO-LPT-92479	5CD93670LV	73000	Iloilo
20496	PRO-LPT-93622	5CD9352XMH	73000	Iloilo
22242	PRO-LPT-92489	5CD93670TY	73000	Iloilo
21556	PRO-LPT-81882	5CD93496ZD	73000	Iloilo
21555	PRO-LPT-89051	5CD9352X7T	73000	Iloilo
20257	PRO-LPT-92983	5CD93661DZ	73000	Iloilo
23474	PRO-LPT-92440	5CD93670SD	73000	Iloilo
23532	PRO-LPT-90410	5CD93660QL	73000	Iloilo
23533	PRO-LPT-92549	5CD9352X21	73000	Iloilo
24321	PRO-LPT-92419	5CD936704J	73000	Iloilo
23911	PRO-LPT-92497	5CD93661PF	73000	Iloilo
23980	PRO-LPT-92384	5CD93670CW	73000	Iloilo
23981	PRO-LPT-92430	5CD9367022	73000	Iloilo
23986	PRO-LPT-92426	5CD9366ZLS	73000	Iloilo
24158	PRO-LPT-90481	5CD93555JX	73000	Iloilo
24160	PRO-LPT-92572	5CD9367090	73000	Iloilo
24162	PRO-LPT-92393	5CD93670GP	73000	Iloilo
24170	PRO-LPT-92531	5CD9367111	73000	Iloilo
24179	PRO-LPT-81855	5CD934973X	73000	Iloilo
24177	PRO-LPT-90520	5CD9352WYS	73000	Iloilo
24175	PRO-LPT-92544	5CD93671NM	73000	Iloilo
24181	PRO-LPT-92461	5CD93670QK	73000	Iloilo
24188	PRO-LPT-81897	5CD9352X2G	73000	Iloilo
24182	PRO-LPT-92535	5CD935553M	73000	Iloilo
24192	PRO-LPT-92467	5CD936701G	73000	Iloilo
23983	PRO-LPT-92474	5CD9355518	73000	Iloilo
27021	PRO-LPT-127057	76SPT93	73000	Iloilo
27006	PRO-LPT-127064	3DHPT93	73000	Iloilo
27019	PRO-LPT-127069	9L4XT93	73000	Iloilo
27022	PRO-LPT-127065	F6KQT93	73000	Iloilo
27017	PRO-LPT-127055	4J4XT93	73000	Iloilo
27016	PRO-LPT-127062	GJQPT93	73000	Iloilo
27015	PRO-LPT-127058	6J4XT93	73000	Iloilo
27020	PRO-LPT-127061	FXXWT93	73000	Iloilo
27018	PRO-LPT-127059	3CMXT93	73000	Iloilo
27008	PRO-LPT-127060	FZ0XT93	73000	Iloilo
27013	PRO-LPT-127063	FJQPT93	73000	Iloilo
27009	PRO-LPT-127067	27KQT93	73000	Iloilo
27010	PRO-LPT-127068	HWKXT93	73000	Iloilo
27011	PRO-LPT-127070	711XT93	73000	Iloilo
27012	PRO-LPT-127071	211XT93	73000	Iloilo
27014	PRO-LPT-127072	5Z0XT93	73000	Iloilo
24176	PRO-LPT-81782	5CD9352XB9	73000	Iloilo
24186	PRO-LPT-81832	5CD93496ZS	73000	Iloilo
24405	PRO-LPT-81893	5CD9352X91	73000	Iloilo
23535	PRO-LPT-81836	5CD934973B	73000	Iloilo
23531	PRO-LPT-81886	5CD9349710	73000	Iloilo
24180	PRO-LPT-81891	5CD9352X31	73000	Iloilo
21558	PRO-LPT-81898	5CD93496ZN	73000	Iloilo
22241	PRO-LPT-92446	5CD936712Q	73000	Iloilo
23984	PRO-LPT-81863	5CD934973Y	73000	Iloilo
23985	PRO-LPT-92519	5CD936707Z	73000	Iloilo
24403	PRO-LPT-92486	5CD93670VT	73000	Iloilo
21135	PRO-LPT-81934	5CD9352X72	73000	Iloilo
20059	PRO-LPT-81992	5CD9352X2K	73000	Iloilo
24372	PRO-LPT-89001	5CD93661CT	73000	Iloilo
24482	PRO-LPT-89098	5CD93555FF	73000	Iloilo
24475	PRO-LPT-89126	5CD936611H	73000	Iloilo
23473	PRO-LPT-92452	5CD93670YJ	73000	Iloilo
24174	PRO-LPT-92380	5CD9367120	73000	Iloilo
23907	PRO-LPT-92450	5CD93670TK	73000	Iloilo
21275	PRO-LPT-90790	5CD93671P3	73100	Isabela
22790	PRO-LPT-90513	5CD936713X	73100	Isabela
22301	PRO-LPT-90421	5CD9352WZ5	73100	Isabela
22306	PRO-LPT-89165	5CD9352XHQ	73100	Isabela
23729	PRO-LPT-90867	5CD93670PT	73100	Isabela
21277	PRO-LPT-90378	5CD9366ZGJ	73100	Isabela
23752	PRO-LPT-90869	5CD9366ZH2	73100	Isabela
23757	PRO-LPT-90717	5CD93671JS	73100	Isabela
22274	PRO-LPT-90389	5CD9366ZK3	73100	Isabela
21279	PRO-LPT-90733	5CD936702W	10191	Isabela
21522	PRO-LPT-89222	5CD93661Q9	10174	Isabela
21518	PRO-LPT-90271	5CD9355575	10174	Isabela
21525	PRO-LPT-90248	5CD93661MC	73100	Isabela
23703	PRO-LPT-91854	5CD9366ZSH	73100	Isabela
24855	PRO-LPT-90283	5CD93661NG	73100	Isabela
23730	PRO-LPT-89927	5CD9352X2W	73100	Isabela
22292	PRO-LPT-90731	5CD9366ZP6	73100	Isabela
22310	PRO-LPT-89258	5CD9352XBR	10205	Isabela
22284	PRO-LPT-90545	5CD936714Q	10201	Isabela
22275	PRO-LPT-90680	5CD9366ZCX	10189	Isabela
22285	PRO-LPT-90783	5CD93660KH	10189	Isabela
23852	PRO-LPT-90519	5CD9355567	73100	Isabela
23857	PRO-LPT-90502	5CD9366Z8S	73100	Isabela
23840	PRO-LPT-90484	5CD9367174	73100	Isabela
23835	PRO-LPT-90359	5CD935553N	73100	Isabela
23836	PRO-LPT-90594	5CD93671G2	73100	Isabela
23946	PRO-LPT-90741	5CD93555GQ	73100	Isabela
22788	PRO-LPT-90438	5CD9366ZGX	10195	Isabela
22787	PRO-LPT-90664	5CD93671H6	10195	Isabela
22478	PRO-LPT-92330	5CD93671P9	73100	Isabela
20437	PRO-LPT-92329	5CD936704L	73100	Isabela
22516	PRO-LPT-91895	5CD9366ZY0	73100	Isabela
20440	PRO-LPT-92296	5CD93670DW	73100	Isabela
22268	PRO-LPT-92379	5CD936712M	73100	Isabela
23777	PRO-LPT-92304	5CD93670WY	73100	Isabela
20459	PRO-LPT-92234	5CD93670YT	73100	Isabela
20453	PRO-LPT-93590	5CD934978Q	73100	Isabela
22271	PRO-LPT-92281	5CD93670CG	73100	Isabela
22423	PRO-LPT-92371	5CD9367060	73100	Isabela
22781	PRO-LPT-91951	5CD93670P4	73100	Isabela
22733	PRO-LPT-91997	5CD93660YW	73100	Isabela
20481	PRO-LPT-92263	5CD9367125	73100	Isabela
22710	PRO-LPT-92008	5CD93555DN	73100	Isabela
23715	PRO-LPT-90514	5CD93660PR	10197	Isabela
23745	PRO-LPT-90516	5CD93661HJ	10182	Isabela
23748	PRO-LPT-90627	5CD9366ZYK	73100	Isabela
23744	PRO-LPT-90714	5CD93670KB	10185	Isabela
23743	PRO-LPT-90743	5CD93660NV	73100	Isabela
23749	PRO-LPT-90848	5CD93670MW	10183	Isabela
23755	PRO-LPT-89488	5CD93670TW	10182	Isabela
23751	PRO-LPT-90232	5CD93660QY	10185	Isabela
23756	PRO-LPT-90810	5CD93671JP	10182	Isabela
23778	PRO-LPT-92355	5CD93670JM	73100	Isabela
23781	PRO-LPT-92244	5CD93670Y1	73100	Isabela
23784	PRO-LPT-92323	5CD93661LW	73100	Isabela
23845	PRO-LPT-90802	5CD9366108	73100	Isabela
23841	PRO-LPT-90779	5CD93555C0	73100	Isabela
23843	PRO-LPT-90655	5CD9366ZZS	73100	Isabela
23855	PRO-LPT-90883	5CD9355531	73100	Isabela
23856	PRO-LPT-90535	5CD93660P8	73100	Isabela
23896	PRO-LPT-91779	5CD93670GY	73100	Isabela
23913	PRO-LPT-90750	5CD9366ZVW	10180	Isabela
23919	PRO-LPT-90220	5CD93660MS	73100	Isabela
23918	PRO-LPT-90294	5CD93661FT	10180	Isabela
23922	PRO-LPT-92239	5CD93670XK	73100	Isabela
22311	PRO-LPT-81809	5CD9349712	10205	Isabela
23725	PRO-LPT-90670	5CD9366ZFR	73100	Isabela
22837	PRO-LPT-92013	5CD93671DZ	73114	Isabela
22444	PRO-LPT-92171	5CD9366ZBM	73113	Isabela
22450	PRO-LPT-91907	5CD93671HL	73107	Isabela
22725	PRO-LPT-92129	5CD93555FG	73128	Isabela
22452	PRO-LPT-92186	5CD935553S	73107	Isabela
24227	PRO-LPT-92320	5CD9367133	73119	Isabela
24315	PRO-LPT-92358	5CD93670BJ	73105	Isabela
23759	PRO-LPT-90422	5CD9352XDQ	73135	Isabela
22731	PRO-LPT-92148	5CD936700J	10174	Isabela
24323	PRO-LPT-92319	5CD93670X2	73133	Isabela
22724	PRO-LPT-92347	5CD93670V7	73103	Isabela
22489	PRO-LPT-92179	5CD9366ZVF	73109	Isabela
22841	PRO-LPT-92218	5CD93555K9	73114	Isabela
22838	PRO-LPT-91777	5CD93671M1	73114	Isabela
20900	PRO-LPT-89952	5CD93671CV	73127	Isabela
22736	PRO-LPT-91780	5CD93670PL	73128	Isabela
20463	PRO-LPT-92313	5CD9367023	73121	Isabela
24385	PRO-LPT-92297	5CD93670Y2	73118	Isabela
22464	PRO-LPT-89231	5CD93661J3	73126	Isabela
23753	PRO-LPT-89428	5CD93670R3	10183	Isabela
21523	PRO-LPT-89316	5CD936615D	73100	Isabela
23750	PRO-LPT-89601	5CD935558D	10185	Isabela
23718	PRO-LPT-89753	5CD936716S	10200	Isabela
23742	PRO-LPT-89992	5CD93670VF	10183	Isabela
22280	PRO-LPT-89911	5CD9352WZF	73129	Isabela
23815	PRO-LPT-90219	5CD93660Q3	73102	Isabela
22288	PRO-LPT-90794	5CD93660P7	10201	Isabela
23724	PRO-LPT-90465	5CD9352X1T	10197	Isabela
22294	PRO-LPT-90485	5CD936715R	73100	Isabela
22792	PRO-LPT-90429	5CD9352WZM	10195	Isabela
22488	PRO-LPT-91682	5CD9366ZC8	73113	Isabela
23839	PRO-LPT-90507	5CD9366ZYH	73100	Isabela
23746	PRO-LPT-90868	5CD9366ZVC	73100	Isabela
23741	PRO-LPT-90597	5CD935558P	73100	Isabela
23717	PRO-LPT-90820	5CD93670PY	73100	Isabela
23773	PRO-LPT-92177	5CD9366ZM5	73119	Isabela
23903	PRO-LPT-92219	5CD93660H0	73118	Isabela
22481	PRO-LPT-91990	5CD93671BP	10185	Isabela
23690	PRO-LPT-92006	5CD9366ZSC	73100	Isabela
23689	PRO-LPT-92007	5CD9366ZPB	10191	Isabela
23923	PRO-LPT-92264	5CD935555W	73100	Isabela
22741	PRO-LPT-92362	5CD936710J	73122	Isabela
20881	PRO-LPT-90439	5CD93671GB	73200	Kalinga
20884	PRO-LPT-90405	5CD93660SR	73200	Kalinga
22370	PRO-LPT-89941	5CD9366ZJ2	73200	Kalinga
20918	PRO-LPT-90403	5CD9355598	73200	Kalinga
20892	PRO-LPT-90583	5CD93660X2	73200	Kalinga
20880	PRO-LPT-90495	5CD93660RZ	73200	Kalinga
22389	PRO-LPT-89521	5CD9366ZF3	73200	Kalinga
25027	PRO-LPT-127078	BBYWT93	73213	Kalinga
25033	PRO-LPT-127073	34YWT93	73213	Kalinga
25028	PRO-LPT-127075	7BYWT93	73213	Kalinga
25031	PRO-LPT-127076	13YWT93	73213	Kalinga
25030	PRO-LPT-127077	8BYWT93	73213	Kalinga
25029	PRO-LPT-127079	7DMXT93	73213	Kalinga
25032	PRO-LPT-127074	HBYWT93	73213	Kalinga
22385	PRO-LPT-89206	5CD9352WZ9	73200	Kalinga
22368	PRO-LPT-89694	5CD9366ZDW	73200	kalinga
22352	PRO-LPT-81774	5CD9352XDY	10083	La Union
27369	PRO-LPT-127081	55KQT93	10083	La Union
27368	PRO-LPT-127082	3W51V93	10083	La Union
20649	PRO-LPT-93339	5CD93670HL	10083	La Union
20653	PRO-LPT-93328	5CD9367042	10083	La Union
22440	PRO-LPT-93459	5CD936703R	10083	La Union
22252	PRO-LPT-93456	5CD9366ZHW	10088	La Union
22260	PRO-LPT-81776	5CD9352X7N	10075	La Union
22342	PRO-LPT-93383	5CD9352XFN	10089	La Union
22634	PRO-LPT-81806	5CD93496Z4	10083	La Union
22248	PRO-LPT-82183	5CD93661N2	10075	La Union
22350	PRO-LPT-81977	5CD9352X4F	10083	La Union
22265	PRO-LPT-81828	5CD9349774	10083	La Union
22626	PRO-LPT-93458	5CD9367118	10086	La Union
22635	PRO-LPT-93455	5CD9366ZMP	10090	La Union
23028	PRO-LPT-81885	5CD9352X5W	10083	La Union
22637	PRO-LPT-82267	5CD93661LL	10083	La Union
22360	PRO-LPT-81912	5CD934979M	10083	La Union
23030	PRO-LPT-82052	5CD9352X8X	10083	La Union
23019	PRO-LPT-82219	5CD9352X6Q	10083	La Union
22263	PRO-LPT-93366	5CD934972N	10083	La Union
22356	PRO-LPT-82240	5CD93661K5	10083	La Union
20993	PRO-LPT-92310	5CD93670WZ	10083	La Union
21000	PRO-LPT-93460	5CD936709S	10083	La Union
22639	PRO-LPT-93331	5CD9352XGC	10083	La Union
22354	PRO-LPT-93334	5CD93671BT	10083	La Union
22262	PRO-LPT-93340	5CD93670CH	10083	La Union
22628	PRO-LPT-93341	5CD9367172	10083	La Union
20998	PRO-LPT-93342	5CD936707L	10083	La Union
22347	PRO-LPT-93408	5CD934977C	10083	La Union
22441	PRO-LPT-93462	5CD93555H2	10083	La Union
27370	PRO-LPT-127083	C3KQT93	73300	La Union
27371	PRO-LPT-127080	H4KQT93	73300	La Union
27372	PRO-LPT-127084	391XT93	73300	La Union
22766	PRO-LPT-81820	5CD934976X	10079	La Union
24271	PRO-LPT-81840	5CD934972B	10081	La Union
21002	PRO-LPT-82005	5CD9352XD8	10085	La Union
21003	PRO-LPT-82056	5CD9352X63	73300	La Union
22624	PRO-LPT-82229	5CD93661M1	73300	La Union
20652	PRO-LPT-93332	5CD9352XKL	10083	La Union
22439	PRO-LPT-93464	5CD9352XHS	10087	La Union
20651	PRO-LPT-93343	5CD9352XGL	10083	La Union
20654	PRO-LPT-93338	5CD9367073	10083	La Union
20650	PRO-LPT-93333	5CD936701W	10083	La Union
20024	PRO-LPT-92693	5CD9355597	10351	Laguna
20006	PRO-LPT-92585	5CD9367089	10353	Laguna
20012	PRO-LPT-92669	5CD934978M	10353	Laguna
24020	PRO-LPT-90653	5CD93671JL	73400	Laguna
20025	PRO-LPT-92720	5CD935556J	10351	Laguna
20018	PRO-LPT-91634	5CD93670S3	73400	Laguna
20023	PRO-LPT-92692	5CD93555K8	10351	Laguna
20041	PRO-LPT-93138	5CD9352XKX	73400	Laguna
20020	PRO-LPT-92602	5CD9352XLD	73400	Laguna
20008	PRO-LPT-92725	5CD9349777	73400	Laguna
20003	PRO-LPT-92804	5CD9352XHV	73400	Laguna
20007	PRO-LPT-92627	5CD936702F	73400	Laguna
20013	PRO-LPT-92723	5CD93555HG	73400	Laguna
20361	PRO-LPT-91623	5CD93661PX	73400	Laguna
20368	PRO-LPT-89291	5CD93660KT	73400	Laguna
20367	PRO-LPT-92010	5CD93660JV	73400	Laguna
20364	PRO-LPT-93134	5CD93670K3	73400	Laguna
24373	PRO-LPT-93676	5CD93670PG	73400	Laguna
20624	PRO-LPT-93294	5CD93670QG	73400	Laguna
20021	PRO-LPT-92642	5CD9366ZXB	73400	Laguna
20612	PRO-LPT-90687	5CD93661D3	73400	Laguna
20170	PRO-LPT-93963	5CD9367047	73400	Laguna
21583	PRO-LPT-93945	5CD9352XM1	73400	Laguna
22431	PRO-LPT-91987	5CD93671GC	73400	Laguna
24907	PRO-LPT-94038	5CD9352X8F	73400	Laguna
24908	PRO-LPT-94037	5CD93660XV	73400	Laguna
23381	PRO-LPT-89664	5CD9366Z8J	73400	Laguna
27823	PRO-LPT-127903	7XNPT93	73400	Laguna
23210	PRO-LPT-89972	5CD9366ZHN	73400	Laguna
24030	PRO-LPT-91553	5CD93670JW	73400	Laguna
20633	PRO-LPT-93959	5CD93670T6	73400	Laguna
24038	PRO-LPT-91384	5CD93670T1	73400	Laguna
20360	PRO-LPT-82033	5CD9352X24	73400	Laguna
23203	PRO-LPT-91531	5CD936718K	73400	Laguna
20631	PRO-LPT-93314	5CD94596V0	73400	Laguna
23204	PRO-LPT-91632	5CD936618P	73400	Laguna
23216	PRO-LPT-90728	5CD9367188	73400	Laguna
23207	PRO-LPT-91586	5CD9366ZCT	73400	Laguna
22868	PRO-LPT-93799	5CD936617D	73400	Laguna
24027	PRO-LPT-90344	5CD9352X70	73400	Laguna
20362	PRO-LPT-93762	5CD93670G9	73400	Laguna
23211	PRO-LPT-90297	5CD93661MD	73400	Laguna
24039	PRO-LPT-90192	5CD93660X3	73400	Laguna
22874	PRO-LPT-93533	5CD934979B	73400	Laguna
20369	PRO-LPT-91549	5CD9366ZJC	73400	Laguna
24043	PRO-LPT-91665	5CD9366ZR4	73400	Laguna
24035	PRO-LPT-93747	5CD934970S	73400	Laguna
24551	PRO-LPT-89887	5CD93671HX	73400	Laguna
22381	PRO-LPT-89794	5CD93671D5	73400	Laguna
27718	PRO-LPT-126819	84MPT93	73400	Laguna
27812	PRO-LPT-126768	28RXT93	73400	Laguna
23891	PRO-LPT-91675	5CD936717S	73400	Laguna
21752	PRO-LPT-92571	5CD9366ZTN	73400	Laguna
20040	PRO-LPT-93105	5CD93670LQ	73400	Laguna
20309	PRO-LPT-92551	5CD935554B	73400	Laguna
20002	PRO-LPT-90265	5CD93661BB	73400	Laguna
20039	PRO-LPT-93092	5CD93555FP	73400	Laguna
20019	PRO-LPT-91669	5CD9366ZR1	73400	Laguna
20011	PRO-LPT-92599	5CD9355541	73400	Laguna
22296	PRO-LPT-92210	5CD9366ZJY	73400	Laguna
22404	PRO-LPT-91976	5CD93660V5	73400	Laguna
21571	PRO-LPT-93318	5CD936710G	73400	Laguna
21582	PRO-LPT-93983	5CD9352XCC	73400	Laguna
22399	PRO-LPT-93941	5CD93660LT	73400	Laguna
21574	PRO-LPT-93217	5CD93555G0	73400	Laguna
20603	PRO-LPT-93938	5CD93661K7	73400	Laguna
22728	PRO-LPT-91861	5CD93671D9	73400	Laguna
22980	PRO-LPT-94003	5CD9366ZX6	73400	Laguna
22976	PRO-LPT-93933	5CD9352X3V	73400	Laguna
22978	PRO-LPT-93990	5CD9352XB2	73400	Laguna
23012	PRO-LPT-94025	5CD9352XD4	73400	Laguna
23217	PRO-LPT-91551	5CD9366ZV0	73400	Laguna
23209	PRO-LPT-91656	5CD9367095	73400	Laguna
23365	PRO-LPT-90036	5CD93660Z1	73400	Laguna
22402	PRO-LPT-92189	5CD935553Y	73400	Laguna
23653	PRO-LPT-92656	5CD9355542	73400	Laguna
23990	PRO-LPT-91699	5CD93671D0	73400	Laguna
21226	PRO-LPT-91577	5CD93660W2	73400	Laguna
23640	PRO-LPT-93898	5CD93661J0	73400	Laguna
24211	PRO-LPT-92001	5CD93660ZJ	73400	Laguna
22945	PRO-LPT-93912	5CD93670C9	73400	Laguna
23370	PRO-LPT-90165	5CD93661C8	73400	Laguna
21899	PRO-LPT-90575	5CD9366ZJK	73400	Laguna
21889	PRO-LPT-90538	5CD93671MR	73400	Laguna
23632	PRO-LPT-82193	5CD9352WZN	73400	Laguna
23772	PRO-LPT-90777	5CD93555KC	73400	Laguna
27725	PRO-LPT-126769	43HQT93	73400	Laguna
23874	PRO-LPT-82035	5CD9352X7K	73400	Laguna
23879	PRO-LPT-93431	5CD9352WYJ	73400	Laguna
23960	PRO-LPT-93926	5CD93670KT	73400	Laguna
23011	PRO-LPT-93960	5CD93660T2	73400	Laguna
24021	PRO-LPT-90193	5CD93660WS	73400	Laguna
24023	PRO-LPT-90666	5CD935557N	73400	Laguna
24024	PRO-LPT-91610	5CD9366ZRS	73400	Laguna
24029	PRO-LPT-82016	5CD9352XBB	73400	Laguna
24031	PRO-LPT-82175	5CD9366173	73400	Laguna
24028	PRO-LPT-89246	5CD93661M8	73400	Laguna
24036	PRO-LPT-90528	5CD93660M2	73400	Laguna
24046	PRO-LPT-91606	5CD9366ZT7	73400	Laguna
23790	PRO-LPT-92168	5CD93660TL	73400	Laguna
23900	PRO-LPT-92311	5CD93670DN	73400	Laguna
23831	PRO-LPT-92307	5CD936709M	73400	Laguna
23789	PRO-LPT-92360	5CD93670XG	73400	Laguna
22315	PRO-LPT-92203	5CD935555R	73400	Laguna
23698	PRO-LPT-91917	5CD93670LZ	73400	Laguna
22676	PRO-LPT-92084	5CD93670H4	73400	Laguna
23770	PRO-LPT-92339	5CD9366ZW8	73400	Laguna
22716	PRO-LPT-91873	5CD9366ZR5	73400	Laguna
22719	PRO-LPT-92277	5CD9352XG7	73400	Laguna
22412	PRO-LPT-91788	5CD9366ZBZ	73400	Laguna
25369	PRO-LPT-126756	820XT93	73400	Laguna
25370	PRO-LPT-126803	BDMXT93	73400	Laguna
25402	PRO-LPT-126804	9BMXT93	73400	Laguna
25380	PRO-LPT-126821	7XNPT93	73400	Laguna
25374	PRO-LPT-126758	50ZWT93	73400	Laguna
25414	PRO-LPT-126762	19HQT93	73400	Laguna
25388	PRO-LPT-126766	7BRXT93	73400	Laguna
25410	PRO-LPT-126810	4DPPT93	73400	Laguna
25404	PRO-LPT-126779	J3KQT93	73400	Laguna
25378	PRO-LPT-126790	2BZWT93	73400	Laguna
25379	PRO-LPT-126776	191XT93	73400	Laguna
25381	PRO-LPT-126778	73KQT93	73400	Laguna
25419	PRO-LPT-126757	9ZYWT93	73400	Laguna
25383	PRO-LPT-126772	CC1XT93	73400	Laguna
25394	PRO-LPT-126805	1K1XT93	73400	Laguna
25398	PRO-LPT-126808	BCMXT93	73400	Laguna
25417	PRO-LPT-126759	93HQT93	73400	Laguna
25403	PRO-LPT-126817	6CMXT93	73400	Laguna
25393	PRO-LPT-126816	FB1XT93	73400	Laguna
25399	PRO-LPT-126771	F3HQT93	73400	Laguna
25406	PRO-LPT-126783	FTLPT93	73400	Laguna
25420	PRO-LPT-126782	H3KQT93	73400	Laguna
24687	PRO-LPT-81793	5CD934972Y	73400	Laguna
24973	PRO-LPT-81796	5CD934972P	73400	Laguna
24374	PRO-LPT-81807	5CD93496ZR	73400	Laguna
20140	PRO-LPT-93116	5CD9352X25	73400	Laguna
22869	PRO-LPT-81903	5CD9352X38	73400	Laguna
27398	PRO-LPT-126786	56KQT93	73400	Laguna
23229	PRO-LPT-81914	5CD9349716	73400	Laguna
24365	PRO-LPT-81916	5CD934973T	73400	Laguna
22870	PRO-LPT-81917	5CD934975L	73400	Laguna
27396	PRO-LPT-126765	C5KQT93	73400	Laguna
24041	PRO-LPT-81933	5CD9349709	73400	Laguna
24025	PRO-LPT-81939	5CD9352X71	73400	Laguna
20841	PRO-LPT-81946	5CD9352XLF	73400	Laguna
23202	PRO-LPT-81960	5CD9352X3H	73400	Laguna
24452	PRO-LPT-81961	5CD9352X1S	73400	Laguna
27717	PRO-LPT-126827	23YWT93	73400	Laguna
27723	PRO-LPT-126824	4CMXT93	73400	Laguna
25396	PRO-LPT-126801	8J1XT93	73400	Laguna
27709	PRO-LPT-126823	4V1XT93	73400	Laguna
25405	PRO-LPT-126809	J6PPT93	73400	Laguna
27391	PRO-LPT-126792	420XT93	73400	Laguna
27728	PRO-LPT-126829	B81XT93	73400	Laguna
25389	PRO-LPT-126761	4CHQT93	73400	Laguna
27389	PRO-LPT-126794	GCPPT93	73400	Laguna
25384	PRO-LPT-126788	8BZWT93	73400	Laguna
25391	PRO-LPT-126818	9ZPPT93	73400	Laguna
27705	PRO-LPT-126797	JSHPT93	73400	Laguna
25390	PRO-LPT-126770	85KQT93	73400	Laguna
25376	PRO-LPT-126764	46KQT93	73400	Laguna
25382	PRO-LPT-126799	41ZWT93	73400	Laguna
25415	PRO-LPT-126781	5WLPT93	73400	Laguna
25407	PRO-LPT-126815	22ZWT93	73400	Laguna
25373	PRO-LPT-126775	GBMXT93	73400	Laguna
27733	PRO-LPT-126795	7MLPT93	73400	Laguna
27700	PRO-LPT-126800	G81XT93	73400	Laguna
25387	PRO-LPT-126767	J6RXT93	73400	Laguna
27395	PRO-LPT-126806	JBMXT93	73400	Laguna
25375	PRO-LPT-126785	F5KQT93	73400	Laguna
25377	PRO-LPT-126780	8C1XT93	73400	Laguna
27702	PRO-LPT-126825	G2YWT93	73400	Laguna
25418	PRO-LPT-126812	53HQT93	73400	Laguna
25409	PRO-LPT-126807	HCMXT93	73400	Laguna
25392	PRO-LPT-126793	530XT93	73400	Laguna
27394	PRO-LPT-126789	21ZWT93	73400	Laguna
25386	PRO-LPT-126774	2CMXT93	73400	Laguna
25408	PRO-LPT-126820	740XT93	73400	Laguna
25401	PRO-LPT-126787	B3KQT93	73400	Laguna
25411	PRO-LPT-126777	6V1XT93	73400	Laguna
27720	PRO-LPT-126798	5THPT93	73400	Laguna
25395	PRO-LPT-126784	65KQT93	73400	Laguna
25416	PRO-LPT-126763	73HQT93	73400	Laguna
27397	PRO-LPT-126791	D30XT93	73400	Laguna
27704	PRO-LPT-126828	HBMXT93	73400	Laguna
27662	PRO-LPT-126832	93MPT93	73400	Laguna
25371	PRO-LPT-126773	24KQT93	73400	Laguna
25372	PRO-LPT-126760	51HQT93	73400	Laguna
25385	PRO-LPT-126802	31HQT93	73400	Laguna
25412	PRO-LPT-126796	JZYWT93	73400	Laguna
27703	PRO-LPT-126830	7LGPT93	73400	Laguna
25397	PRO-LPT-126813	2V1XT93	73400	Laguna
25413	PRO-LPT-126811	61HQT93	73400	Laguna
27697	PRO-LPT-126826	7C1XT93	73400	Laguna
27699	PRO-LPT-126831	33MPT93	73400	Laguna
27653	PRO-LPT-126822	240XT93	73400	Laguna
24898	PRO-LPT-82003	5CD9352X9G	73400	Laguna
25400	PRO-LPT-126814	9DMXT93	73400	Laguna
23214	PRO-LPT-82024	5CD9352X67	73400	Laguna
22875	PRO-LPT-82036	5CD9352XB8	73400	Laguna
20365	PRO-LPT-82087	5CD9352X79	73400	Laguna
20363	PRO-LPT-82100	5CD9352X3F	73400	Laguna
23206	PRO-LPT-82258	5CD936615V	73400	Laguna
23378	PRO-LPT-82274	5CD93661MY	73400	Laguna
23368	PRO-LPT-82288	5CD936619X	73400	Laguna
23954	PRO-LPT-89086	5CD93660SB	73400	Laguna
24791	PRO-LPT-89150	5CD93670PF	73400	Laguna
24647	PRO-LPT-89162	5CD93660R4	73400	Laguna
23804	PRO-LPT-89163	5CD93555JD	73400	Laguna
24376	PRO-LPT-89485	5CD93671K6	73400	Laguna
23883	PRO-LPT-89501	5CD936701S	73400	Laguna
23799	PRO-LPT-89774	5CD9366Z9X	73400	Laguna
24776	PRO-LPT-89961	5CD93670JS	73400	Laguna
24044	PRO-LPT-90096	5CD93661KT	73400	Laguna
21224	PRO-LPT-90187	5CD93660ZL	73400	Laguna
24193	PRO-LPT-90677	5CD936714C	73400	Laguna
20077	PRO-LPT-90274	5CD935557L	73400	Laguna
20004	PRO-LPT-90494	5CD9367196	73400	Laguna
24047	PRO-LPT-91563	5CD93670Q9	73400	Laguna
24862	PRO-LPT-91605	5CD9366ZQL	73400	Laguna
23215	PRO-LPT-91556	5CD93670KZ	73400	Laguna
24034	PRO-LPT-91589	5CD9366ZQ0	73400	Laguna
24040	PRO-LPT-91596	5CD93671B0	73400	Laguna
20105	PRO-LPT-91660	5CD9366ZKP	73400	Laguna
22778	PRO-LPT-92212	5CD9366ZRZ	73400	Laguna
20026	PRO-LPT-92722	5CD93555HH	10351	Laguna
20022	PRO-LPT-92670	5CD93555J7	73400	Laguna
20027	PRO-LPT-92724	5CD93555GP	10351	Laguna
22987	PRO-LPT-93301	5CD93670XZ	73400	Laguna
20028	PRO-LPT-92726	5CD934972S	10351	Laguna
20637	PRO-LPT-93262	5CD93661JV	73400	Laguna
23312	PRO-LPT-93059	5CD93496ZP	73400	Laguna
20594	PRO-LPT-93249	5CD93661RM	73400	Laguna
21591	PRO-LPT-93975	5CD93660VT	73400	Laguna
22979	PRO-LPT-93961	5CD93660TW	73400	Laguna
20597	PRO-LPT-93971	5CD93670GK	73400	Laguna
20217	PRO-LPT-92914	5CD93660PX	73500	Lanao Del Norte
21809	PRO-LPT-90755	5CD9366ZDJ	73500	Lanao Del Norte
20322	PRO-LPT-91707	5CD93671D1	73500	Lanao Del Norte
20334	PRO-LPT-91909	5CD9366ZQZ	73500	Lanao Del Norte
26726	PRO-LPT-125244	23MPT93	73500	Lanao Del Norte
26727	PRO-LPT-125275	2MLPT93	73500	Lanao Del Norte
26728	PRO-LPT-125298	H3NPT93	73500	Lanao Del Norte
26729	PRO-LPT-125276	26SPT93	73500	Lanao Del Norte
26743	PRO-LPT-125282	44LPT93	73500	Lanao Del Norte
26730	PRO-LPT-125300	59KPT93	73500	Lanao Del Norte
26731	PRO-LPT-125279	HLLPT93	73500	Lanao Del Norte
26732	PRO-LPT-125274	1LLPT93	73500	Lanao Del Norte
26733	PRO-LPT-125262	7SLQT93	73500	Lanao Del Norte
26734	PRO-LPT-125259	3DPPT93	73500	Lanao Del Norte
26735	PRO-LPT-125269	8BPPT93	73500	Lanao Del Norte
26736	PRO-LPT-125236	68KPT93	73500	Lanao Del Norte
26737	PRO-LPT-125252	GLLPT93	73500	Lanao Del Norte
26739	PRO-LPT-125268	DMGPT93	73500	Lanao Del Norte
26740	PRO-LPT-125302	CSRPT93	73500	Lanao Del Norte
26741	PRO-LPT-125273	F6SPT93	73500	Lanao Del Norte
26742	PRO-LPT-125237	6CHPT93	73500	Lanao Del Norte
26744	PRO-LPT-125289	DMLPT93	73500	Lanao Del Norte
26746	PRO-LPT-125232	C9KQT93	73500	Lanao Del Norte
26747	PRO-LPT-125251	DVJPT93	73500	Lanao Del Norte
26748	PRO-LPT-125283	CKLPT93	73500	Lanao Del Norte
26750	PRO-LPT-125294	46SPT93	73500	Lanao Del Norte
26754	PRO-LPT-125281	H2MPT93	73500	Lanao Del Norte
26751	PRO-LPT-125250	H7SPT93	73500	Lanao Del Norte
26752	PRO-LPT-125240	28SPT93	73500	Lanao Del Norte
26753	PRO-LPT-125301	GMLPT93	73500	Lanao Del Norte
26755	PRO-LPT-125241	C8SPT93	73500	Lanao Del Norte
26756	PRO-LPT-125245	66SPT93	73500	Lanao Del Norte
26757	PRO-LPT-125292	17SPT93	73500	Lanao Del Norte
26758	PRO-LPT-125295	F4LPT93	73500	Lanao Del Norte
26759	PRO-LPT-125285	CPLQT93	73500	Lanao Del Norte
26761	PRO-LPT-125287	D2MPT93	73500	Lanao Del Norte
26760	PRO-LPT-125231	B8MPT93	73500	Lanao Del Norte
26774	PRO-LPT-125266	88SPT93	73500	Lanao Del Norte
26762	PRO-LPT-125265	5KLPT93	73500	Lanao Del Norte
26775	PRO-LPT-125263	F7SPT93	73500	Lanao Del Norte
26763	PRO-LPT-125270	FMLPT93	73500	Lanao Del Norte
26764	PRO-LPT-125243	19SPT93	73500	Lanao Del Norte
21964	PRO-LPT-91734	5CD936619K	73504	Lanao Del Norte
26765	PRO-LPT-125284	36SPT93	73500	Lanao Del Norte
26766	PRO-LPT-125233	19PPT93	73500	Lanao Del Norte
26767	PRO-LPT-125278	GJLPT93	73500	Lanao Del Norte
26768	PRO-LPT-125253	1MLPT93	73500	Lanao Del Norte
26769	PRO-LPT-125258	CRLQT93	73500	Lanao Del Norte
26770	PRO-LPT-125286	16SPT93	73500	Lanao Del Norte
26771	PRO-LPT-125297	BQLQT93	73500	Lanao Del Norte
26772	PRO-LPT-125264	86SPT93	73500	Lanao Del Norte
26773	PRO-LPT-125246	38SPT93	73500	Lanao Del Norte
26776	PRO-LPT-125255	G8SPT93	73500	Lanao Del Norte
26777	PRO-LPT-125291	1RPPT93	73500	Lanao Del Norte
21242	PRO-LPT-91885	5CD9366ZXL	73500	Lanao Del Norte
26778	PRO-LPT-125290	18SPT93	73500	Lanao Del Norte
26779	PRO-LPT-125293	HJLPT93	73500	Lanao Del Norte
26780	PRO-LPT-125272	CMLPT93	73500	Lanao Del Norte
26781	PRO-LPT-125296	54NPT93	73500	Lanao Del Norte
26782	PRO-LPT-125254	H2KQT93	73500	Lanao Del Norte
26783	PRO-LPT-125280	4WJPT93	73500	Lanao Del Norte
26784	PRO-LPT-125288	C7SPT93	73500	Lanao Del Norte
26785	PRO-LPT-125234	D9KPT93	73500	Lanao Del Norte
26787	PRO-LPT-125261	DPLQT93	73500	Lanao Del Norte
26786	PRO-LPT-125239	63LPT93	73500	Lanao Del Norte
26788	PRO-LPT-125277	6MLPT93	73500	Lanao Del Norte
26789	PRO-LPT-125235	JBKQT93	73500	Lanao Del Norte
26790	PRO-LPT-125299	5LGPT93	73500	Lanao Del Norte
26792	PRO-LPT-125260	BLLPT93	73500	Lanao Del Norte
26793	PRO-LPT-125267	D2NPT93	73500	Lanao Del Norte
26795	PRO-LPT-125256	27SPT93	73500	Lanao Del Norte
26797	PRO-LPT-125271	JQLQT93	73500	Lanao Del Norte
21077	PRO-LPT-93835	5CD93555D1	73500	Lanao Del Norte
21925	PRO-LPT-91740	5CD93671Q7	73500	Lanao Del Norte
21948	PRO-LPT-91750	5CD936708D	73500	Lanao Del Norte
21975	PRO-LPT-91743	5CD9366ZWV	73509	Lanao Del Norte
21995	PRO-LPT-91754	5CD9366ZJR	73500	Lanao Del Norte
26794	PRO-LPT-125242	54MPT93	73500	Lanao Del Norte
26791	PRO-LPT-125238	1CKQT93	73500	Lanao Del Norte
26796	PRO-LPT-125248	CFQPT93	73500	Lanao Del Norte
26738	PRO-LPT-125247	5XJPT93	73500	Lanao Del Norte
26745	PRO-LPT-125249	77SPT93	73500	Lanao Del Norte
21920	PRO-LPT-91755	5CD93670NQ	73500	Lanao Del Norte
20221	PRO-LPT-92540	5CD935553W	73500	Lanao Del Norte
21946	PRO-LPT-91762	5CD9366ZDC	73524	Lanao Del Norte
21962	PRO-LPT-91765	5CD9366ZCP	73500	Lanao Del Norte
21249	PRO-LPT-92112	5CD936711T	73500	Lanao Del Norte
21923	PRO-LPT-91733	5CD9366ZQG	73505	Lanao Del Norte
20332	PRO-LPT-91978	5CD93671B2	73505	Lanao Del Norte
21935	PRO-LPT-91737	5CD9366ZX5	73509	Lanao Del Norte
20328	PRO-LPT-91738	5CD93670NN	73504	Lanao Del Norte
21094	PRO-LPT-93890	5CD93660KK	73504	Lanao Del Norte
21245	PRO-LPT-91901	5CD93670B1	73524	Lanao Del Norte
21802	PRO-LPT-90255	5CD9366185	73500	Lanao Del Norte
21825	PRO-LPT-90452	5CD935553C	73500	Lanao Del Norte
22327	PRO-LPT-92923	5CD93670C6	73500	Lanao Del Norte
21783	PRO-LPT-90309	5CD9355573	73500	Lanao Del Norte
21782	PRO-LPT-90681	5CD93671MM	73500	Lanao Del Norte
20353	PRO-LPT-93824	5CD9366107	73500	Lanao Del Norte
22320	PRO-LPT-90556	5CD9366ZZ3	73500	Lanao Del Norte
22341	PRO-LPT-90898	5CD9366ZGH	73500	Lanao Del Norte
21828	PRO-LPT-92889	5CD93661PK	73500	Lanao Del Norte
21821	PRO-LPT-90136	5CD9366153	73500	Lanao Del Norte
22336	PRO-LPT-90571	5CD9367142	73500	Lanao Del Norte
21809	PRO-LPT-90755	5CD9366ZDJ	73500	Lanao Del Norte
21775	PRO-LPT-90814	5CD93671B6	73500	Lanao Del Norte
21955	PRO-LPT-91886	5CD93670NH	73500	Lanao Del Norte
21797	PRO-LPT-92625	5CD93671N0	73500	Lanao Del Norte
23987	PRO-LPT-90005	5CD93671HQ	73500	Lanao Del Norte
21765	PRO-LPT-90335	5CD9352X00	73500	Lanao Del Norte
21787	PRO-LPT-90186	5CD93661CO	73500	Lanao Del Norte
21835	PRO-LPT-90222	5CD9355574	73500	Lanao Del Norte
22330	PRO-LPT-90760	5CD9352XB0	73500	Lanao Del Norte
21784	PRO-LPT-90573	5CD93660XG	73500	Lanao Del Norte
21965	PRO-LPT-91747	5CD93660LB	73500	Lanao Del Norte
24815	PRO-LPT-91729	5CD93671M7	73500	Lanao Del Norte
21937	PRO-LPT-91742	5CD93661HX	73500	Lanao Del Norte
22011	PRO-LPT-91913	5CD93679P7	73500	Lanao Del Norte
20326	PRO-LPT-91924	5CD9366ZDY	73500	Lanao Del Norte
20259	PRO-LPT-92427	5CD93670CJ	73500	Lanao Del Norte
21942	PRO-LPT-91903	5CD93671BC	73600	Lanao Del Sur
20229	PRO-LPT-92589	5CD93661S5	73600	Lanao Del Sur
22022	PRO-LPT-91728	5CD936704B	73600	Lanao Del Sur
21958	PRO-LPT-92214	5CD9366ZH8	73600	Lanao Del Sur
21921	PRO-LPT-91916	5CD93670N9	73600	Lanao Del Sur
21143	PRO-LPT-91722	5CD93670MD	73600	Lanao Del Sur
21999	PRO-LPT-91821	5CD936611S	73600	Lanao Del Sur
26338	PRO-LPT-126193	4TKXT93	73600	Lanao Del Sur
27481	PRO-LPT-126221	5BHQT93	73600	Lanao Del Sur
27466	PRO-LPT-126199	9KKXT93	73600	Lanao Del Sur
27488	PRO-LPT-126237	7XGQT93	73600	Lanao Del Sur
26307	PRO-LPT-126225	58SPT93	73600	Lanao Del Sur
22188	PRO-LPT-92022	5CD93670JK	73600	Lanao Del Sur
27470	PRO-LPT-126271	6CRXT93	73600	Lanao Del Sur
26273	PRO-LPT-126287	BHKXT93	73600	Lanao Del Sur
26309	PRO-LPT-126265	3WKXT93	73600	Lanao Del Sur
27460	PRO-LPT-126190	7WKXT93	73600	Lanao Del Sur
25891	PRO-LPT-126336	HJQPT93	73600	Lanao Del Sur
24481	PRO-LPT-91817	5CD93670J0	73600	Lanao Del Sur
27670	PRO-LPT-126239	HCZWT93	73600	Lanao Del Sur
26283	PRO-LPT-126272	7DRXT93	73600	Lanao Del Sur
22177	PRO-LPT-93867	5CD934974C	73600	Lanao Del Sur
27644	PRO-LPT-94075	5CD9366ZK9	73600	Lanao Del Sur
27668	PRO-LPT-126212	8JKXT93	73600	Lanao Del Sur
22205	PRO-LPT-93821	5CD93660J8	73600	Lanao Del Sur
27672	PRO-LPT-126219	6WKXT93	73600	Lanao Del Sur
22200	PRO-LPT-93819	5CD934973F	73600	Lanao Del Sur
22191	PRO-LPT-93820	5CD93670JZ	73600	Lanao Del Sur
23299	PRO-LPT-93887	5CD93660HW	73600	Lanao Del Sur
23283	PRO-LPT-92125	5CD93660YL	73600	Lanao Del Sur
22196	PRO-LPT-93815	5CD93660HP	73600	Lanao Del Sur
27483	PRO-LPT-126200	3KKXT93	73600	Lanao Del Sur
27479	PRO-LPT-126207	BWKXT93	73600	Lanao Del Sur
23275	PRO-LPT-93809	5CD934974G	73600	Lanao Del Sur
23264	PRO-LPT-93854	5CD93660KD	73600	Lanao Del Sur
23278	PRO-LPT-93780	5CD934977Q	73600	Lanao Del Sur
23271	PRO-LPT-93852	5CD93660N9	73600	Lanao Del Sur
23295	PRO-LPT-93850	5CD936707T	73600	Lanao Del Sur
26599	PRO-LPT-126186	3VKXT93	73600	Lanao Del Sur
26604	PRO-LPT-126205	5VKXT93	73600	Lanao Del Sur
26292	PRO-LPT-126218	BKLPT93	73600	Lanao Del Sur
27742	PRO-LPT-126233	CCZWT93	73600	Lanao Del Sur
26341	PRO-LPT-126191	5JKXT93	73600	Lanao Del Sur
26196	PRO-LPT-126187	4KKXT93	73600	Lanao Del Sur
26605	PRO-LPT-126236	7KQPT93	73600	Lanao Del Sur
27667	PRO-LPT-126251	GDRXT93	73600	Lanao Del Sur
27671	PRO-LPT-126235	B9ZWT93	73600	Lanao Del Sur
27457	PRO-LPT-126246	3KQPT93	73600	Lanao Del Sur
27458	PRO-LPT-126229	4DZWT93	73600	Lanao Del Sur
21943	PRO-LPT-91716	5CD93670HJ	73600	Lanao Del Sur
27459	PRO-LPT-126243	20HQT93	73600	Lanao Del Sur
26287	PRO-LPT-126279	D9HQT93	73600	Lanao Del Sur
26081	PRO-LPT-126295	C9ZWT93	73600	Lanao Del Sur
26102	PRO-LPT-126332	JXGQT93	73600	Lanao Del Sur
26077	PRO-LPT-126353	BW1XT93	73600	Lanao Del Sur
26097	PRO-LPT-126374	G0QPT93	73600	Lanao Del Sur
27462	PRO-LPT-126248	CVKXT93	73600	Lanao Del Sur
27465	PRO-LPT-126220	59YWT93	73600	Lanao Del Sur
25918	PRO-LPT-126291	JBHQT93	73600	Lanao Del Sur
25904	PRO-LPT-126315	G30XT93	73600	Lanao Del Sur
25894	PRO-LPT-126345	HZGQT93	73600	Lanao Del Sur
26062	PRO-LPT-126389	1VLPT93	73600	Lanao Del Sur
26091	PRO-LPT-126390	3YXWT93	73600	Lanao Del Sur
27467	PRO-LPT-126188	FTKXT93	73600	Lanao Del Sur
26076	PRO-LPT-126327	J1KQT93	73600	Lanao Del Sur
27469	PRO-LPT-126268	52YWT93	73600	Lanao Del Sur
27472	PRO-LPT-126252	8Y51V93	73600	Lanao Del Sur
27473	PRO-LPT-126227	FKLPT93	73600	Lanao Del Sur
27669	PRO-LPT-126253	7HKXT93	73600	Lanao Del Sur
27478	PRO-LPT-126240	GCZWT93	73600	Lanao Del Sur
27485	PRO-LPT-126202	6JKXT93	73600	Lanao Del Sur
27480	PRO-LPT-126204	DKLPT93	73600	Lanao Del Sur
27482	PRO-LPT-126197	DB1XT93	73600	Lanao Del Sur
27484	PRO-LPT-126226	53YWT93	73600	Lanao Del Sur
27486	PRO-LPT-126198	9CHQT93	73600	Lanao Del Sur
27461	PRO-LPT-126203	5B1XT93	73600	Lanao Del Sur
27463	PRO-LPT-126284	5CHQT93	73600	Lanao Del Sur
27487	PRO-LPT-126222	7TKXT93	73600	Lanao Del Sur
26054	PRO-LPT-126370	8W51V93	73600	Lanao Del Sur
26079	PRO-LPT-126373	8DRXT93	73600	Lanao Del Sur
26118	PRO-LPT-126369	FDRXT93	73600	Lanao Del Sur
26199	PRO-LPT-126255	FCRXT93	73600	Lanao Del Sur
26201	PRO-LPT-126244	CXGQT93	73600	Lanao Del Sur
26203	PRO-LPT-126249	1VKXT93	73600	Lanao Del Sur
26274	PRO-LPT-126281	7XMPT93	73600	Lanao Del Sur
26276	PRO-LPT-126286	4RPPT93	73600	Lanao Del Sur
26279	PRO-LPT-126270	CJKXT93	73600	Lanao Del Sur
26280	PRO-LPT-126256	7HQPT93	73600	Lanao Del Sur
26282	PRO-LPT-126192	HVKXT93	73600	Lanao Del Sur
26290	PRO-LPT-126208	1YMPT93	73600	Lanao Del Sur
26278	PRO-LPT-126274	J9RXT93	73600	Lanao Del Sur
26284	PRO-LPT-126283	8CRXT93	73600	Lanao Del Sur
26285	PRO-LPT-126232	BKQPT93	73600	Lanao Del Sur
26289	PRO-LPT-126206	FKKXT93	73600	Lanao Del Sur
26286	PRO-LPT-126285	DJKXT93	73600	Lanao Del Sur
26291	PRO-LPT-126238	BCZWT93	73600	Lanao Del Sur
26306	PRO-LPT-126264	4Y51V93	73600	Lanao Del Sur
26308	PRO-LPT-126210	1WKXT93	73600	Lanao Del Sur
26314	PRO-LPT-126263	HBRXT93	73600	Lanao Del Sur
26315	PRO-LPT-126254	JY51V93	73600	Lanao Del Sur
26340	PRO-LPT-126258	1YGQT93	73600	Lanao Del Sur
26343	PRO-LPT-126196	GBHQT93	73600	Lanao Del Sur
26344	PRO-LPT-126267	J81XT93	73600	Lanao Del Sur
26347	PRO-LPT-126261	DDRXT93	73600	Lanao Del Sur
26345	PRO-LPT-126195	1XKXT93	73600	Lanao Del Sur
26346	PRO-LPT-126209	D7SPT93	73600	Lanao Del Sur
26592	PRO-LPT-126214	HHKXT93	73600	Lanao Del Sur
26594	PRO-LPT-126211	7JKXT93	73600	Lanao Del Sur
26595	PRO-LPT-126213	H91XT93	73600	Lanao Del Sur
26596	PRO-LPT-126247	CTKXT93	73600	Lanao Del Sur
26597	PRO-LPT-126242	DZGQT93	73600	Lanao Del Sur
26602	PRO-LPT-126231	8JQPT93	73600	Lanao Del Sur
26598	PRO-LPT-126250	BDRXT93	73600	Lanao Del Sur
26601	PRO-LPT-126215	8VKXT93	73600	Lanao Del Sur
26603	PRO-LPT-126217	3JKXT93	73600	Lanao Del Sur
20352	PRO-LPT-81779		73600	Lanao Del Sur
23294	PRO-LPT-93880	5CD93670MX	73600	Lanao Del Sur
22178	PRO-LPT-93844	5CD934977M	73600	Lanao Del Sur
23262	PRO-LPT-93843	5CD93660R6	73600	Lanao Del Sur
23592	PRO-LPT-92099	5CD93671HP	73700	Leyte
23612	PRO-LPT-92191	5CD93671K9	73700	Leyte
23358	PRO-LPT-82211	5CD9352X61	73700	Leyte
23359	PRO-LPT-82251	5CD936613Y	73700	Leyte
23596	PRO-LPT-92548	5CD935552Q	73700	Leyte
23611	PRO-LPT-92169	5CD9366Z7M	73700	Leyte
22145	PRO-LPT-82243	5CD936614J	73700	Leyte
23610	PRO-LPT-92527	5CD9355551	73700	Leyte
23617	PRO-LPT-92510	5CD936705F	73700	Leyte
20531	PRO-LPT-93027	5CD9366ZWW	10685	Leyte
20534	PRO-LPT-91664	5CD93670SJ	10685	Leyte
24383	PRO-LPT-89619	5CD936717H	10038	Leyte
20909	PRO-LPT-82313	5CD93661LP	10685	Leyte
20914	PRO-LPT-89660	5CD93660NW	10704	Leyte
21070	PRO-LPT-82290	5CD93661DJ	10679	Leyte
21227	PRO-LPT-82192	5CD93661M2	73700	Leyte
21230	PRO-LPT-91872	5CD9366ZT3	10690	Leyte
21225	PRO-LPT-92201	5CD93555H4	10682	Leyte
21236	PRO-LPT-89808	5CD9367013	73700	Leyte
22148	PRO-LPT-92370	5CD93670B5	10681	Leyte
22146	PRO-LPT-91679	5CD93671LM	10681	Leyte
23357	PRO-LPT-91630	5CD93670N0	10685	Leyte
23602	PRO-LPT-91641	5CD93670JL	73700	Leyte
21061	PRO-LPT-91643	5CD93670T5	73700	Leyte
22150	PRO-LPT-89718	5CD93660VV	73700	Leyte
20530	PRO-LPT-89797	5CD9366Z8Y	73700	Leyte
23321	PRO-LPT-91582	5CD9366ZN6	73700	Leyte
23608	PRO-LPT-91694	5CD93670P2	73700	Leyte
24682	PRO-LPT-90894	5CD93670FR	73700	Leyte
23604	PRO-LPT-92058	5CD9366ZLD	73700	Leyte
23353	PRO-LPT-82206	5CD9352XHM	73700	Leyte
22948	PRO-LPT-92760	5CD9366ZVX	73700	Leyte
22946	PRO-LPT-93015	5CD93555D4	73700	Leyte
23591	PRO-LPT-91824	5CD936719Z	10683	Leyte
21071	PRO-LPT-91761	5CD9366Z94	73700	Leyte
21068	PRO-LPT-92216	5CD935559N	73700	Leyte
21234	PRO-LPT-92076	5CD93670YR	73700	Leyte
22944	PRO-LPT-92639	5CD9367078	73700	Leyte
23307	PRO-LPT-92515	5CD936712V	10678	Leyte
23314	PRO-LPT-91597	5CD93670GZ	10675	Leyte
23333	PRO-LPT-91615	5CD936716G	10678	Leyte
23327	PRO-LPT-92690	5CD936705C	10688	Leyte
23332	PRO-LPT-92649	5CD9352XLN	10688	Leyte
23345	PRO-LPT-82293	5CD93661F3	10707	Leyte
23350	PRO-LPT-89706	5CD9366ZXJ	73700	Leyte
23364	PRO-LPT-89638	5CD9366ZBR	10689	Leyte
23362	PRO-LPT-82249	5CD936617C	10693	Leyte
23379	PRO-LPT-89661	5CD93660MC	73700	Leyte
23376	PRO-LPT-91555	5CD9366ZRF	10705	Leyte
23380	PRO-LPT-91631	5CD9366ZRY	10707	Leyte
23588	PRO-LPT-91723	5CD93671QH	10703	Leyte
23586	PRO-LPT-91764	5CD93671LK	10702	Leyte
23590	PRO-LPT-91799	5CD93670SW	10702	Leyte
23598	PRO-LPT-91942	5CD93670NL	10683	Leyte
23614	PRO-LPT-91811	5CD9366ZX4	10683	Leyte
23603	PRO-LPT-91685	5CD9366ZV9	10674	Leyte
23601	PRO-LPT-91806	5CD93671F3	10683	Leyte
23621	PRO-LPT-91692	5CD9366ZZP	10674	Leyte
23618	PRO-LPT-91697	5CD93670NS	73700	Leyte
23639	PRO-LPT-93062	5CD93496YY	10685	Leyte
23645	PRO-LPT-93860	5CD9352XKR	10685	Leyte
24003	PRO-LPT-89915	5CD935554J	10704	Leyte
24001	PRO-LPT-91635	5CD93670RB	73700	Leyte
24216	PRO-LPT-92855	5CD93660TG	10038	Leyte
24222	PRO-LPT-93910	5CD9352X5G	10038	Leyte
24686	PRO-LPT-81784	5CD9352XB7	73700	Leyte
21237	PRO-LPT-91579	5CD93671MQ	73700	Leyte
23330	PRO-LPT-90039	5CD93661S9	73700	Leyte
24220	PRO-LPT-92979	5CD934979K	73700	Leyte
24684	PRO-LPT-92067	5CD93670LB	73700	Leyte
22143	PRO-LPT-92511	5CD935552B	73700	Leyte
23627	PRO-LPT-93911	5CD936706S	73700	Leyte
24685	PRO-LPT-91565	5CD93670RX	73700	Leyte
23367	PRO-LPT-82281	5CD93661C9	73700	Leyte
23371	PRO-LPT-82207	5CD9352X0Z	10680	Leyte
23322	PRO-LPT-82279	5CD93661M6	10698	Leyte
23994	PRO-LPT-82216	5CD9352WZP	10679	Leyte
23360	PRO-LPT-82220	5CD936619P	10693	Leyte
23993	PRO-LPT-82311	5CD93660VM	73700	Leyte
23347	PRO-LPT-82196	5CD93661HY	73700	Leyte
23344	PRO-LPT-82286	5CD93661CS	73700	Leyte
23361	PRO-LPT-82299	5CD93661JX	73700	Leyte
23329	PRO-LPT-82314	5CD93661M2	10701	Leyte
23375	PRO-LPT-89734	5CD93671G9	73700	Leyte
23319	PRO-LPT-89858	5CD9366Z8P	10701	Leyte
23943	PRO-LPT-90002	5CD934973K	10689	Leyte
23635	PRO-LPT-91695	5CD93671CY	10690	Leyte
20533	PRO-LPT-91637	5CD93671MC	73700	Leyte
23587	PRO-LPT-91823	5CD93671FT	10683	Leyte
24217	PRO-LPT-92237	5CD9366ZXP	73700	Leyte
24212	PRO-LPT-92869	5CD9352XG5	73700	Leyte
23644	PRO-LPT-93894	5CD93670GL	73700	Leyte
22135	PRO-LPT-93190	5CD9367137	73800	Maguindanao
23428	PRO-LPT-89930	5CD9366ZCZ	73800	Maguindanao
20796	PRO-LPT-93426	5CD936610W	73800	Maguindanao
20824	PRO-LPT-93422	5CD9352XKP	73800	Maguindanao
24459	PRO-LPT-93516	5CD936713Q	73800	Maguindanao
20799	PRO-LPT-93309	5CD93671L2	73800	Maguindanao
21256	PRO-LPT-89726	5CD93660VD	73800	Maguindanao
23432	PRO-LPT-89631	5CD9366Z93	73800	Maguindanao
21264	PRO-LPT-89454	5CD9366100	73800	Maguindanao
23068	PRO-LPT-93205	5CD936712H	73800	Maguindanao
23045	PRO-LPT-89623	5CD9366ZB2	73800	Maguindanao
20776	PRO-LPT-89293	5CD93660GJ	73800	Maguindanao
20782	PRO-LPT-91529	5CD93671DM	73800	Maguindanao
20785	PRO-LPT-91591	5CD93670ND	73800	Maguindanao
22085	PRO-LPT-89040	5CD936613C	73800	Maguindanao
20835	PRO-LPT-93498	5CD936713M	73800	Maguindanao
20843	PRO-LPT-90201	5CD93661PY	73800	Maguindanao
20795	PRO-LPT-93492	5CD93670LG	73800	Maguindanao
21251	PRO-LPT-89886	5CD93671FQ	73800	Maguindanao
22094	PRO-LPT-89057	5CD935558J	73800	Maguindanao
20814	PRO-LPT-93478	5CD9352XF5	73800	Maguindanao
23144	PRO-LPT-93357	5CD9352XDB	73800	Maguindanao
23186	PRO-LPT-93440	5CD9366ZV1	73800	Maguindanao
23146	PRO-LPT-82215	5CD936618K	73800	Maguindanao
21270	PRO-LPT-89133	5CD936707K	73800	Maguindanao
22063	PRO-LPT-93494	5CD936700Y	73800	Maguindanao
20812	PRO-LPT-89053	5CD936611C	73800	Maguindanao
23052	PRO-LPT-93488	5CD936714D	73800	Maguindanao
27647	PRO-LPT-126016	25NPT93	73800	Maguindanao
21541	PRO-LPT-82120	5CD9352XMK	73800	Maguindanao
22092	PRO-LPT-89054	5CD93661F7	73800	Maguindanao
22118	PRO-LPT-93532	5CD934977L	73800	Maguindanao
20833	PRO-LPT-89047	5CD9352XGV	73800	Maguindanao
20832	PRO-LPT-93487	5CD936612F	73800	Maguindanao
22074	PRO-LPT-93542	5CD9352XJZ	73800	Maguindanao
20813	PRO-LPT-89353	5CD93555C5	73800	Maguindanao
24060	PRO-LPT-91573	5CD936717P	73800	Maguindanao
20784	PRO-LPT-91650	5CD9441N9H	73800	Maguindanao
24062	PRO-LPT-90176	5CD93660X4	73800	Maguindanao
20775	PRO-LPT-91562	5CD93671GF	73800	Maguindanao
20783	PRO-LPT-91639	5CD93670PM	73800	Maguindanao
20778	PRO-LPT-82131	5CD9352WY8	73800	Maguindanao
23148	PRO-LPT-93429	5CD9349756	73800	Maguindanao
23181	PRO-LPT-93364	5CD9366103	73800	Maguindanao
21272	PRO-LPT-89055	5CD9366127	73800	Maguindanao
21259	PRO-LPT-89073	5CD93671BW	73800	Maguindanao
23426	PRO-LPT-89016	5CD9352X1R	73800	Maguindanao
22267	PRO-LPT-89812	5CD93660LL	73800	Maguindanao
21544	PRO-LPT-82079	5CD9352X7V	73800	Maguindanao
23177	PRO-LPT-93469	5CD9355554	73800	Maguindanao
23172	PRO-LPT-93371	5CD93555C1	73800	Maguindanao
23167	PRO-LPT-93354	5CD93670XT	73800	Maguindanao
20971	PRO-LPT-93348	5CD9366Z8L	73800	Maguindanao
23155	PRO-LPT-93472	5CD9352XKZ	73800	Maguindanao
24018	PRO-LPT-89580	5CD936719D	73800	Maguindanao
24066	PRO-LPT-82015	5CD9352WZW	73800	Maguindanao
24063	PRO-LPT-82050	5CD93496YQ	73800	Maguindanao
25880	PRO-LPT-126386	HW51V93	73800	Maguindanao
25881	PRO-LPT-126338	5KQPT93	73800	Maguindanao
25882	PRO-LPT-126402	8NHQT93	73800	Maguindanao
25883	PRO-LPT-126290	59HQT93	73800	Maguindanao
25884	PRO-LPT-126341	H10XT93	73800	Maguindanao
25885	PRO-LPT-126322	3BRXT93	73800	Maguindanao
25886	PRO-LPT-126399	6Y51V93	73800	Maguindanao
25887	PRO-LPT-126289	2YMPT93	73800	Maguindanao
25888	PRO-LPT-126309	1XMPT93	73800	Maguindanao
25889	PRO-LPT-126367	5XGQT93	73800	Maguindanao
25890	PRO-LPT-126379	8CZWT93	73800	Maguindanao
25892	PRO-LPT-126398	GKMXT93	73800	Maguindanao
25893	PRO-LPT-126339	GSPPT93	73800	Maguindanao
25895	PRO-LPT-126388	CVLPT93	73800	Maguindanao
25896	PRO-LPT-126312	520XT93	73800	Maguindanao
25897	PRO-LPT-126342	5CZWT93	73800	Maguindanao
25898	PRO-LPT-126403	4LQPT93	73800	Maguindanao
25899	PRO-LPT-126347	CBZWT93	73800	Maguindanao
25900	PRO-LPT-126394	8KMXT93	73800	Maguindanao
25901	PRO-LPT-126320	9WMPT93	73800	Maguindanao
25902	PRO-LPT-126356	4DLQT93	73800	Maguindanao
25903	PRO-LPT-126363	8LQPT93	73800	Maguindanao
25905	PRO-LPT-126346	540XT93	73800	Maguindanao
25906	PRO-LPT-126371	FHKXT93	73800	Maguindanao
25907	PRO-LPT-126382	3DRXT93	73800	Maguindanao
25909	PRO-LPT-126395	JLMXT93	73800	Maguindanao
25908	PRO-LPT-126365	GVXWT93	73800	Maguindanao
25910	PRO-LPT-126376	J8KPT93	73800	Maguindanao
25911	PRO-LPT-126340	50HQT93	73800	Maguindanao
25912	PRO-LPT-126387	DWKXT93	73800	Maguindanao
25913	PRO-LPT-126378	DXMPT93	73800	Maguindanao
25914	PRO-LPT-126357	HBZWT93	73800	Maguindanao
25915	PRO-LPT-126313	1LQPT93	73800	Maguindanao
25916	PRO-LPT-126368	C7PPT93	73800	Maguindanao
25917	PRO-LPT-126314	640XT93	73800	Maguindanao
24064	PRO-LPT-81910	5CD9049795	73800	Maguindanao
26052	PRO-LPT-126330	CYMPT93	73800	Maguindanao
26053	PRO-LPT-126311	FWMPT93	73800	Maguindanao
26055	PRO-LPT-126299	720XT93	73800	Maguindanao
26056	PRO-LPT-126303	3CZWT93	73800	Maguindanao
26057	PRO-LPT-126385	1TKXT93	73800	Maguindanao
26058	PRO-LPT-126326	2KQPT93	73800	Maguindanao
26059	PRO-LPT-126294	2DZWT93	73800	Maguindanao
26060	PRO-LPT-126380	HDRXT93	73800	Maguindanao
26061	PRO-LPT-126383	FY51V93	73800	Maguindanao
26067	PRO-LPT-126324	5LQPT93	73800	Maguindanao
26071	PRO-LPT-126333	DY51V93	73800	Maguindanao
26088	PRO-LPT-126334	60HQT93	73800	Maguindanao
26092	PRO-LPT-126396	D2HQT94	73800	Maguindanao
26095	PRO-LPT-126329	7JQPT93	73800	Maguindanao
26063	PRO-LPT-126375	JWKXT93	73800	Maguindanao
26078	PRO-LPT-126351	630XT93	73800	Maguindanao
26084	PRO-LPT-126397	1XLPT93	73800	Maguindanao
26090	PRO-LPT-126335	JYGQT93	73800	Maguindanao
26093	PRO-LPT-126323	2VKXT93	73800	Maguindanao
26064	PRO-LPT-126316	DXGQT93	73800	Maguindanao
26074	PRO-LPT-126306	JHQPT93	73800	Maguindanao
26086	PRO-LPT-126321	JCRXT93	73800	Maguindanao
26105	PRO-LPT-126305	230XT93	73800	Maguindanao
26106	PRO-LPT-126361	3LQPT93	73800	Maguindanao
26109	PRO-LPT-126319	J30XT93	73800	Maguindanao
26065	PRO-LPT-126308	1KQPT93	73800	Maguindanao
26066	PRO-LPT-126384	40HQT93	73800	Maguindanao
26068	PRO-LPT-126297	2JQPT93	73800	Maguindanao
26069	PRO-LPT-126349	HTKXT93	73800	Maguindanao
26070	PRO-LPT-126393	6WLPT93	73800	Maguindanao
26072	PRO-LPT-126359	DHQPT93	73800	Maguindanao
26073	PRO-LPT-126360	D20XT93	73800	Maguindanao
26075	PRO-LPT-126343	6ZGQT93	73800	Maguindanao
26085	PRO-LPT-126310	B30XT93	73800	Maguindanao
26098	PRO-LPT-126391	JZGQT93	73800	Maguindanao
26114	PRO-LPT-126381	9BRXT93	73800	Maguindanao
26115	PRO-LPT-126296	2LQPT93	73800	Maguindanao
26094	PRO-LPT-126298	2YXWT93	73800	Maguindanao
26099	PRO-LPT-126325	30HQT93	73800	Maguindanao
26103	PRO-LPT-126337	JBZWT93	73800	Maguindanao
26104	PRO-LPT-126401	7W51V93	73800	Maguindanao
26122	PRO-LPT-126404	7KMXT93	73800	Maguindanao
26080	PRO-LPT-126302	GXMPT93	73800	Maguindanao
26082	PRO-LPT-126331	FBHQT93	73800	Maguindanao
26083	PRO-LPT-126318	J10XT93	73800	Maguindanao
26087	PRO-LPT-126304	9CZWT93	73800	Maguindanao
26096	PRO-LPT-126301	1LKXT93	73800	Maguindanao
26100	PRO-LPT-126328	6YGQT93	73800	Maguindanao
26116	PRO-LPT-126300	GTKXT93	73800	Maguindanao
26127	PRO-LPT-126355	50KQT93	73800	Maguindanao
26089	PRO-LPT-126307	6KQPT93	73800	Maguindanao
26112	PRO-LPT-126292	GHQPT93	73800	Maguindanao
26101	PRO-LPT-126293	C20XT93	73800	Maguindanao
26110	PRO-LPT-126352	G9ZWT93	73800	Maguindanao
26113	PRO-LPT-126362	1CLQT93	73800	Maguindanao
26120	PRO-LPT-126354	DVLQT93	73800	Maguindanao
26125	PRO-LPT-126348	320XT93	73800	Maguindanao
26126	PRO-LPT-126344	HYGQT93	73800	Maguindanao
26107	PRO-LPT-126372	GKQPT93	73800	Maguindanao
26108	PRO-LPT-126400	GBZWT93	73800	Maguindanao
26111	PRO-LPT-126377	DYXWT93	73800	Maguindanao
26119	PRO-LPT-126392	4TLPT93	73800	Maguindanao
26121	PRO-LPT-126317	430XT93	73800	Maguindanao
26117	PRO-LPT-126366	330XT93	73800	Maguindanao
26124	PRO-LPT-126358	CKQPT93	73800	Maguindanao
26123	PRO-LPT-126350	8XXWT93	73800	Maguindanao
21545	PRO-LPT-81873	5CD93496ZL	73800	Maguindanao
23188	PRO-LPT-81875	5CD9349707	73800	Maguindanao
27560	PRO-LPT-126364	C30XT93	73800	Maguindanao
20780	PRO-LPT-82009	5CD9352X6N	73800	Maguindanao
20777	PRO-LPT-82030	5CD9352X7R	73800	Maguindanao
23162	PRO-LPT-82072	5CD9352X54	73800	Maguindanao
22062	PRO-LPT-93298	5CD9367113	73800	Maguindanao
22107	PRO-LPT-93409	5CD934974Y	73800	Maguindanao
20805	PRO-LPT-93479	5CD9352XG4	73800	Maguindanao
24389	PRO-LPT-93482	5CD936704K	73800	Maguindanao
24059	PRO-LPT-82043	5CD9352X7G	73800	Maguindanao
20809	PRO-LPT-93506	5CD934978G	73800	Maguindanao
20800	PRO-LPT-89385	5CD935551B	73800	Maguindanao
20815	PRO-LPT-93508	5CD9352XKF	73800	Maguindanao
22079	PRO-LPT-93540	5CD9352XHH	73800	Maguindanao
22253	PRO-LPT-89837	5CD93671G8	73800	Maguindanao
20827	PRO-LPT-93411	5CD93496YS	73800	Maguindanao
21548	PRO-LPT-82042	5CD9352XC6	73800	Maguindanao
22130	PRO-LPT-93509	5CD93555JB	73800	Maguindanao
20804	PRO-LPT-93605	5CD93670L7	73800	Maguindanao
24058	PRO-LPT-82137	5CD9352WZK	73800	Maguindanao
22251	PRO-LPT-89127	5CD93660QW	73800	Maguindanao
23427	PRO-LPT-89480	5CD93671MH	73800	Maguindanao
20837	PRO-LPT-89656	5CD93660LS	73800	Maguindanao
20830	PRO-LPT-93611	5CD93555HV	73800	Maguindanao
22256	PRO-LPT-89366	5CD935555M	73800	Maguindanao
21543	PRO-LPT-82157	5CD9352X7M	73800	Maguindanao
21261	PRO-LPT-89026	5CD93661C7	73800	Maguindanao
21254	PRO-LPT-89082	5CD9366ZL5	73800	Maguindanao
21258	PRO-LPT-89041	5CD93661NM	73800	Maguindanao
23445	PRO-LPT-89122	5CD93660SV	73800	Maguindanao
22097	PRO-LPT-89019	5CD93660JF	73800	Maguindanao
20822	PRO-LPT-89058	5CD93660KS	73800	Maguindanao
23440	PRO-LPT-89022	5CD93660HM	73800	Maguindanao
20806	PRO-LPT-89124	5CD93660PW	73800	Maguindanao
20821	PRO-LPT-89063	5CD93660QF	73800	Maguindanao
22254	PRO-LPT-89080	5CD9366ZTB	73800	Maguindanao
20818	PRO-LPT-89104	5CD9366ZKK	73800	Maguindanao
21268	PRO-LPT-89147	5CD9367076	73800	Maguindanao
23438	PRO-LPT-89109	5CD93660R2	73800	Maguindanao
20798	PRO-LPT-89472	5CD93660PL	73800	Maguindanao
23431	PRO-LPT-89451	5CD93661DR	73800	Maguindanao
20836	PRO-LPT-89532	5CD93671NH	73800	Maguindanao
22119	PRO-LPT-89747	5CD936719T	73800	Maguindanao
24065	PRO-LPT-90182	5CD93660HJ	73800	Maguindanao
20797	PRO-LPT-93281	5CD9352XD1	73800	Maguindanao
22122	PRO-LPT-93523	5CD93555FJ	73800	Maguindanao
20825	PRO-LPT-93278	5CD936711W	73800	Maguindanao
22073	PRO-LPT-93415	5CD9367087	73800	Maguindanao
20793	PRO-LPT-93491	5CD93670G4	73800	Maguindanao
20808	PRO-LPT-93539	5CD9352XJX	73800	Maguindanao
23222	PRO-LPT-93994	5CD93555D0	74000	Marinduque
23228	PRO-LPT-90106	5CD93661K4	74000	Marinduque
26862	PRO-LPT-127086	CN1XT93	74000	Marinduque
26863	PRO-LPT-127103	HXXWT93	74000	Marinduque
26864	PRO-LPT-127099	3DMXT93	74000	Marinduque
26865	PRO-LPT-127095	8M1XT93	74000	Marinduque
26866	PRO-LPT-127090	3J1XT93	74000	Marinduque
26867	PRO-LPT-127093	F91XT93	74000	Marinduque
26868	PRO-LPT-127087	901XT93	74000	Marinduque
26869	PRO-LPT-127100	90ZWT93	74000	Marinduque
26870	PRO-LPT-127094	7VLPT93	74000	Marinduque
26871	PRO-LPT-127091	DM1XT93	74000	Marinduque
26872	PRO-LPT-127102	2N1XT93	74000	Marinduque
26873	PRO-LPT-127096	B1ZWT93	74000	Marinduque
26874	PRO-LPT-127088	FYXWT93	74000	Marinduque
26875	PRO-LPT-127085	5N1XT93	74000	Marinduque
26876	PRO-LPT-127092	CWXWT93	74000	Marinduque
26877	PRO-LPT-127098	DL4XT93	74000	Marinduque
26878	PRO-LPT-127097	9P1XT93	74000	Marinduque
26879	PRO-LPT-127089	5XLPT93	74000	Marinduque
23227	PRO-LPT-91654	5CD9366ZSR	74000	Marinduque
23224	PRO-LPT-93976	5CD9366ZQQ	74000	Marinduque
27645	PRO-LPT-127101	B11XT93	74000	Marinduque
23230	PRO-LPT-81985	5CD9352XBZ	74000	Marinduque
23221	PRO-LPT-82147	5CD9352X2H	74000	Marinduque
24347	PRO-LPT-92917	5CD936611J	10434	Masbate
21007	PRO-LPT-92950	5CD93660L1	10432	Masbate
21903	PRO-LPT-92878	5CD93660PD	10418	Masbate
25206	PRO-LPT-126974	8WXWT93	10439	Masbate
24348	PRO-LPT-92908	5CD93661B0	74102	Masbate
25185	PRO-LPT-127778	66KQT93	10419	Masbate
25181	PRO-LPT-127787	2YNPT93	10422	Masbate
25204	PRO-LPT-127779	101XT93	10429	Masbate
25209	PRO-LPT-127790	HJ4XT93	74102	Masbate
25190	PRO-LPT-127792	J1HQT93	10440	Masbate
25194	PRO-LPT-127796	GXXWT93	10440	Masbate
20545	PRO-LPT-92909	5CD9366190	74102	Masbate
25202	PRO-LPT-127784	2CZWT93	10432	Masbate
21910	PRO-LPT-92956	5CD9352WXB	74100	Masbate
24264	PRO-LPT-92877	5CD936708B	10425	Masbate
22971	PRO-LPT-93191	5CD936611M	10432	Masbate
21916	PRO-LPT-92884	5CD93670KH	10418	Masbate
25200	PRO-LPT-127782	86KQT93	10425	Masbate
25216	PRO-LPT-127786	FWNPT93	10442	Masbate
23522	PRO-LPT-92972	5CD936610X	10442	Masbate
25201	PRO-LPT-126962	8WMPT93	10435	Masbate
25207	PRO-LPT-126972	B6KQT93	10420	Masbate
25197	PRO-LPT-126967	3M4XT93	10431	Masbate
21906	PRO-LPT-92955	5CD93671KL	74102	Masbate
25212	PRO-LPT-127783	601XT93	10432	Masbate
20601	PRO-LPT-93953	5CD9352XG6	10425	Masbate
23526	PRO-LPT-92927	5CD936617S	10442	Masbate
24258	PRO-LPT-92919	5CD93660N4	10437	Masbate
21917	PRO-LPT-92957	5CD936611W	10435	Masbate
25195	PRO-LPT-127795	42HQT93	10418	Masbate
25217	PRO-LPT-126960	98KQT93	10437	Masbate
25205	PRO-LPT-126968	47KQT93	10430	Masbate
25189	PRO-LPT-127788	9RLQT93	10428	Masbate
24350	PRO-LPT-92936	5CD93670LM	74102	Masbate
25192	PRO-LPT-126970	B8KQT93	10438	Masbate
23968	PRO-LPT-92966	5CD93660MW	10436	Masbate
24205	PRO-LPT-92964	5CD93661BL	10437	Masbate
24263	PRO-LPT-92967	5CD93670TT	10442	Masbate
25191	PRO-LPT-127785	3PHQT93	10423	Masbate
24257	PRO-LPT-92934	5CD9366189	10434	Masbate
24273	PRO-LPT-92928	5CD93660HD	10440	Masbate
24274	PRO-LPT-92942	5CD93660K0	10435	Masbate
25179	PRO-LPT-126973	4NHQT93	10423	Masbate
24993	PRO-LPT-92940	5CD93555D9	10432	Masbate
23524	PRO-LPT-92913	5CD93660H1	10442	Masbate
21725	PRO-LPT-92666	5CD9352WX9	10419	Masbate
24261	PRO-LPT-92906	5CD9366129	10428	Masbate
24275	PRO-LPT-92943	5CD93660L3	10438	Masbate
24260	PRO-LPT-92931	5CD93660LH	10437	Masbate
24957	PRO-LPT-93118	5CD93661RB	70000	Metro Manila
25168	PRO-LPT-125503	CJMXT93	70000	Metro Manila
25169	PRO-LPT-125480	H7NPT93	70000	Metro Manila
24752	PRO-LPT-92788	5CD9367164	77419	Metro Manila
24958	PRO-LPT-94040	5CD9366ZZZ	77614	Metro Manila
27589	PRO-LPT-127202	BTLPT93	70000	Metro Manila
24959	PRO-LPT-92963	5CD93660J6	70000	Metro Manila
24754	PRO-LPT-89442	5CD9366ZLX	70000	Metro Manila
25170	PRO-LPT-125491	GW51V93	70000	Metro Manila
24990	PRO-LPT-94045	5CD93660RM	70000	Metro Manila
20110	PRO-LPT-89525	5CD9367156	70000	Metro Manila
22921	PRO-LPT-89754	5CD93555C9	70000	Metro Manila
20163	PRO-LPT-92821	5CD9366115	70000	Metro Manila
24550	PRO-LPT-92766	5CD9367146	70000	Metro Manila
24636	PRO-LPT-90408	5CD936614Z	77604	Metro Manila
24634	PRO-LPT-89611	5CD93660XR	77609	Metro Manila
24671	PRO-LPT-92805	5CD9355595	77604	Metro Manila
24547	PRO-LPT-93997	5CD9352XDN	77604	Metro Manila
21816	PRO-LPT-90446	5CD93661RL	70000	Metro Manila
21343	PRO-LPT-90037	5CD93660YB	73903	Metro Manila
25172	PRO-LPT-125405	3XQPT93	70000	Metro Manila
23934	PRO-LPT-93559	5CD936707S	77422	Metro Manila
21776	PRO-LPT-90329	5CD935557R	70000	Metro Manila
24670	PRO-LPT-89240	5CD935554N	73903	Metro Manila
24635	PRO-LPT-81723	5CD9341N65	70000	Metro Manila
20573	PRO-LPT-90177	5CD93660J4	77501	Metro Manila
20708	PRO-LPT-89399	5CD935557C	77502	Metro Manila
22657	PRO-LPT-89687	5CD9367195	77502	Metro Manila
25173	PRO-LPT-125509	19RXT93	70000	Metro Manila
26882	PRO-LPT-127800	1NHQT93	70000	Metro Manila
22909	PRO-LPT-89707	5CD936715Z	77441	Metro Manila
24834	PRO-LPT-92750	5CD93670FN	77609	Metro Manila
24783	PRO-LPT-89044	5CD93555JJ	70000	Metro Manila
24781	PRO-LPT-89907	5CD935559B	70000	Metro Manila
22932	PRO-LPT-89939	5CD9366ZD3	77443	Metro Manila
22926	PRO-LPT-90366	5CD9352XJS	77446	Metro Manila
22889	PRO-LPT-90521	5CD9352X07	77447	Metro Manila
24782	PRO-LPT-93110	5CD93670L2	70000	Metro Manila
25174	PRO-LPT-125489	4JMXT93	70000	Metro Manila
24501	PRO-LPT-92743	5CD93555JF	77604	Metro Manila
10014	PRO-LPT-92837	5CD935559V	77604	Metro Manila
22917	PRO-LPT-90263	5CD93555CV	77445	Metro Manila
26881	PRO-LPT-94069	5CD0092QDB	70000	Metro Manila
22938	PRO-LPT-90001	5CD9349740	77444	Metro Manila
22473	PRO-LPT-89892	5CD93661BD	70000	Metro Manila
25176	PRO-LPT-125501	JWQPT93	70000	Metro Manila
24642	PRO-LPT-89996	5CD93670K1	70000	Metro Manila
24787	PRO-LPT-92846	5CD93660H5	70000	Metro Manila
21528	PRO-LPT-89898	5CD93661F6	70000	Metro Manila
21377	PRO-LPT-89247	5CD935559H	70000	Metro Manila
25559	PRO-LPT-125545	GT1XT93	70000	Metro Manila
24790	PRO-LPT-92816	5CD936715J	70000	Metro Manila
22647	PRO-LPT-89344	5CD93670QV	77447	Metro Manila
20676	PRO-LPT-90876	5CD93555C4	70000	Metro Manila
24831	PRO-LPT-00611	5CD93661RB	70000	Metro Manila
24794	PRO-LPT-89681	5CD93555CT	70000	Metro Manila
24798	PRO-LPT-92757	5CD9352XL9	70000	Metro Manila
20709	PRO-LPT-89435	5CD9366ZKV	77501	Metro Manila
24777	PRO-LPT-89494	5CD93670VX	70000	Metro Manila
20706	PRO-LPT-89578	5CD93671GN	70000	Metro Manila
20710	PRO-LPT-89966	5CD9366ZFV	70000	Metro Manila
21217	PRO-LPT-89464	5CD93660R1	70000	Metro Manila
21530	PRO-LPT-89550	5CD9366ZYD	70000	Metro Manila
22902	PRO-LPT-90292	5CD93661FW	77446	Metro Manila
21486	PRO-LPT-89666	5CD936719L	70000	Metro Manila
24780	PRO-LPT-89788	5CD9366ZHM	77449	Metro Manila
20726	PRO-LPT-90665	5CD936714F	70000	Metro Manila
24914	PRO-LPT-89587	5CD93555F2	77441	Metro Manila
21529	PRO-LPT-89903	5CD936716Y	70000	Metro Manila
22933	PRO-LPT-89569	5CD9366ZY4	77441	Metro Manila
25177	PRO-LPT-125490	1Y51V93	70000	Metro Manila
24841	PRO-LPT-92763	5CD9366ZSM	77603	Metro Manila
25573	PRO-LPT-125588	4BLQT93	70000	Metro Manila
25178	PRO-LPT-125500	G5NPT93	70000	Metro Manila
24843	PRO-LPT-94027	5CD934970G	77610	Metro Manila
24575	PRO-LPT-92747	5CD93670LN	77604	Metro Manila
24830	PRO-LPT-94028	5CD934970T	77610	Metro Manila
24533	PRO-LPT-92823	5CD93670D9	77604	Metro Manila
22376	PRO-LPT-89672	5CD93660QP	73901	Metro Manila
24921	PRO-LPT-92752	5CD9367036	77603	Metro Manila
24835	PRO-LPT-92773	5CD93670FG	77601	Metro Manila
27820	PRO-LPT-90491	5CD93660QJ	70000	Metro Manila
24964	PRO-LPT-94036	5CD93661DS	77604	Metro Manila
25255	PRO-LPT-94063	5CD936706V	70000	Metro Manila
24602	PRO-LPT-89650	5CD9366ZDV	77604	Metro Manila
24606	PRO-LPT-92827	5CD9366ZWC	77605	Metro Manila
24581	PRO-LPT-89743	5CD93671MN	77605	Metro Manila
22394	PRO-LPT-89805	5CD93660L0	70000	Metro Manila
20878	PRO-LPT-90268	5CD93661NY	70000	Metro Manila
20883	PRO-LPT-90710	5CD93671DC	70000	Metro Manila
20897	PRO-LPT-90762	5CD9355534	70000	Metro Manila
24832	PRO-LPT-89516	5CD9367170	77608	Metro Manila
21553	PRO-LPT-89496	5CD0092QD9	70000	Metro Manila
21554	PRO-LPT-89868	5CD93660ZX	70000	Metro Manila
21501	PRO-LPT-89749	5CD93661JD	70000	Metro Manila
20929	PRO-LPT-93390	5CD9352XHP	70000	Metro Manila
20936	PRO-LPT-90018	5CD93661K8	70000	Metro Manila
24918	PRO-LPT-92648	5CD93670HQ	70000	Metro Manila
24585	PRO-LPT-92845	5CD9352WZ7	70000	Metro Manila
10007	PRO-LPT-92784	5CD9349764	70000	Metro Manila
24432	PRO-LPT-92797	5CD9352XH8	70000	Metro Manila
24431	PRO-LPT-89544	5CD9366Z89	70000	Metro Manila
24919	PRO-LPT-89999	5CD936709N	70000	Metro Manila
24920	PRO-LPT-93986	5CD9352X4Q	70000	Metro Manila
24433	PRO-LPT-89968	5CD93670T7	77401	Metro Manila
24447	PRO-LPT-90841	5CD93670NB	70000	Metro Manila
24441	PRO-LPT-82134	5CD9352WZJ	77421	Metro Manila
24440	PRO-LPT-89096	5CD9366ZLT	77421	Metro Manila
24444	PRO-LPT-90206	5CD93660PQ	70000	Metro Manila
24442	PRO-LPT-82099	5CD9352X57	73902	Metro Manila
24437	PRO-LPT-92138	5CD9367053	70000	Metro Manila
21048	PRO-LPT-93641	5CD93661H0	70000	Metro Manila
24446	PRO-LPT-89426	5CD9366ZTV	70000	Metro Manila
24448	PRO-LPT-89340	5CD935556B	70000	Metro Manila
24793	PRO-LPT-92737	5CD9366ZRD	70000	Metro Manila
24464	PRO-LPT-89447	5CD93671GV	70000	Metro Manila
24462	PRO-LPT-89758	5CD93555G4	70000	Metro Manila
24465	PRO-LPT-90830	5CD93660XQ	70000	Metro Manila
24463	PRO-LPT-89443	5CD935558F	70000	Metro Manila
24466	PRO-LPT-89636	5CD936718D	70000	Metro Manila
21552	PRO-LPT-89893	5CD9367187	70000	Metro Manila
24822	PRO-LPT-82307	5CD93661KD	70000	Metro Manila
24825	PRO-LPT-92038	5CD9366ZJ4	70000	Metro Manila
10009	PRO-LPT-92786	5CD93555KB	70000	Metro Manila
24823	PRO-LPT-92826	5CD9366ZZ4	70000	Metro Manila
21218	PRO-LPT-89557	5CD9366ZS1	77401	Metro Manila
24922	PRO-LPT-89859	5CD93671DQ	77608	Metro Manila
24490	PRO-LPT-92697	5CD934973M	70000	Metro Manila
21489	PRO-LPT-89311	5CD93661ST	77401	Metro Manila
21215	PRO-LPT-89424	5CD936612K	73905	Metro Manila
24484	PRO-LPT-89765	5CD93661NN	70000	Metro Manila
24494	PRO-LPT-92765	5CD93670C7	70000	Metro Manila
24497	PRO-LPT-89205	5CD93555FN	70000	Metro Manila
24500	PRO-LPT-92746	5CD934975N	70000	Metro Manila
24493	PRO-LPT-92847	5CD9352XG2	70000	Metro Manila
24499	PRO-LPT-89326	5CD9352X55	70000	Metro Manila
24498	PRO-LPT-92774	5CD93670KP	70000	Metro Manila
24502	PRO-LPT-92871	5CD93660V6	70000	Metro Manila
24509	PRO-LPT-89452	5CD93670QQ	70000	Metro Manila
24506	PRO-LPT-93463	5CD9352X0W	70000	Metro Manila
24991	PRO-LPT-94033	5CD93496ZW	70000	Metro Manila
20087	PRO-LPT-90139	5CD936615B	73904	Metro Manila
24504	PRO-LPT-89139	5CD93660R8	70000	Metro Manila
24508	PRO-LPT-90445	5CD935559F	70000	Metro Manila
24510	PRO-LPT-91659	5CD93670LT	70000	Metro Manila
24513	PRO-LPT-92898	5CD93661FL	70000	Metro Manila
24505	PRO-LPT-93021	5CD93660JG	70000	Metro Manila
10010	PRO-LPT-92787	5CD93555JS	70000	Metro Manila
24519	PRO-LPT-92836	5CD93671LB	70000	Metro Manila
24522	PRO-LPT-92834	5CD93670FL	70000	Metro Manila
24526	PRO-LPT-92857	5CD93660K2	70000	Metro Manila
24520	PRO-LPT-92874	5CD93660KJ	70000	Metro Manila
24557	PRO-LPT-89725	5CD93671B5	77403	Metro Manila
24537	PRO-LPT-92685	5CD934977T	70000	Metro Manila
24529	PRO-LPT-92777	5CD936705K	70000	Metro Manila
24532	PRO-LPT-92740	5CD936701M	70000	Metro Manila
24539	PRO-LPT-94013	5CD9352X11	70000	Metro Manila
24538	PRO-LPT-89622	5CD9366Z85	70000	Metro Manila
24540	PRO-LPT-89839	5CD93660XD	70000	Metro Manila
21493	PRO-LPT-89983	5CD93670NJ	70000	Metro Manila
21495	PRO-LPT-89378	5CD9355576	77516	Metro Manila
21496	PRO-LPT-89675	5CD93671B9	70000	Metro Manila
21490	PRO-LPT-90857	5CD936702T	73903	Metro Manila
21500	PRO-LPT-89576	5CD9367154	70000	Metro Manila
21506	PRO-LPT-89719	5CD9366Z8C	77504	Metro Manila
21499	PRO-LPT-89846	5CD93671HZ	70000	Metro Manila
21502	PRO-LPT-89217	5CD93661QD	70000	Metro Manila
21511	PRO-LPT-89677	5CD93671L8	70000	Metro Manila
24541	PRO-LPT-92781	5CD93670G3	70000	Metro Manila
24549	PRO-LPT-91547	5CD9366ZQV	70000	Metro Manila
24546	PRO-LPT-92899	5CD93671BQ	70000	Metro Manila
24425	PRO-LPT-89341	5CD93661HP	70000	Metro Manila
24553	PRO-LPT-89850	5CD9366ZDQ	70000	Metro Manila
24554	PRO-LPT-92761	5CD9367072	70000	Metro Manila
24563	PRO-LPT-91550	5CD9366ZRB	70000	Metro Manila
24561	PRO-LPT-91624	5CD9366ZV7	70000	Metro Manila
24567	PRO-LPT-92767	5CD93670J9	70000	Metro Manila
24565	PRO-LPT-92854	5CD93670DD	70000	Metro Manila
24560	PRO-LPT-81924	5CD9349711	70000	Metro Manila
24562	PRO-LPT-82182	5CD9366191	73905	Metro Manila
24574	PRO-LPT-82303	5CD93661LC	70000	Metro Manila
24577	PRO-LPT-89618	5CD93671JH	77615	Metro Manila
24568	PRO-LPT-89902	5CD93660H9	70000	Metro Manila
24579	PRO-LPT-90834	5CD93671PS	70000	Metro Manila
24438	PRO-LPT-89230	5CD935554V	70000	Metro Manila
24588	PRO-LPT-90044	5CD93660RJ	70000	Metro Manila
24586	PRO-LPT-92754	5CD9367077	70000	Metro Manila
24593	PRO-LPT-89238	5CD934971V	70000	Metro Manila
24587	PRO-LPT-92626	5CD936709F	70000	Metro Manila
24583	PRO-LPT-92742	5CD934978S	70000	Metro Manila
24589	PRO-LPT-92810	5CD936612B	70000	Metro Manila
24584	PRO-LPT-93120	5CD93661G9	70000	Metro Manila
24591	PRO-LPT-92745	5CD9349781	70000	Metro Manila
24924	PRO-LPT-92769	5CD936718G	70000	Metro Manila
24595	PRO-LPT-89235	5CD9352XGQ	70000	Metro Manila
24611	PRO-LPT-91830	5CD93660LM	70000	Metro Manila
24598	PRO-LPT-92779	5CD93670FM	70000	Metro Manila
24596	PRO-LPT-92753	5CD93670D7	77418	Metro Manila
24601	PRO-LPT-92775	5CD93670FH	70000	Metro Manila
24607	PRO-LPT-89242	5CD93555GX	77421	Metro Manila
21653	PRO-LPT-89685	5CD93670ZG	70000	Metro Manila
24615	PRO-LPT-89742	5CD93671Q1	70000	Metro Manila
24610	PRO-LPT-89084	5CD93660LJ	70000	Metro Manila
24619	PRO-LPT-89690	5CD936719G	70000	Metro Manila
24609	PRO-LPT-89888	5CD93660HS	70000	Metro Manila
24608	PRO-LPT-92870	5CD93660RV	70000	Metro Manila
21213	PRO-LPT-89776	5CD93671G1	73902	Metro Manila
24616	PRO-LPT-89308	5CD93661FH	70000	Metro Manila
24612	PRO-LPT-92162	5CD93660S9	70000	Metro Manila
21551	PRO-LPT-89864	5CD93671PH	70000	Metro Manila
24660	PRO-LPT-91644	5CD93670H0	77422	Metro Manila
24667	PRO-LPT-93998	5CD9352XBP	70000	Metro Manila
24620	PRO-LPT-89113	5CD936717M	70000	Metro Manila
24629	PRO-LPT-89669	5CD93670LS	77609	Metro Manila
24617	PRO-LPT-94016	5CD9352X68	70000	Metro Manila
24625	PRO-LPT-89343	5CD936612R	70000	Metro Manila
24632	PRO-LPT-90855	5CD936704H	70000	Metro Manila
24628	PRO-LPT-92772	5CD936705R	70000	Metro Manila
20386	PRO-LPT-89031	5CD93671KP	73904	Metro Manila
25580	PRO-LPT-125648	7SRPT93	77613	Metro Manila
22036	PRO-LPT-91718	5CD9367184	70000	Metro Manila
25044	PRO-LPT-125621	4VRPT93	77614	Metro Manila
24639	PRO-LPT-90512	5CD93670R0	70000	Metro Manila
10016	PRO-LPT-92729	5CD9352X3Q	77611	Metro Manila
25036	PRO-LPT-125666	7BPPT93	77605	Metro Manila
21861	PRO-LPT-93735	5CD93660WQ	70000	Metro Manila
26038	PRO-LPT-93735	H5NPT93	77430	Metro Manila
24618	PRO-LPT-89973	5CD93671B7	77615	Metro Manila
24648	PRO-LPT-82000	5CD9352XF2	77422	Metro Manila
24643	PRO-LPT-92808	5CD93660KV	70000	Metro Manila
24495	PRO-LPT-90387	5CD93671DS	77611	Metro Manila
21873	PRO-LPT-93650	5CD936706T	70000	Metro Manila
24649	PRO-LPT-89936	5CD93555CY	73903	Metro Manila
24646	PRO-LPT-92732	5CD93670HH	70000	Metro Manila
24652	PRO-LPT-90313	5CD936618B	70000	Metro Manila
24653	PRO-LPT-90038	5CD93660Q9	70000	Metro Manila
24656	PRO-LPT-89821	5CD93670V3	70000	Metro Manila
24658	PRO-LPT-92512	5CD93670SK	70000	Metro Manila
24662	PRO-LPT-93856	5CD934978J	70000	Metro Manila
24661	PRO-LPT-89739	5CD936714Y	77422	Metro Manila
24657	PRO-LPT-92624	5CD935556F	70000	Metro Manila
24659	PRO-LPT-92727	5CD934975C	70000	Metro Manila
24655	PRO-LPT-93063	5CD934976T	70000	Metro Manila
24664	PRO-LPT-89575	5CD93555BW	70000	Metro Manila
24663	PRO-LPT-89744	5CD93671JY	70000	Metro Manila
24668	PRO-LPT-92783	5CD9349782	70000	Metro Manila
24824	PRO-LPT-93919	5CD9367008	70000	Metro Manila
25018	PRO-LPT-94058	5CD936708Y	70000	Metro Manila
24826	PRO-LPT-89804	5CD93660Z8	70000	Metro Manila
21854	PRO-LPT-93674	5CD93661DX	70000	Metro Manila
24910	PRO-LPT-89735	5CD93660ZP	70000	Metro Manila
22655	PRO-LPT-90361	5CD9352XC3	70000	Metro Manila
22044	PRO-LPT-89602	5CD93555D8	70000	Metro Manila
22051	PRO-LPT-89237	5CD93661GB	70000	Metro Manila
22700	PRO-LPT-90257	5CD936617F	70000	Metro Manila
22032	PRO-LPT-92303	5CD936703M	70000	Metro Manila
25041	PRO-LPT-125675	CCLQT93	77614	Metro Manila
20711	PRO-LPT-90205	5CD93661D8	70000	Metro Manila
22028	PRO-LPT-89852	5CD9366ZZ6	70000	Metro Manila
23093	PRO-LPT-92190	5CD9366ZPM	70000	Metro Manila
24672	PRO-LPT-92858	5CD93660VB	70000	Metro Manila
27821	PRO-LPT-127900	B1KQT93	70000	Metro Manila
24673	PRO-LPT-92755	5CD93670GN	77442	Metro Manila
10017	PRO-LPT-92756	5CD9352XH2	77610	Metro Manila
10011	PRO-LPT-92795	5CD9366ZTY	77611	Metro Manila
22033	PRO-LPT-91753	5CD93670C8	70000	Metro Manila
27745	PRO-LPT-94090	5CD93670CP	77403	Metro Manila
22854	PRO-LPT-89295	5CD935558Q	70000	Metro Manila
22853	PRO-LPT-93924	5CD93661KN	73904	Metro Manila
24677	PRO-LPT-92614	5CD9367050	70000	Metro Manila
22364	PRO-LPT-89691	5CD936718Z	77417	Metro Manila
22812	PRO-LPT-89462	5CD9367082	77417	Metro Manila
24603	PRO-LPT-89985	5CD93671BH	77417	Metro Manila
24430	PRO-LPT-89406	5CD93660LZ	77401	Metro Manila
27822	PRO-LPT-127901	97KPT93	70000	Metro Manila
24979	PF2NAQK1	ISMD-CO-001	70000	Metro Manila
25588	PRO-LPT-125551	92HPT93	70000	Metro Manila
22115	PRO-LPT-89320	5CD936611D	73903	Metro Manila
22930	PRO-LPT-90291	5CD936613R	77501	Metro Manila
23944	PRO-LPT-89135	5CD93670VP	70000	Metro Manila
10004	PRO-LPT-92770	5CD93670DZ	77601	Metro Manila
20014	PRO-LPT-92829	5CD935559Q	70000	Metro Manila
24925	PRO-LPT-92897	5CD93660K5	70000	Metro Manila
26023	PRO-LPT-125446	14MPT93	77406	Metro Manila
24930	PRO-LPT-89617	5CD9366ZH0	70000	Metro Manila
24927	PRO-LPT-92634	5CD9366ZYL	70000	Metro Manila
24932	PRO-LPT-94041	5CD9352X65	70000	Metro Manila
24928	PRO-LPT-92744	5CD9349783	70000	Metro Manila
24931	PRO-LPT-92860	5CD9367075	70000	Metro Manila
24929	PRO-LPT-93987	5CD9352XGS	70000	Metro Manila
27355	PRO-LPT-125539	FXQPT93	70000	Metro Manila
24704	PRO-LPT-92731	5CD934977Y	77608	Metro Manila
27559	PRO-LPT-94074	5CD93670CP	77403	Metro Manila
24936	PRO-LPT-89841	5CD936716F	70000	Metro Manila
24707	PRO-LPT-90075	5CD9366170	70000	Metro Manila
24963	PRO-LPT-92433	5CD93670YB	70000	Metro Manila
24840	PRO-LPT-92796	5CD9352XGW	70000	Metro Manila
24666	PRO-LPT-92615	5CD9366ZZT	77609	Metro Manila
24939	PRO-LPT-92838	5CD9352XG9	70000	Metro Manila
24940	PRO-LPT-92381	5CD93670ZB	77614	Metro Manila
24582	PRO-LPT-89112	5CD9366ZM7	77609	Metro Manila
24845	PRO-LPT-92793	5CD9367148	70000	Metro Manila
22651	PRO-LPT-90368	5CD9352X9Q	70000	Metro Manila
24848	PRO-LPT-92736	5CD936705J	70000	Metro Manila
10003	PRO-LPT-82309	5CD93660Q0	70000	Metro Manila
24852	PRO-LPT-92174	5CD936610K	70000	Metro Manila
25587	PRO-LPT-125655	HBLQT93	77605	Metro Manila
24943	PRO-LPT-92748	5CD935557Z	70000	Metro Manila
24953	PRO-LPT-92970	5CD93660L5	70000	Metro Manila
24640	PRO-LPT-93122	5CD9366ZSJ	73904	Metro Manila
24524	PRO-LPT-89250	5CD93555J9	73905	Metro Manila
24944	PRO-LPT-89402	5CD935554Q	70000	Metro Manila
24945	PRO-LPT-92591	5CD936702G	70000	Metro Manila
24947	PRO-LPT-89803	5CD93671K0	70000	Metro Manila
24946	PRO-LPT-94043	5CD93661SJ	70000	Metro Manila
24868	PRO-LPT-92828	5CD936716W	70000	Metro Manila
24869	PRO-LPT-92820	5CD9352XGH	70000	Metro Manila
24873	PRO-LPT-92844	5CD93660T9	70000	Metro Manila
24874	PRO-LPT-89166	5CD93661P1	70000	Metro Manila
24870	PRO-LPT-89866	5CD93671B1	70000	Metro Manila
24952	PRO-LPT-81802	5CD93496Z3	70000	Metro Manila
24886	PRO-LPT-89926	5CD93670J7	70000	Metro Manila
24950	PRO-LPT-92791	5CD93660NG	70000	Metro Manila
24877	PRO-LPT-89722	5CD93671GJ	70000	Metro Manila
10013	PRO-LPT-92824	5CD936714T	70000	Metro Manila
24885	PRO-LPT-93985	5CD9352X48	70000	Metro Manila
24889	PRO-LPT-92830	5CD9366ZVB	77607	Metro Manila
24890	PRO-LPT-92812	5CD93670M5	70000	Metro Manila
24887	PRO-LPT-92853	5CD947988B	70000	Metro Manila
21513	PRO-LPT-89410	5CD9367094	77504	Metro Manila
22303	PRO-LPT-90480	5CD93671BK	70000	Metro Manila
20888	PRO-LPT-90547	5CD93671JG	70000	Metro Manila
23716	PRO-LPT-90605	5CD93671CM	70000	Metro Manila
24937	PRO-LPT-92321	5CD93670HY	70000	Metro Manila
22793	PRO-LPT-90739	5CD93660PC	70000	Metro Manila
20891	PRO-LPT-90399	5CD93661ML	70000	Metro Manila
22818	PRO-LPT-90880	5CD9366ZGG	70000	Metro Manila
20889	PRO-LPT-90080	5CD93661H1	77521	Metro Manila
23723	PRO-LPT-90793	5CD9366Z9H	70000	Metro Manila
20890	PRO-LPT-90032	5CD93660HF	70000	Metro Manila
23912	PRO-LPT-90542	5CD93671CN	70000	Metro Manila
21278	PRO-LPT-90689	5CD93671GQ	70000	Metro Manila
23914	PRO-LPT-90737	5CD93660JT	70000	Metro Manila
22302	PRO-LPT-90455	5CD9352X2B	70000	Metro Manila
24470	PRO-LPT-90635	5CD93670BD	70000	Metro Manila
20896	PRO-LPT-90443	5CD9352XCR	70000	Metro Manila
21273	PRO-LPT-90552	5CD93671BB	70000	Metro Manila
20015	PRO-LPT-92831	5CD9367063	70000	Metro Manila
22819	PRO-LPT-90342	5CD9355526	70000	Metro Manila
20893	PRO-LPT-90473	5CD93660XY	70000	Metro Manila
22791	PRO-LPT-90807	5CD936704C	70000	Metro Manila
21274	PRO-LPT-90307	5CD93661GV	70000	Metro Manila
23720	PRO-LPT-90838	5CD9366ZL8	70000	Metro Manila
20882	PRO-LPT-90766	5CD93670CY	70000	Metro Manila
20727	PRO-LPT-90010	5CD93661R9	70000	Metro Manila
24970	PRO-LPT-89345	5CD93661CW	70000	Metro Manila
25052	PRO-LPT-125622	2FQPT93	77614	Metro Manila
24788	PRO-LPT-92861	5CD9366117	70000	Metro Manila
22105	PRO-LPT-93449	5CD93670XY	77401	Metro Manila
22321	PRO-LPT-90853	5CD93670NG	70000	Metro Manila
26880	PRO-LPT-94070	5CD9352X0J	70000	Metro Manila
24391	PRO-LPT-93405	5CD936612N	77417	Metro Manila
26045	PRO-LPT-125434	DXQPT93	77412	Metro Manila
22328	PRO-LPT-90266	5CD93661Q6	70000	Metro Manila
25048	PRO-LPT-125677	BSRPT93	77614	Metro Manila
26042	PRO-LPT-125465	HKLPT93	77428	Metro Manila
22086	PRO-LPT-89079	5CD936713P	77401	Metro Manila
21497	PRO-LPT-89299	5CD9366152	70000	Metro Manila
21494	PRO-LPT-89848	5CD93661GP	70000	Metro Manila
21509	PRO-LPT-89980	5CD9366ZPD	70000	Metro Manila
22304	PRO-LPT-90490	5CD93660NK	70000	Metro Manila
27336	PRO-LPT-125476	9JMXT93	77414	Metro Manila
24884	PRO-LPT-89083	5CD93671PX	77602	Metro Manila
27665	PRO-LPT-94080	5CD9366ZXF	77403	Metro Manila
21515	PRO-LPT-89721	5CD9367190	70000	Metro Manila
23800	PRO-LPT-89233	5CD935559R	70000	Metro Manila
24637	PRO-LPT-90563	5CD9352X2P	77403	Metro Manila
24665	PRO-LPT-89870	5CD93660WH	77601	Metro Manila
10015	PRO-LPT-92896	5CD93660K9	77612	Metro Manila
22367	PRO-LPT-89338	5CD93661BW	70000	Metro Manila
21503	PRO-LPT-89491	5CD93670FZ	70000	Metro Manila
22382	PRO-LPT-89386	5CD936615K	70000	Metro Manila
26006	PRO-LPT-125424	G6NPT93	77428	Metro Manila
22369	PRO-LPT-89562	5CD936719F	70000	Metro Manila
22383	PRO-LPT-89354	5CD93661RZ	70000	Metro Manila
22372	PRO-LPT-89862	5CD93671BJ	77521	Metro Manila
23805	PRO-LPT-89729	5CD93671HK	70000	Metro Manila
21517	PRO-LPT-89891	5CD93661JG	70000	Metro Manila
22388	PRO-LPT-89586	5CD935558M	70000	Metro Manila
21504	PRO-LPT-89884	5CD93671JX	70000	Metro Manila
22396	PRO-LPT-89177	5CD93661J5	70000	Metro Manila
22393	PRO-LPT-89894	5CD93661FX	77421	Metro Manila
23871	PRO-LPT-89555	5CD936715D	70000	Metro Manila
22395	PRO-LPT-89946	5CD9367189	73904	Metro Manila
21498	PRO-LPT-89877	5CD93661G3	70000	Metro Manila
22371	PRO-LPT-89991	5CD9367026	70000	Metro Manila
21512	PRO-LPT-89352	5CD93555JN	70000	Metro Manila
21516	PRO-LPT-89954	5CD93670RT	70000	Metro Manila
24645	PRO-LPT-89479	5CD93670V1	77607	Metro Manila
23870	PRO-LPT-89760	5CD93555DT	70000	Metro Manila
21507	PRO-LPT-89248	5CD935559C	70000	Metro Manila
23798	PRO-LPT-89552	5CD93671JD	70000	Metro Manila
22391	PRO-LPT-89826	5CD93670DP	70000	Metro Manila
26030	PRO-LPT-125451	HLGPT93	77429	Metro Manila
26039	PRO-LPT-125406	J5NPT93	77429	Metro Manila
21488	PRO-LPT-89988	5CD936708T	77401	Metro Manila
26009	PRO-LPT-125508	67NPT93	77405	Metro Manila
22461	PRO-LPT-89645	5CD9366Z91	70000	Metro Manila
22398	PRO-LPT-89807	5CD93671L7	70000	Metro Manila
22457	PRO-LPT-89975	5CD9366ZCY	77521	Metro Manila
21346	PRO-LPT-90506	5CD9366ZVY	70000	Metro Manila
21348	PRO-LPT-90143	5CD93661SK	70000	Metro Manila
22458	PRO-LPT-89942	5CD93670CF	70000	Metro Manila
22690	PRO-LPT-89283	5CD9366ZGV	70000	Metro Manila
24676	PRO-LPT-89325	5CD93555CM	70000	Metro Manila
22920	PRO-LPT-89314	5CD9352X8S	70000	Metro Manila
22958	PRO-LPT-89153	5CD93661NL	70000	Metro Manila
23098	PRO-LPT-90279	5CD936616Q	77420	Metro Manila
22960	PRO-LPT-89785	5CD93660WV	70000	Metro Manila
26013	PRO-LPT-125450	44MPT93	77411	Metro Manila
23801	PRO-LPT-89965	5CD93670BG	70000	Metro Manila
24492	PRO-LPT-92800	5CD9352XHN	77444	Metro Manila
24597	PRO-LPT-89688	5CD9352X4B	77442	Metro Manila
22654	PRO-LPT-89944	5CD9366ZKG	70000	Metro Manila
24559	PRO-LPT-92841	5CD93555K2	77444	Metro Manila
24827	PRO-LPT-89815	5CD936610R	77419	Metro Manila
24871	PRO-LPT-92835	5CD93670LF	77444	Metro Manila
24891	PRO-LPT-92617	5CD936711J	77602	Metro Manila
22670	PRO-LPT-90675	5CD9366ZZV	70000	Metro Manila
24883	PRO-LPT-92802	5CD93670H7	77602	Metro Manila
23761	PRO-LPT-90711	5CD93670NY	77417	Metro Manila
22708	PRO-LPT-89970	5CD9367028	70000	Metro Manila
20678	PRO-LPT-89214	5CD93661H9	77607	Metro Manila
22467	PRO-LPT-89814	5CD93671CW	70000	Metro Manila
24775	PRO-LPT-89188	5CD93661B4	77506	Metro Manila
25035	PRO-LPT-125665	C6JPT93	77605	Metro Manila
25581	PRO-LPT-125668	97MPT93	77605	Metro Manila
22794	PRO-LPT-89522	5CD9366Z8X	70000	Metro Manila
22800	PRO-LPT-89658	5CD93660MF	70000	Metro Manila
25132	JXNPT93	ISMD-NXT-2801	70000	Metro Manila
25996	PRO-LPT-125420	4VQPT93	77412	Metro Manila
22821	PRO-LPT-90524	5CD93671M0	70000	Metro Manila
24778	PRO-LPT-92780	5CD936707C	70000	Metro Manila
24705	PRO-LPT-81797	5CD93496YW	77609	Metro Manila
22897	PRO-LPT-89997	5CD9366ZZY	70000	Metro Manila
22904	PRO-LPT-90440	5CD935556N	70000	Metro Manila
24779	PRO-LPT-90523	5CD9352WZZ	70000	Metro Manila
22911	PRO-LPT-89362	5CD93661SM	70000	Metro Manila
22922	PRO-LPT-89382	5CD93661P4	70000	Metro Manila
22914	PRO-LPT-90303	5CD93661PJ	70000	Metro Manila
21214	PRO-LPT-89917	5CD93555B4	77417	Metro Manila
22937	PRO-LPT-90284	5CD93661P3	77418	Metro Manila
22939	PRO-LPT-90364	5CD9352X5Y	70000	Metro Manila
24428	PRO-LPT-92758	5CD9352XHJ	73902	Metro Manila
22390	PRO-LPT-89923	5CD9366ZCJ	77401	Metro Manila
24576	PRO-LPT-93050	5CD9366150	73903	Metro Manila
24893	PRO-LPT-93982	5CD936708H	77403	Metro Manila
21485	PRO-LPT-89736	5CD93671J2	70000	Metro Manila
21657	PRO-LPT-90530	5CD9366ZLZ	70000	Metro Manila
20733	PRO-LPT-89699	5CD93660GF	70000	Metro Manila
20677	PRO-LPT-90780	5CD93661KW	70000	Metro Manila
21658	PRO-LPT-89896	5CD9367173	70000	Metro Manila
20640	PRO-LPT-90809	5CD93660MK	70000	Metro Manila
20737	PRO-LPT-89625	5CD93660YR	70000	Metro Manila
20732	PRO-LPT-89908	5CD9366Z7W	70000	Metro Manila
20644	PRO-LPT-90474	5CD93555BD	70000	Metro Manila
20212	PRO-LPT-90343	5CD9352X7Z	70000	Metro Manila
24516	PRO-LPT-89229	5CD935557T	77449	Metro Manila
24545	PRO-LPT-90209	5CD93661RG	77449	Metro Manila
24564	PRO-LPT-92751	5CD936708J	77449	Metro Manila
24651	PRO-LPT-92785	5CD935559Z	77449	Metro Manila
23089	PRO-LPT-89179	5CD93661B1	70000	Metro Manila
23085	PRO-LPT-90611	5CD9366ZD6	70000	Metro Manila
23091	PRO-LPT-90149	5CD93661LB	70000	Metro Manila
23096	PRO-LPT-90074	5CD93661D1	77444	Metro Manila
23124	PRO-LPT-92759	5CD934976R	70000	Metro Manila
23100	PRO-LPT-93380	5CD9366114	70000	Metro Manila
23111	PRO-LPT-93387	5CD93671L3	70000	Metro Manila
23120	PRO-LPT-90656	5CD9366ZWM	70000	Metro Manila
23122	PRO-LPT-90806	5CD9366ZWL	70000	Metro Manila
23125	PRO-LPT-90116	5CD93661ND	70000	Metro Manila
20211	PRO-LPT-90541	5CD93670FV	70000	Metro Manila
24552	PRO-LPT-92806	5CD93670FC	77606	Metro Manila
22648	PRO-LPT-90457	5CD935554Y	77446	Metro Manila
26018	PRO-LPT-125413	2XQPT93	77415	Metro Manila
22913	PRO-LPT-89651	5CD93660ZW	77447	Metro Manila
24842	PRO-LPT-92764	5CD93670JV	77604	Metro Manila
24486	PRO-LPT-82305	5CD93660Z3	77605	Metro Manila
24390	PRO-LPT-93505	5CD93670X5	73905	Metro Manila
24572	PRO-LPT-89517	5CD93671KW	77605	Metro Manila
22259	PRO-LPT-89289	5CD936613Q	73904	Metro Manila
24530	PRO-LPT-89773	5CD936715C	73903	Metro Manila
24828	PRO-LPT-92778	5CD9367017	77604	Metro Manila
10012	PRO-LPT-92807	5CD93660TR	77604	Metro Manila
22375	PRO-LPT-89590	5CD93671HT	70000	Metro Manila
26015	PRO-LPT-125455	B2GPT93	77410	Metro Manila
26000	PRO-LPT-125492	48NPT93	77409	Metro Manila
26014	PRO-LPT-125467	G6SPT93	77414	Metro Manila
26017	PRO-LPT-125435	85NPT93	77410	Metro Manila
24536	PRO-LPT-89334	5CD93661SP	77602	Metro Manila
26043	PRO-LPT-125436	9VQPT93	77412	Metro Manila
20894	PRO-LPT-90643	5CD9366ZBB	70000	Metro Manila
23959	PRO-LPT-92840	5CD935558R	77607	Metro Manila
24971	PRO-LPT-89614	5CD93660VL	77602	Metro Manila
26034	PRO-LPT-125419	6VQPT93	77412	Metro Manila
26026	PRO-LPT-125431	13HPT93	77411	Metro Manila
25994	PRO-LPT-125439	91HPT93	77411	Metro Manila
20712	PRO-LPT-90418	5CD93660T4	77522	Metro Manila
24633	PRO-LPT-89376	5CD935559L	70000	Metro Manila
25022	PRO-LPT-125473	HKMXT93	70000	Metro Manila
24851	PRO-LPT-81804	5CD9349760	77616	Metro Manila
24968	PRO-LPT-82135	5CD9352WYT	77618	Metro Manila
24544	PRO-LPT-89020	5CD93660JN	77617	Metro Manila
24850	PRO-LPT-92734	5CD934978X	77618	Metro Manila
24847	PRO-LPT-93551	5CD93660SC	77617	Metro Manila
26047	PRO-LPT-125518	BKMXT93	77406	Metro Manila
21659	PRO-LPT-89689	5CD9352XBN	77617	Metro Manila
24967	PRO-LPT-81725	5CD9341N5Z	77618	Metro Manila
20734	PRO-LPT-90596	5CD935556Q	77616	Metro Manila
24881	PRO-LPT-89684	5CD93555DD	77616	Metro Manila
20639	PRO-LPT-90527	5CD9366ZJJ	77617	Metro Manila
26004	PRO-LPT-125425	J7NPT93	77625	Metro Manila
25042	PRO-LPT-125676	HRPPT93	77614	Metro Manila
24613	PRO-LPT-89813	5CD936700X	70000	Metro Manila
25612	PRO-LPT-125656	2TPPT93	77605	Metro Manila
26046	PRO-LPT-125457	87SPT93	77409	Metro Manila
25585	PRO-LPT-125667	F9KPT93	77605	Metro Manila
24570	PRO-LPT-89830	5CD9366ZCD	70000	Metro Manila
26008	PRO-LPT-125418	28NPT93	77411	Metro Manila
24439	PRO-LPT-82280	5CD93661BY	77422	Metro Manila
23708	PRO-LPT-89099	5CD9366ZFP	77402	Metro Manila
23709	PRO-LPT-90821	5CD93670S8	70000	Metro Manila
24426	PRO-LPT-94017	5CD9352X9P	73901	Metro Manila
24511	PRO-LPT-89108	5CD93660PT	77422	Metro Manila
26003	PRO-LPT-125469	32GPT93	77414	Metro Manila
25023	PRO-LPT-125485	5Y51V93	70000	Metro Manila
23734	PRO-LPT-90466	5CD9352WYC	70000	Metro Manila
25992	PRO-LPT-125468	93GPT93	77415	Metro Manila
26044	PRO-LPT-125427	9WQPT93	77430	Metro Manila
23714	PRO-LPT-90861	5CD93670JY	77515	Metro Manila
25043	PRO-LPT-125664	9THPT93	77614	Metro Manila
25034	PRO-LPT-125617	BCQPT93	77611	Metro Manila
25241	PRO-LPT-125494	C7RXT93	77617	Metro Manila
20807	PRO-LPT-93612	5CD93660J7	77417	Metro Manila
23796	PRO-LPT-89713	5CD9366ZBH	70000	Metro Manila
23797	PRO-LPT-89798	5CD9366ZBK	70000	Metro Manila
23807	PRO-LPT-89717	5CD9366Z7P	70000	Metro Manila
23809	PRO-LPT-89761	5CD9367027	70000	Metro Manila
23802	PRO-LPT-89921	5CD935559J	70000	Metro Manila
25242	PRO-LPT-125486	27NPT93	70000	Metro Manila
25243	PRO-LPT-125506	C9RXT93	77403	Metro Manila
25047	PRO-LPT-125615	FWJPT93	77611	Metro Manila
23863	PRO-LPT-89543	5CD9366Z7T	70000	Metro Manila
23869	PRO-LPT-89967	5CD93671KK	70000	Metro Manila
23865	PRO-LPT-89405	5CD93661SY	70000	Metro Manila
25244	PRO-LPT-125478	3Z51V93	77403	Metro Manila
25250	PRO-LPT-125481	D6NPT93	70000	Metro Manila
25245	PRO-LPT-125432	46NPT93	77616	Metro Manila
22179	PRO-LPT-92033	5CD9355557	73905	Metro Manila
25246	PRO-LPT-125521	3TPPT93	77618	Metro Manila
25999	PRO-LPT-125463	GQJPT93	77414	Metro Manila
26005	PRO-LPT-125404	6XQPT93	77416	Metro Manila
25098	PRO-LPT-125393	56NPT93	70000	Metro Manila
23964	PRO-LPT-89128	5CD9366ZL9	77422	Metro Manila
23965	PRO-LPT-81966	5CD9352X62	73902	Metro Manila
23958	PRO-LPT-89134	5CD936611L	77419	Metro Manila
23957	PRO-LPT-89207	5CD93661GR	70000	Metro Manila
23956	PRO-LPT-89879	5CD93671JQ	70000	Metro Manila
23955	PRO-LPT-92776	5CD93670KG	70000	Metro Manila
23962	PRO-LPT-92817	5CD93670QF	70000	Metro Manila
25247	PRO-LPT-125433	57NPT93	77618	Metro Manila
25995	PRO-LPT-125447	56SPT93	77430	Metro Manila
25248	PRO-LPT-125507	JJMXT93	77403	Metro Manila
25096	PRO-LPT-125392	B6NPT93	70000	Metro Manila
25998	PRO-LPT-125454	22GPT93	77410	Metro Manila
25249	PRO-LPT-125456	F8SPT93	77616	Metro Manila
26002	PRO-LPT-125472	DKMXT93	77411	Metro Manila
25251	PRO-LPT-125487	38RXT93	70000	Metro Manila
25099	PRO-LPT-125371	11HPT93	70000	Metro Manila
25097	PRO-LPT-125389	5WMPT93	70000	Metro Manila
25252	PRO-LPT-125483	8X51V93	77616	Metro Manila
25103	PRO-LPT-125402	4WQPT93	70000	Metro Manila
25094	PRO-LPT-125384	1BKPT93	70000	Metro Manila
25095	PRO-LPT-125354	38MPT93	70000	Metro Manila
25253	PRO-LPT-125460	72MPT93	77618	Metro Manila
25254	PRO-LPT-125462	24MPT93	77617	Metro Manila
25109	PRO-LPT-125368	5QJPT93	70000	Metro Manila
26035	PRO-LPT-125415	F7NPT93	77411	Metro Manila
20563	PRO-LPT-89011	5CD9352X4N	77417	Metro Manila
25100	PRO-LPT-125337	48KPT93	70000	Metro Manila
25101	PRO-LPT-125372	81HPT93	70000	Metro Manila
25104	PRO-LPT-125395	H6NPT93	70000	Metro Manila
25105	PRO-LPT-125387	64JPT93	70000	Metro Manila
25106	PRO-LPT-125353	FJGPT93	70000	Metro Manila
25108	PRO-LPT-125317	C4JPT93	70000	Metro Manila
25110	PRO-LPT-125355	HBKQT93	70000	Metro Manila
24435	PRO-LPT-89039	5CD9352XG0	77421	Metro Manila
24483	PRO-LPT-89475	5CD93660MZ	70000	Metro Manila
23101	PRO-LPT-89612	5CD9366ZPL	70000	Metro Manila
21361	PRO-LPT-90070	5CD93661NQ	77421	Metro Manila
24638	PRO-LPT-89802	5CD936719M	70000	Metro Manila
20389	PRO-LPT-89463	5CD93660LY	73902	Metro Manila
23760	PRO-LPT-90729	5CD93671DH	73902	Metro Manila
24450	PRO-LPT-81759	5CD9349798	73904	Metro Manila
26022	PRO-LPT-125430	BVQPT93	77415	Metro Manila
26021	PRO-LPT-125453	CRJPT93	77625	Metro Manila
26041	PRO-LPT-125417	1YQPT93	77416	Metro Manila
24623	PRO-LPT-82097	5CD9352XFY	70000	Metro Manila
24252	PRO-LPT-90529	5CD93660PP	70000	Metro Manila
26037	PRO-LPT-125502	G7NPT93	77416	Metro Manila
24445	PRO-LPT-89411	5CD93670PP	70000	Metro Manila
21338	PRO-LPT-90054	5CD93660Q2	70000	Metro Manila
25167	PRO-LPT-125479	JBHPT93	70000	Metro Manila
25171	PRO-LPT-125504	9KMXT93	70000	Metro Manila
25175	PRO-LPT-125458	B8SPT93	70000	Metro Manila
25354	PRO-LPT-125360	D3GPT93	70000	Metro Manila
25355	PRO-LPT-125339	38KPT93	70000	Metro Manila
25356	PRO-LPT-125327	J3JPT93	70000	Metro Manila
25357	PRO-LPT-125385	94JPT93	70000	Metro Manila
25358	PRO-LPT-125394	F5NPT93	70000	Metro Manila
25359	PRO-LPT-125361	64MPT93	70000	Metro Manila
25360	PRO-LPT-125313	B9MPT93	70000	Metro Manila
25361	PRO-LPT-125357	J3JPT93	70000	Metro Manila
25362	PRO-LPT-125401	3WQPT93	70000	Metro Manila
25363	PRO-LPT-125345	74MPT93	70000	Metro Manila
25364	PRO-LPT-125366	53GPT93	70000	Metro Manila
25365	PRO-LPT-125363	71GPT93	70000	Metro Manila
25366	PRO-LPT-125330	B9PPT93	70000	Metro Manila
25367	PRO-LPT-125369	50QPT93	70000	Metro Manila
25368	PRO-LPT-125338	C7MPT93	70000	Metro Manila
27349	PRO-LPT-125673	CSPPT93	70000	Metro Manila
27350	PRO-LPT-125630	J7MPT93	70000	Metro Manila
27351	PRO-LPT-125542	CVMPT93	70000	Metro Manila
27352	PRO-LPT-125549	7QJPT93	70000	Metro Manila
27353	PRO-LPT-125564	73NPT93	70000	Metro Manila
27354	PRO-LPT-125566	36JPT93	70000	Metro Manila
27364	PRO-LPT-125546	8V1XT93	70000	Metro Manila
27366	PRO-LPT-125559	FRNPT93	70000	Metro Manila
27356	PRO-LPT-125572	G9RXT93	70000	Metro Manila
27359	PRO-LPT-125547	9W1XT93	70000	Metro Manila
24839	PRO-LPT-81770	5CD9352XJK	77601	Metro Manila
27358	PRO-LPT-125543	74JPT93	70000	Metro Manila
20005	PRO-LPT-0184	5CD9352XCD	77614	Metro Manila
24923	PRO-LPT-01525	5CD9366ZZZ	77614	Metro Manila
27360	PRO-LPT-125631	GFQPT93	70000	Metro Manila
27362	PRO-LPT-125672	C3MPT93	70000	Metro Manila
27361	PRO-LPT-125548	CV1XT93	70000	Metro Manila
20100	PRO-LPT-4991	5CD93661GD	70000	Metro Manila
27363	PRO-LPT-125557	BWMPT93	70000	Metro Manila
27365	PRO-LPT-125671	79KPT93	70000	Metro Manila
27367	PRO-LPT-125674	BWJPT93	70000	Metro Manila
25540	PRO-LPT-125608	FQNPT93	70000	Metro Manila
25574	PRO-LPT-125659	6SRPT93	77608	Metro Manila
25533	PRO-LPT-125582	6W51V93	70000	Metro Manila
25547	PRO-LPT-125592	88RXT93	70000	Metro Manila
25583	PRO-LPT-125587	5LMXT93	70000	Metro Manila
25596	PRO-LPT-125570	H8RXT93	70000	Metro Manila
25534	PRO-LPT-125654	BTPPT93	77615	Metro Manila
25536	PRO-LPT-125562	33GPT93	70000	Metro Manila
25543	PRO-LPT-125530	83NPT93	70000	Metro Manila
25545	PRO-LPT-125598	J9LQT93	70000	Metro Manila
25548	PRO-LPT-125560	CTPPT93	70000	Metro Manila
25576	PRO-LPT-125534	4QNPT93	70000	Metro Manila
25546	PRO-LPT-125529	18RXT93	77605	Metro Manila
25591	PRO-LPT-125586	J8RXT93	70000	Metro Manila
25643	PRO-LPT-125594	F6NPT93	70000	Metro Manila
25636	PRO-LPT-125581	BJMXT93	77605	Metro Manila
25575	PRO-LPT-125603	17NPT93	70000	Metro Manila
20009	PRO-LPT-81718	5CD9341N69	77609	Metro Manila
25551	PRO-LPT-125533	HQNPT93	70000	Metro Manila
25564	PRO-LPT-125577	11QPT93	70000	Metro Manila
25572	PRO-LPT-125563	DRPPT93	70000	Metro Manila
25577	PRO-LPT-125584	8DLQT93	70000	Metro Manila
25592	PRO-LPT-125597	6DLQT93	70000	Metro Manila
25560	PRO-LPT-125569	FJMXT93	70000	Metro Manila
25578	PRO-LPT-125576	13MPT93	70000	Metro Manila
25613	PRO-LPT-125600	9X51V93	70000	Metro Manila
25626	PRO-LPT-125536	GVQPT93	70000	Metro Manila
25553	PRO-LPT-125599	47NPT93	70000	Metro Manila
25593	PRO-LPT-125550	89MPT93	70000	Metro Manila
25603	PRO-LPT-125589	6YPPT93	70000	Metro Manila
25624	PRO-LPT-125558	D6JPT93	70000	Metro Manila
26040	PRO-LPT-125459	63MPT93	77411	Metro Manila
27023	PRO-LPT-125471	F9RXT93	70000	Metro Manila
25554	PRO-LPT-125612	5X51V93	70000	Metro Manila
25561	PRO-LPT-125553	41HPT93	70000	Metro Manila
25615	PRO-LPT-125531	42NPT93	70000	Metro Manila
25618	PRO-LPT-125535	H9RXT93	70000	Metro Manila
25563	PRO-LPT-125523	H2HPT93	77609	Metro Manila
25569	PRO-LPT-125595	39RXT93	70000	Metro Manila
25602	PRO-LPT-125579	H1HPT93	70000	Metro Manila
25608	PRO-LPT-125578	32HPT93	70000	Metro Manila
25633	PRO-LPT-125554	C5JPT93	70000	Metro Manila
25556	PRO-LPT-125613	JW51V93	70000	Metro Manila
25565	PRO-LPT-125590	BDLQT93	70000	Metro Manila
25568	PRO-LPT-125596	16NPT93	70000	Metro Manila
25558	PRO-LPT-125601	B7RXT93	70000	Metro Manila
25562	PRO-LPT-125610	BSPPT93	70000	Metro Manila
25571	PRO-LPT-125555	8RPPT93	70000	Metro Manila
25589	PRO-LPT-125544	CKMXT93	70000	Metro Manila
25597	PRO-LPT-125611	87NPT93	70000	Metro Manila
25599	PRO-LPT-125571	HVQPT93	70000	Metro Manila
25567	PRO-LPT-125565	1WMPT93	70000	Metro Manila
25619	PRO-LPT-125532	9RNPT93	70000	Metro Manila
25627	PRO-LPT-125602	CX51V93	70000	Metro Manila
25570	PRO-LPT-125568	89RXT93	77605	Metro Manila
25579	PRO-LPT-125591	36NPT93	70000	Metro Manila
25632	PRO-LPT-125573	D9RXT93	70000	Metro Manila
27024	PRO-LPT-125514	76NPT93	70000	Metro Manila
27034	PRO-LPT-125440	J1GPT93	70000	Metro Manila
25637	PRO-LPT-125593	96NPT93	70000	Metro Manila
27025	PRO-LPT-125410	66NPT93	70000	Metro Manila
25629	PRO-LPT-125639	FTJPT93	77615	Metro Manila
25594	PRO-LPT-125605	DJMXT93	70000	Metro Manila
25600	PRO-LPT-125540	96JPT93	70000	Metro Manila
25611	PRO-LPT-125537	1WQPT93	70000	Metro Manila
25640	PRO-LPT-125604	4X51V93	70000	Metro Manila
27026	PRO-LPT-125452	57SPT93	70000	Metro Manila
27029	PRO-LPT-125517	4LMXT93	70000	Metro Manila
25601	PRO-LPT-125583	JBLQT93	70000	Metro Manila
25635	PRO-LPT-125609	J2NPT93	70000	Metro Manila
25607	PRO-LPT-125633	FTPPT93	77601	Metro Manila
27027	PRO-LPT-125428	95NPT93	70000	Metro Manila
24624	PRO-LPT-81731	5CD9349739	77615	Metro Manila
25610	PRO-LPT-125575	8BLQT93	70000	Metro Manila
25638	PRO-LPT-125541	34LPT93	70000	Metro Manila
25645	PRO-LPT-125552	86NPT93	70000	Metro Manila
27028	PRO-LPT-125429	97NPT93	70000	Metro Manila
27035	PRO-LPT-125511	14JPT93	70000	Metro Manila
25617	PRO-LPT-125556	7DLQT93	70000	Metro Manila
25623	PRO-LPT-125574	8VQPT93	70000	Metro Manila
27030	PRO-LPT-125464	67SPT93	70000	Metro Manila
27031	PRO-LPT-125474	1MMXT93	70000	Metro Manila
25625	PRO-LPT-125561	46JPT93	70000	Metro Manila
25631	PRO-LPT-125538	8XQPT93	70000	Metro Manila
25639	PRO-LPT-125614	HX51V93	70000	Metro Manila
25642	PRO-LPT-125580	FZPPT93	70000	Metro Manila
27032	PRO-LPT-125512	5LLPT93	70000	Metro Manila
27036	PRO-LPT-125443	J3MPT93	70000	Metro Manila
27037	PRO-LPT-125466	37SPT93	70000	Metro Manila
25644	PRO-LPT-125606	J6NPT93	70000	Metro Manila
27033	PRO-LPT-125515	35NPT93	70000	Metro Manila
23961	PRO-LPT-81735	5CD9349747	77607	Metro Manila
24785	PRO-LPT-81733	5CD934970V	77606	Metro Manila
24626	PRO-LPT-81740	5CD9352XDP	70000	Metro Manila
25679	PRO-LPT-125329	F2MPT93	70000	Metro Manila
24571	PRO-LPT-81737	5CD9349704	77609	Metro Manila
25685	PRO-LPT-125318	B4NPT93	70000	Metro Manila
25715	PRO-LPT-127223	1CHQT93	70000	Metro Manila
25682	PRO-LPT-125398	65NPT93	70000	Metro Manila
25684	PRO-LPT-125403	C6NPT93	70000	Metro Manila
24578	PRO-LPT-89234	5CD935551H	77514	Metro Manila
25690	PRO-LPT-125399	JXQPT93	70000	Metro Manila
25699	PRO-LPT-127213	8TLPT93	70000	Metro Manila
25700	PRO-LPT-127151	3PLQT93	70000	Metro Manila
25701	PRO-LPT-127226	1ZGQT93	70000	Metro Manila
25702	PRO-LPT-127204	1FRXT93	70000	Metro Manila
25703	PRO-LPT-127189	6TLPT93	70000	Metro Manila
25704	PRO-LPT-127217	FWLPT93	70000	Metro Manila
25705	PRO-LPT-127207	J5KQT93	70000	Metro Manila
25706	PRO-LPT-127237	4KMXT93	70000	Metro Manila
25707	PRO-LPT-127150	8ZPPT93	70000	Metro Manila
25713	PRO-LPT-127181	FTHPT93	70000	Metro Manila
25725	PRO-LPT-127175	DQLQT93	70000	Metro Manila
25708	PRO-LPT-127206	4CZWT93	70000	Metro Manila
25727	PRO-LPT-127135	5DKQT93	70000	Metro Manila
25731	PRO-LPT-127185	1JQPT93	70000	Metro Manila
25738	PRO-LPT-127115	6CPPT93	70000	Metro Manila
25709	PRO-LPT-127180	3BPPT93	70000	Metro Manila
25710	PRO-LPT-127109	9TLQT93	70000	Metro Manila
25711	PRO-LPT-127212	2WLPT93	70000	Metro Manila
25712	PRO-LPT-127164	9BPPT93	70000	Metro Manila
25714	PRO-LPT-127163	7DKQT93	70000	Metro Manila
25720	PRO-LPT-127214	J4YWT93	70000	Metro Manila
25721	PRO-LPT-127173	72PPT93	70000	Metro Manila
25716	PRO-LPT-127121	1BPPT93	70000	Metro Manila
25717	PRO-LPT-127158	D3MPT93	70000	Metro Manila
25722	PRO-LPT-127116	2BPPT93	70000	Metro Manila
25730	PRO-LPT-127168	BRLQT93	70000	Metro Manila
25732	PRO-LPT-127126	9SLQT93	70000	Metro Manila
25737	PRO-LPT-127130	3GQPT93	70000	Metro Manila
25740	PRO-LPT-127139	6GQPT93	70000	Metro Manila
25718	PRO-LPT-127178	9CQPT93	70000	Metro Manila
25719	PRO-LPT-127119	G2MPT93	70000	Metro Manila
25724	PRO-LPT-127179	HDQPT93	70000	Metro Manila
25748	PRO-LPT-127167	81KQT93	70000	Metro Manila
25723	PRO-LPT-127197	7YMPT93	70000	Metro Manila
25739	PRO-LPT-127110	BSLQT93	70000	Metro Manila
25742	PRO-LPT-127161	F1MPT93	70000	Metro Manila
25741	PRO-LPT-127176	9PLQT93	70000	Metro Manila
25728	PRO-LPT-127187	DJQPT93	70000	Metro Manila
24514	PRO-LPT-81741	5CD9352WY1	77604	Metro Manila
25729	PRO-LPT-127128	2CPPT93	70000	Metro Manila
25745	PRO-LPT-127229	CHQPT93	70000	Metro Manila
25733	PRO-LPT-127120	5CPPT93	70000	Metro Manila
25736	PRO-LPT-127137	34MPT93	70000	Metro Manila
25734	PRO-LPT-127147	7TLQT93	70000	Metro Manila
23940	PRO-LPT-93565	5CD9352XGM	70000	Metro Manila
23973	PRO-LPT-89111	5CD9366ZKL	70000	Metro Manila
23930	PRO-LPT-93407	5CD93670FW	70000	Metro Manila
25735	PRO-LPT-127114	DSHPT93	70000	Metro Manila
25744	PRO-LPT-127123	J1MPT93	70000	Metro Manila
23929	PRO-LPT-93424	5CD935551V	70000	Metro Manila
23970	PRO-LPT-89558	5CD93671Q6	70000	Metro Manila
25743	PRO-LPT-127230	2ZGQT93	70000	Metro Manila
25746	PRO-LPT-127132	FFQPT93	70000	Metro Manila
25747	PRO-LPT-127162	JDQPT93	70000	Metro Manila
24833	PRO-LPT-81746	5CD9352XCD	77614	Metro Manila
24849	PRO-LPT-81748	5CD9352X9C	77602	Metro Manila
24786	PRO-LPT-81758	5CD9349743	70000	Metro Manila
22102	PRO-LPT-89504	5CD93660Z4	70000	Metro Manila
24650	PRO-LPT-81752	5CD9352XLG	77604	Metro Manila
23933	PRO-LPT-93615	5CD93671DN	70000	Metro Manila
24756	PRO-LPT-93554	5CD93660MJ	70000	Metro Manila
23941	PRO-LPT-93186	5CD9367103	70000	Metro Manila
22114	PRO-LPT-90308	5CD93660YC	70000	Metro Manila
24942	PRO-LPT-81760	5CD9349745	77612	Metro Manila
23939	PRO-LPT-93484	5CD9352XHW	70000	Metro Manila
20801	PRO-LPT-93483	5CD93555JV	70000	Metro Manila
24455	PRO-LPT-93416	5CD93670CB	70000	Metro Manila
24882	PRO-LPT-81763	5CD9352XKJ	70000	Metro Manila
24829	PRO-LPT-81772	5CD9352XL0	70000	Metro Manila
23972	PRO-LPT-89075	5CD93670VM	70000	Metro Manila
24566	PRO-LPT-81771	5CD934970F	70000	Metro Manila
24249	PRO-LPT-81777	5CD9352X6J	70000	Metro Manila
24969	PRO-LPT-81794	5CD93496ZG	70000	Metro Manila
24488	PRO-LPT-81795	5CD9349722	70000	Metro Manila
25970	PRO-LPT-94067	5CD93670YF	73902	Metro Manila
25978	PRO-LPT-125484	37NPT93	70000	Metro Manila
25979	PRO-LPT-125498	J2HPT93	70000	Metro Manila
25980	PRO-LPT-125482	C7NPT93	70000	Metro Manila
25981	PRO-LPT-125437	DWQPT93	70000	Metro Manila
25982	PRO-LPT-125477	1JMXT93	70000	Metro Manila
25983	PRO-LPT-125495	DSPPT93	70000	Metro Manila
25984	PRO-LPT-125497	B1HPT93	70000	Metro Manila
25985	PRO-LPT-125519	5TPPT93	70000	Metro Manila
25986	PRO-LPT-125516	7LMXT93	70000	Metro Manila
25987	PRO-LPT-125499	45NPT93	70000	Metro Manila
25988	PRO-LPT-125475	DLMXT93	70000	Metro Manila
25989	PRO-LPT-125496	G5JPT93	70000	Metro Manila
23948	PRO-LPT-90319	5CD93660NM	70000	Metro Manila
21803	PRO-LPT-90334	5CD93661NF	70000	Metro Manila
24067	PRO-LPT-90572	5CD93661F4	70000	Metro Manila
21786	PRO-LPT-90773	5CD9367058	70000	Metro Manila
24941	PRO-LPT-81799	5CD9349723	70000	Metro Manila
24569	PRO-LPT-81867	5CD9349749	70000	Metro Manila
25993	PRO-LPT-125416	75NPT93	77430	Metro Manila
25997	PRO-LPT-125422	7WQPT93	77415	Metro Manila
25014	PRO-LPT-81800	5CD9349715	70000	Metro Manila
26010	PRO-LPT-125513	B5NPT93	77412	Metro Manila
26031	PRO-LPT-125461	73GPT93	77405	Metro Manila
26029	PRO-LPT-125444	22MPT93	77411	Metro Manila
26020	PRO-LPT-125438	D7NPT93	77405	Metro Manila
20162	PRO-LPT-81839	5CD934972D	70000	Metro Manila
26016	PRO-LPT-125449	83GPT93	77415	Metro Manila
26011	PRO-LPT-125407	JVQPT93	77412	Metro Manila
26001	PRO-LPT-125414	6WQPT93	77428	Metro Manila
24543	PRO-LPT-81830	5CD9349757	70000	Metro Manila
26007	PRO-LPT-125409	CXQPT93	77429	Metro Manila
26012	PRO-LPT-125423	HWQPT93	77409	Metro Manila
26027	PRO-LPT-125442	F3MPT93	77406	Metro Manila
26019	PRO-LPT-125426	2WQPT93	77412	Metro Manila
26028	PRO-LPT-125470	42MPT93	77414	Metro Manila
26036	PRO-LPT-125445	G7SPT93	77625	Metro Manila
26024	PRO-LPT-125441	34GPT93	77415	Metro Manila
26032	PRO-LPT-125412	BWQPT93	77430	Metro Manila
26033	PRO-LPT-125408	B7NPT93	77411	Metro Manila
27227	PRO-LPT-127156	DBPPT93	70000	Metro Manila
27231	PRO-LPT-127169	5PLQT93	70000	Metro Manila
27236	PRO-LPT-127143	1QLQT93	70000	Metro Manila
27241	PRO-LPT-127172	61KQT93	70000	Metro Manila
27228	PRO-LPT-127228	D5KQT93	70000	Metro Manila
27235	PRO-LPT-127134	8KGPT93	70000	Metro Manila
27244	PRO-LPT-127215	CTLPT93	70000	Metro Manila
27245	PRO-LPT-127125	DVHPT93	70000	Metro Manila
27229	PRO-LPT-127239	7BLQT93	70000	Metro Manila
27230	PRO-LPT-127148	HCPPT93	70000	Metro Manila
21813	PRO-LPT-90565	5CD9366ZQR	70000	Metro Manila
27232	PRO-LPT-127129	73MPT93	70000	Metro Manila
27233	PRO-LPT-127166	8QLQT93	70000	Metro Manila
27237	PRO-LPT-127188	4ZGQT93	70000	Metro Manila
27238	PRO-LPT-127144	FPLQT93	70000	Metro Manila
27255	PRO-LPT-127218	5VLPT93	70000	Metro Manila
27258	PRO-LPT-127241	2YGQT93	70000	Metro Manila
27234	PRO-LPT-127238	9TLPT93	70000	Metro Manila
27243	PRO-LPT-127140	1GQPT93	70000	Metro Manila
27246	PRO-LPT-127149	4ZPPT93	70000	Metro Manila
27259	PRO-LPT-127209	9ZGQT93	70000	Metro Manila
27271	PRO-LPT-127182	4VLPT93	70000	Metro Manila
27274	PRO-LPT-127118	3SHPT93	70000	Metro Manila
27242	PRO-LPT-127174	DZPPT93	70000	Metro Manila
27247	PRO-LPT-127225	J20XT93	70000	Metro Manila
27240	PRO-LPT-127157	F9PPT93	70000	Metro Manila
27253	PRO-LPT-127155	4FQPT93	70000	Metro Manila
27256	PRO-LPT-127201	DWLPT93	70000	Metro Manila
27262	PRO-LPT-127138	BCPPT93	70000	Metro Manila
27267	PRO-LPT-127165	70KQT93	70000	Metro Manila
27248	PRO-LPT-127211	GYGQT93	70000	Metro Manila
27249	PRO-LPT-127142	BPLQT93	70000	Metro Manila
27250	PRO-LPT-127203	1BRXT93	70000	Metro Manila
27251	PRO-LPT-127186	BYGQT93	70000	Metro Manila
27254	PRO-LPT-127195	99ZWT93	70000	Metro Manila
27265	PRO-LPT-127199	9HQPT93	70000	Metro Manila
27252	PRO-LPT-127190	GY51V93	70000	Metro Manila
27263	PRO-LPT-127170	1ZPPT93	70000	Metro Manila
27275	PRO-LPT-127208	C4KQT93	70000	Metro Manila
27276	PRO-LPT-127127	8VHPT93	70000	Metro Manila
27277	PRO-LPT-127153	HNLQT93	70000	Metro Manila
27257	PRO-LPT-127171	4QLQT93	70000	Metro Manila
27260	PRO-LPT-127232	5YGQT93	70000	Metro Manila
27261	PRO-LPT-127117	JFQPT93	70000	Metro Manila
27269	PRO-LPT-127242	72HQT93	70000	Metro Manila
27270	PRO-LPT-127177	3ZPPT93	70000	Metro Manila
27273	PRO-LPT-127234	CLQPT93	70000	Metro Manila
27264	PRO-LPT-127200	4WLPT93	70000	Metro Manila
27268	PRO-LPT-127152	7YPPT93	70000	Metro Manila
27272	PRO-LPT-127113	71MPT93	70000	Metro Manila
27287	PRO-LPT-127240	CYGQT93	70000	Metro Manila
27289	PRO-LPT-127235	5ZGQT93	70000	Metro Manila
27266	PRO-LPT-127146	G8MPT93	70000	Metro Manila
27285	PRO-LPT-127222	95KQT93	70000	Metro Manila
27292	PRO-LPT-127194	2Y51V93	70000	Metro Manila
27279	PRO-LPT-127231	9JQPT93	70000	Metro Manila
27280	PRO-LPT-127159	1LGPT93	70000	Metro Manila
27281	PRO-LPT-127183	9BZWT93	70000	Metro Manila
27286	PRO-LPT-127141	GRLQT93	70000	Metro Manila
24512	PRO-LPT-81919	5CD9349721	70000	Metro Manila
27282	PRO-LPT-127192	9WLPT93	70000	Metro Manila
27283	PRO-LPT-127154	6ZPPT93	70000	Metro Manila
27288	PRO-LPT-127205	G3KQT93	70000	Metro Manila
27284	PRO-LPT-127196	D9LQT93	70000	Metro Manila
27290	PRO-LPT-127220	H9HQT93	70000	Metro Manila
27297	PRO-LPT-127233	JJQPT93	70000	Metro Manila
27291	PRO-LPT-127224	JNHQT93	70000	Metro Manila
27295	PRO-LPT-127219	DX51V93	70000	Metro Manila
26537	PRO-LPT-125335	G3JPT93	70000	Metro Manila
26538	PRO-LPT-125352	7LLPT93	70000	Metro Manila
26539	PRO-LPT-125382	86JPT93	70000	Metro Manila
26540	PRO-LPT-125397	18NPT93	70000	Metro Manila
26541	PRO-LPT-125370	C1HPT93	70000	Metro Manila
26542	PRO-LPT-125342	J9PPT93	70000	Metro Manila
26543	PRO-LPT-125348	12GPT93	70000	Metro Manila
26544	PRO-LPT-125351	7DPPT93	70000	Metro Manila
26545	PRO-LPT-125321	DCQPT93	70000	Metro Manila
26546	PRO-LPT-125344	JNJPT93	70000	Metro Manila
26547	PRO-LPT-125375	84GPT93	70000	Metro Manila
26548	PRO-LPT-125308	DTRPT93	70000	Metro Manila
26549	PRO-LPT-125396	38NPT93	70000	Metro Manila
26550	PRO-LPT-125314	G9KQT93	70000	Metro Manila
26562	PRO-LPT-125343	67KPT93	70000	Metro Manila
27293	PRO-LPT-127133	1VHPT93	70000	Metro Manila
27296	PRO-LPT-127221	3CHQT93	70000	Metro Manila
26551	PRO-LPT-125333	23KQT93	70000	Metro Manila
26552	PRO-LPT-125347	F3GPT93	70000	Metro Manila
26553	PRO-LPT-125386	JRPPT93	70000	Metro Manila
26554	PRO-LPT-125334	89PPT93	70000	Metro Manila
26555	PRO-LPT-125376	74GPT93	70000	Metro Manila
26567	PRO-LPT-125365	91GPT93	70000	Metro Manila
26576	PRO-LPT-125307	7CHPT93	70000	Metro Manila
26556	PRO-LPT-125303	7SHPT93	70000	Metro Manila
26563	PRO-LPT-125324	92KQT93	70000	Metro Manila
26574	PRO-LPT-125316	8DKQT93	70000	Metro Manila
26575	PRO-LPT-124331	H3MPT93	70000	Metro Manila
26579	PRO-LPT-125325	28MPT93	70000	Metro Manila
26585	PRO-LPT-125379	B7KPT93	70000	Metro Manila
27294	PRO-LPT-127112	8SHPT93	70000	Metro Manila
26557	PRO-LPT-125358	G2GPT93	70000	Metro Manila
26566	PRO-LPT-125332	H1KQT93	70000	Metro Manila
26577	PRO-LPT-125326	2SPPT93	70000	Metro Manila
26582	PRO-LPT-125322	8XJPT93	70000	Metro Manila
26558	PRO-LPT-125341	9VHPT93	70000	Metro Manila
26559	PRO-LPT-125380	D3JPT93	70000	Metro Manila
26564	PRO-LPT-125377	HXMPT93	70000	Metro Manila
26568	PRO-LPT-125311	DTPPT93	70000	Metro Manila
26569	PRO-LPT-125310	G9KPT93	70000	Metro Manila
26580	PRO-LPT-125305	5XMPT93	70000	Metro Manila
24792	PRO-LPT-92833	5CD936709B	77510	Metro Manila
26560	PRO-LPT-125319	13KQT93	70000	Metro Manila
26572	PRO-LPT-125367	4SPPT93	70000	Metro Manila
26584	PRO-LPT-125320	G9PPT93	70000	Metro Manila
26561	PRO-LPT-125383	B1GPT93	70000	Metro Manila
26565	PRO-LPT-125378	FSPPT93	70000	Metro Manila
26570	PRO-LPT-125306	78KPT93	70000	Metro Manila
26571	PRO-LPT-125388	JKLPT93	70000	Metro Manila
26573	PRO-LPT-125390	GRPPT93	70000	Metro Manila
26578	PRO-LPT-125309	3RPPT93	70000	Metro Manila
26583	PRO-LPT-125373	B5JPT93	70000	Metro Manila
26581	PRO-LPT-125336	GVRPT93	70000	Metro Manila
25991	PRO-LPT-95065	5CD9366ZQR	70000	Metro Manila
24961	PRO-LPT-81928	5CD934971M	77611	Metro Manila
23953	PRO-LPT-81932	5CD9352XJW	70000	Metro Manila
26025	PRO-LPT-125421	5WQPT93	77430	Metro Manila
25040	PRO-LPT-125626	9YMPT93	77603	Metro Manila
21510	PRO-LPT-89901	5CD93670QW	77524	Metro Manila
27581	PRO-LPT-127193	F9ZWT93	70000	Metro Manila
27666	PRO-LPT-94078	5CD9366ZSZ	77446	Metro Manila
27582	PRO-LPT-127111	9DKQT93	70000	Metro Manila
27239	PRO-LPT-127122	52MPT93	70000	Metro Manila
25039	PRO-LPT-125629	17PPT93	77603	Metro Manila
25046	PRO-LPT-125618	5VRPT93	77611	Metro Manila
25037	PRO-LPT-125623	DSRPT93	77611	Metro Manila
25053	PRO-LPT-125627	19MPT93	77603	Metro Manila
25051	PRO-LPT-125620	33LPT93	77603	Metro Manila
25049	PRO-LPT-125628	FVJPT93	77603	Metro Manila
25050	PRO-LPT-125625	8SRPT93	77611	Metro Manila
25045	PRO-LPT-125619	2DQPT93	77603	Metro Manila
25038	PRO-LPT-125616	4DQPT93	77611	Metro Manila
27585	PRO-LPT-127131	D0KQT93	77426	Metro Manila
27577	PRO-LPT-127198	FX51V93	77426	Metro Manila
24844	PRO-LPT-81973	5CD9352X8L	77449	Metro Manila
24199	PRO-LPT-81982	5CD9352X1G	77601	Metro Manila
24451	PRO-LPT-81976	5CD9352X0S	70000	Metro Manila
24795	PRO-LPT-82008	5CD9352XBL	70000	Metro Manila
24614	PRO-LPT-81981	5CD9352X27	70000	Metro Manila
24631	PRO-LPT-81991	5CD9352X39	77513	Metro Manila
25620	PRO-LPT-125669	JCLQT93	77608	Metro Manila
25634	PRO-LPT-125661	C8MPT93	77613	Metro Manila
25535	PRO-LPT-125644	9VRPT93	77610	Metro Manila
25539	PRO-LPT-125658	B7MPT93	77608	Metro Manila
25555	PRO-LPT-125642	2WJPT93	77610	Metro Manila
25606	PRO-LPT-125670	7CQPT93	77608	Metro Manila
25544	PRO-LPT-125641	DCLQT93	77610	Metro Manila
25647	PRO-LPT-125650	78PPT93	77613	Metro Manila
25590	PRO-LPT-125640	J9MPT93	77615	Metro Manila
25604	PRO-LPT-125652	D9PPT93	77615	Metro Manila
25648	PRO-LPT-125660	49KPT93	77608	Metro Manila
25584	PRO-LPT-125649	2BMPT93	77613	Metro Manila
25609	PRO-LPT-125645	D7MPT93	77610	Metro Manila
25598	PRO-LPT-125662	D8MPT93	77613	Metro Manila
25550	PRO-LPT-125653	3WRPT93	77615	Metro Manila
25628	PRO-LPT-125643	49PPT93	77610	Metro Manila
25622	PRO-LPT-125632	98KPT93	77610	Metro Manila
25641	PRO-LPT-125647	5DLQT93	77613	Metro Manila
25630	PRO-LPT-125651	9DLQT93	77615	Metro Manila
25595	PRO-LPT-125657	HSRPT93	77608	Metro Manila
24548	PRO-LPT-82026	5CD9352X2Q	77403	Metro Manila
24491	PRO-LPT-82130	5CD9352XF9	70000	Metro Manila
25566	PRO-LPT-125635	JTJPT93	77601	Metro Manila
25605	PRO-LPT-125527	JKMXT93	77604	Metro Manila
24872	PRO-LPT-82044	5CD9352X9W	77443	Metro Manila
24487	PRO-LPT-82025	5CD9352X7L	70000	Metro Manila
27334	PRO-LPT-125488	DW51V93	77414	Metro Manila
27331	PRO-LPT-125522	BRPPT93	77410	Metro Manila
27335	PRO-LPT-125505	3Y51V93	77410	Metro Manila
27338	PRO-LPT-125510	67RXT93	77410	Metro Manila
27332	PRO-LPT-125520	F5JPT93	77410	Metro Manila
27337	PRO-LPT-125448	C1MPT93	77414	Metro Manila
27333	PRO-LPT-125493	4Z51V93	77414	Metro Manila
24621	PRO-LPT-82058	5CD9352X4Z	77403	Metro Manila
24542	PRO-LPT-82143	5CD9352X36	70000	Metro Manila
20101	PRO-LPT-82171	5CD936613K	70000	Metro Manila
23952	PRO-LPT-82145	5CD9352X93	70000	Metro Manila
24917	PRO-LPT-82178	5CD936614R	70000	Metro Manila
24892	PRO-LPT-82184	5CD93661NK	70000	Metro Manila
24556	PRO-LPT-89003	5CD936616P	70000	Metro Manila
23707	PRO-LPT-89007	5CD0092QD8	70000	Metro Manila
24604	PRO-LPT-82176	5CD9366133	77609	Metro Manila
24878	PRO-LPT-89036	5CD935556K	70000	Metro Manila
24644	PRO-LPT-82185	5CD93661JM	73902	Metro Manila
24641	PRO-LPT-82257	5CD936613H	70000	Metro Manila
24630	PRO-LPT-82271	5CD93661B2	77442	Metro Manila
24789	PRO-LPT-82260	5CD93661BX	70000	Metro Manila
23966	PRO-LPT-89068	5CD93555GY	77607	Metro Manila
24515	PRO-LPT-82273	5CD9366159	77611	Metro Manila
24429	PRO-LPT-89130	5CD93661GW	70000	Metro Manila
22959	PRO-LPT-89004	5CD936616G	70000	Metro Manila
24755	PRO-LPT-89027	5CD93670R2	70000	Metro Manila
24461	PRO-LPT-89158	5CD93660QR	77403	Metro Manila
22309	PRO-LPT-89010	5CD93555GD	70000	Metro Manila
24496	PRO-LPT-89018	5CD935555S	70000	Metro Manila
24622	PRO-LPT-89033	5CD9352XC9	70000	Metro Manila
24654	PRO-LPT-89110	5CD936716N	70000	Metro Manila
24594	PRO-LPT-89117	5CD93660TH	70000	Metro Manila
23803	PRO-LPT-89241	5CD935556C	77523	Metro Manila
24962	PRO-LPT-89279	5CD9366Z82	77611	Metro Manila
24599	PRO-LPT-89131	5CD9366113	70000	Metro Manila
22908	PRO-LPT-89145	5CD93660L2	70000	Metro Manila
24951	PRO-LPT-89182	5CD93555JT	70000	Metro Manila
20926	PRO-LPT-89192	5CD93661GS	77402	Metro Manila
22307	PRO-LPT-89415	5CD93660GW	70000	Metro Manila
22071	PRO-LPT-89125	5CD936617G	77417	Metro Manila
24600	PRO-LPT-89129	5CD9366ZTJ	77515	Metro Manila
24449	PRO-LPT-89191	5CD9366176	70000	Metro Manila
21212	PRO-LPT-89218	5CD9366171	73901	Metro Manila
24251	PRO-LPT-89189	5CD936615H	77445	Metro Manila
22702	PRO-LPT-89215	5CD9366198	70000	Metro Manila
21492	PRO-LPT-89219	5CD93661PL	70000	Metro Manila
22808	PRO-LPT-89269	5CD93661PV	70000	Metro Manila
24592	PRO-LPT-89232	5CD9355596	70000	Metro Manila
20679	PRO-LPT-89440	5CD93660LC	70000	Metro Manila
22387	PRO-LPT-89387	5CD9366134	73902	Metro Manila
23862	PRO-LPT-89227	5CD93661P9	77527	Metro Manila
22374	PRO-LPT-89350	5CD935558G	77516	Metro Manila
22042	PRO-LPT-89346	5CD936616H	70000	Metro Manila
21661	PRO-LPT-89393	5CD93671JN	77501	Metro Manila
22666	PRO-LPT-89414	5CD93661LN	70000	Metro Manila
23808	PRO-LPT-89458	5CD93660RF	70000	Metro Manila
21484	PRO-LPT-89466	5CD93671JF	73903	Metro Manila
23092	PRO-LPT-89482	5CD936717T	70000	Metro Manila
24503	PRO-LPT-89349	5CD935557F	70000	Metro Manila
22392	PRO-LPT-89588	5CD936714X	70000	Metro Manila
22658	PRO-LPT-89593	5CD9352X3P	77448	Metro Manila
22804	PRO-LPT-89392	5CD93555BN	73904	Metro Manila
22055	PRO-LPT-89381	5CD9352X95	70000	Metro Manila
23866	PRO-LPT-89523	5CD93670VS	77525	Metro Manila
23915	PRO-LPT-89391	5CD9352X13	70000	Metro Manila
22813	PRO-LPT-89467	5CD9366ZF6	70000	Metro Manila
24938	PRO-LPT-89474	5CD93671NS	70000	Metro Manila
23795	PRO-LPT-89484	5CD936709V	77516	Metro Manila
22384	PRO-LPT-89437	5CD9366Z86	73905	Metro Manila
21648	PRO-LPT-89470	5CD93671LD	70000	Metro Manila
24954	PRO-LPT-89502	5CD93670M0	77519	Metro Manila
22898	PRO-LPT-89457	5CD936700T	77517	Metro Manila
24605	PRO-LPT-89473	5CD93671MD	70000	Metro Manila
23105	PRO-LPT-89518	5CD93670VV	70000	Metro Manila
20388	PRO-LPT-89503	5CD9366ZL0	73905	Metro Manila
23083	PRO-LPT-89513	5CD9366Z9Q	70000	Metro Manila
21560	PRO-LPT-89566	5CD93670CZ	70000	Metro Manila
24517	PRO-LPT-89766	5CD9366ZC5	70000	Metro Manila
20088	PRO-LPT-90168	5CD93661C2	73903	Metro Manila
20210	PRO-LPT-89528	5CD93661BP	70000	Metro Manila
22935	PRO-LPT-89536	5CD936717R	77420	Metro Manila
22363	PRO-LPT-89831	5CD93671BR	70000	Metro Manila
24558	PRO-LPT-89591	5CD93671HF	70000	Metro Manila
24627	PRO-LPT-89621	5CD93671KS	70000	Metro Manila
22681	PRO-LPT-89629	5CD9366Z8R	77449	Metro Manila
23075	PRO-LPT-89570	5CD9366ZB0	77419	Metro Manila
22459	PRO-LPT-89657	5CD93660ZM	77527	Metro Manila
21652	PRO-LPT-89663	5CD93671P8	70000	Metro Manila
24555	PRO-LPT-89654	5CD93660ZD	77509	Metro Manila
23429	PRO-LPT-89863	5CD93671LP	73905	Metro Manila
21514	PRO-LPT-89610	5CD9366ZZ1	77520	Metro Manila
24527	PRO-LPT-89750	5CD9366125	70000	Metro Manila
23806	PRO-LPT-89767	5CD936717B	70000	Metro Manila
24525	PRO-LPT-89816	5CD936715Q	77402	Metro Manila
24427	PRO-LPT-89705	5CD9366ZDT	73904	Metro Manila
24535	PRO-LPT-89796	5CD93671HG	70000	Metro Manila
21508	PRO-LPT-89724	5CD936610D	70000	Metro Manila
24590	PRO-LPT-89730	5CD93555GH	70000	Metro Manila
24580	PRO-LPT-89771	5CD93671HH	70000	Metro Manila
24436	PRO-LPT-89971	5CD9366ZK4	70000	Metro Manila
22697	PRO-LPT-90042	5CD93661CZ	77508	Metro Manila
23094	PRO-LPT-89851	5CD9366ZYZ	70000	Metro Manila
22924	PRO-LPT-89844	5CD93670TP	70000	Metro Manila
21505	PRO-LPT-89918	5CD9366ZN1	70000	Metro Manila
22891	PRO-LPT-89924	5CD93670QD	77442	Metro Manila
21487	PRO-LPT-89956	5CD9366ZNH	70000	Metro Manila
22664	PRO-LPT-90372	5CD93555C6	70000	Metro Manila
20681	PRO-LPT-90376	5CD935556V	70000	Metro Manila
22305	PRO-LPT-90531	5CD936713T	77507	Metro Manila
20939	PRO-LPT-90025	5CD93661C4	70000	Metro Manila
21276	PRO-LPT-90126	5CD93670FB	70000	Metro Manila
21334	PRO-LPT-90204	5CD93660PK	73905	Metro Manila
20877	PRO-LPT-90511	5CD9352XBQ	77511	Metro Manila
24443	PRO-LPT-90374	5CD93660K3	70000	Metro Manila
22822	PRO-LPT-90226	5CD93660QV	70000	Metro Manila
22650	PRO-LPT-90362	5CD9352X9X	77502	Metro Manila
22890	PRO-LPT-90479	5CD93660MB	70000	Metro Manila
22649	PRO-LPT-90363	5CD93555DR	70000	Metro Manila
22888	PRO-LPT-90353	5CD93555CK	70000	Metro Manila
24521	PRO-LPT-92078	5CD93670ZP	70000	Metro Manila
22820	PRO-LPT-90546	5CD9367177	70000	Metro Manila
24255	PRO-LPT-90798	5CD93660T1	70000	Metro Manila
20895	PRO-LPT-90472	5CD936610N	70000	Metro Manila
22679	PRO-LPT-90503	5CD93660ZK	77502	Metro Manila
20713	PRO-LPT-90801	5CD93660LR	70000	Metro Manila
22789	PRO-LPT-90567	5CD93555HK	70000	Metro Manila
22895	PRO-LPT-90835	5CD93670RJ	70000	Metro Manila
24534	PRO-LPT-92126	5CD9352X3Z	70000	Metro Manila
24753	PRO-LPT-92413	5CD936710Y	70000	Metro Manila
24485	PRO-LPT-92449	5CD9366ZP9	77609	Metro Manila
23963	PRO-LPT-92730	5CD9349793	70000	Metro Manila
24846	PRO-LPT-92782	5CD9366ZW5	70000	Metro Manila
24669	PRO-LPT-92687	5CD934979N	70000	Metro Manila
24250	PRO-LPT-92819	5CD9366101	70000	Metro Manila
24531	PRO-LPT-92790	5CD93670GR	70000	Metro Manila
24880	PRO-LPT-92813	5CD93660H6	70000	Metro Manila
24518	PRO-LPT-92851	5CD93660WR	70000	Metro Manila
24573	PRO-LPT-92789	5CD93670HG	77604	Metro Manila
24528	PRO-LPT-92792	5CD93555GF	77603	Metro Manila
20010	PRO-LPT-92809	5CD9352XFL	70000	Metro Manila
24926	PRO-LPT-92852	5CD936612D	70000	Metro Manila
24751	PRO-LPT-92832	5CD934979F	70000	Metro Manila
25692	PRO-LPT-125312	5SPPT93	70000	Metro Manila
24507	PRO-LPT-93678	5CD93661GD	70000	Metro Manila
24934	PRO-LPT-94042	5CD93555J6	77518	Metro Manila
25697	PRO-LPT-125340	H9KPT93	70000	Metro Manila
25694	PRO-LPT-125381	42HPT93	70000	Metro Manila
24935	PRO-LPT-93984	5CD93671JZ	70000	Metro Manila
25686	PRO-LPT-125315	76JPT93	70000	Metro Manila
25696	PRO-LPT-125323	13LPT93	70000	Metro Manila
25688	PRO-LPT-125349	14GPT93	70000	Metro Manila
25542	PRO-LPT-125636	BVRPT93	77601	Metro Manila
25698	PRO-LPT-125328	BBPPT93	70000	Metro Manila
25680	PRO-LPT-125350	98SPT93	70000	Metro Manila
25691	PRO-LPT-125362	23GPT93	70000	Metro Manila
25107	PRO-LPT-125359	68SPT93	70000	Metro Manila
25689	PRO-LPT-125374	60HPT93	70000	Metro Manila
25552	PRO-LPT-125524	CWQPT93	77609	Metro Manila
25614	PRO-LPT-125585	5W51V93	77604	Metro Manila
25549	PRO-LPT-125646	H9MPT93	77601	Metro Manila
25681	PRO-LPT-125346	J8SPT93	70000	Metro Manila
25695	PRO-LPT-125356	45LPT93	70000	Metro Manila
25687	PRO-LPT-125391	DVQPT93	70000	Metro Manila
25102	PRO-LPT-125400	5XQPT93	70000	Metro Manila
25541	PRO-LPT-125526	77NPT93	77604	Metro Manila
25616	PRO-LPT-125567	75LPT93	77604	Metro Manila
27357	PRO-LPT-125624	9SRPT93	77601	Metro Manila
25683	PRO-LPT-125364	J3GPT93	70000	Metro Manila
25621	PRO-LPT-125525	J5JPT93	77609	Metro Manila
25538	PRO-LPT-125634	4CHPT93	77601	Metro Manila
25646	PRO-LPT-125637	54JPT93	77609	Metro Manila
25557	PRO-LPT-125528	63NPT93	77604	Metro Manila
25586	PRO-LPT-125607	CY51V93	77604	Metro Manila
25582	PRO-LPT-125663	F3NPT93	77609	Metro Manila
25537	PRO-LPT-125638	JSRPT93	77609	Metro Manila
27580	PRO-LPT-127160	5TLQT93	70000	Metro Manila
27584	PRO-LPT-127145	B1MPT93	70000	Metro Manila
27588	PRO-LPT-127191	9VLPT93	70000	Metro Manila
21142	PRO-LPT-91937	5CD93671M2	74200	Misamis Occidental
25825	PRO-LPT-126410	HQLQT93	74200	Misamis Occidental
27643	PRO-LPT-94076	5CD9352X42	74200	Misamis Occidental
21969	PRO-LPT-91935	5CD9366ZHV	74200	Misamis Occidental
21972	PRO-LPT-92200	5CD935555T	74200	Misamis Occidental
21986	PRO-LPT-91911	5CD9366ZW2	74200	Misamis Occidental
21993	PRO-LPT-91944	5CD9366ZFJ	74200	Misamis Occidental
25831	PRO-LPT-126426	DPJPT93	74200	Misamis Occidental
22004	PRO-LPT-93648	5CD93660S0	74200	Misamis Occidental
22023	PRO-LPT-91947	5CD9366ZDL	74200	Misamis Occidental
22181	PRO-LPT-91537	5CD936718P	74200	Misamis Occidental
25830	PRO-LPT-126411	5RLQT93	74200	Misamis Occidental
25828	PRO-LPT-126428	17RXT93	74200	Misamis Occidental
21950	PRO-LPT-91731	5CD9366ZTF	74215	Misamis Occidental
22184	PRO-LPT-81768	5CD9352X9V	74200	Misamis Occidental
22005	PRO-LPT-81754	5CD93555C7	74200	Misamis Occidental
25829	PRO-LPT-126421	30KQT93	74200	Misamis Occidental
25835	PRO-LPT-126422	JTLQT93	74200	Misamis Occidental
25819	PRO-LPT-126430	HX1XT93	74200	Misamis Occidental
25820	PRO-LPT-126415	HRLQT93	74200	Misamis Occidental
25823	PRO-LPT-126405	5VHPT93	74200	Misamis Occidental
25843	PRO-LPT-126406	GVHPT93	74200	Misamis Occidental
25845	PRO-LPT-126413	CQLQT93	74200	Misamis Occidental
25821	PRO-LPT-126414	3RLQT93	74200	Misamis Occidental
25822	PRO-LPT-126427	62HPT93	74200	Misamis Occidental
25824	PRO-LPT-126432	1X51V93	74200	Misamis Occidental
25826	PRO-LPT-126418	GSLQT93	74200	Misamis Occidental
25827	PRO-LPT-126416	31KQT93	74200	Misamis Occidental
25832	PRO-LPT-126407	2QLQT93	74200	Misamis Occidental
25837	PRO-LPT-126408	82KQT93	74200	Misamis Occidental
25841	PRO-LPT-126420	5SHPT93	74200	Misamis Occidental
25833	PRO-LPT-126431	3X51V93	74200	Misamis Occidental
25834	PRO-LPT-126424	FSHPT93	74200	Misamis Occidental
25836	PRO-LPT-126423	4BPPT93	74200	Misamis Occidental
25838	PRO-LPT-126425	4XQPT93	74200	Misamis Occidental
25844	PRO-LPT-126417	4RLQT93	74200	Misamis Occidental
25846	PRO-LPT-126409	82NPT93	74200	Misamis Occidental
25839	PRO-LPT-126412	J2KQT93	74200	Misamis Occidental
25840	PRO-LPT-126429	8JMXT93	74200	Misamis Occidental
25842	PRO-LPT-126419	2VHPT93	74200	Misamis Occidental
22201	PRO-LPT-81783	5CD9352XBV	74200	Misamis Occidental
21177	PRO-LPT-91539	5CD9366Z84	74200	Misamis Occidental
23286	PRO-LPT-92068	5CD93670BT	74200	Misamis Occidental
21186	PRO-LPT-93872	5CD93660K6	74200	Misamis Occidental
23293	PRO-LPT-92053	5CD93670ZT	74200	Misamis Occidental
23267	PRO-LPT-92065	5CD93671LZ	74200	Misamis Occidental
22215	PRO-LPT-93748	5CD9352X12	74200	Misamis Occidental
24419	PRO-LPT-93841	5CD9352XLZ	74200	Misamis Occidental
21204	PRO-LPT-93876	5CD9366123	74200	Misamis Occidental
25017	PRO-LPT-94056	5CD93661L2	74200	Misamis Occidental
21949	PRO-LPT-91815	5CD9366Z9N	74200	Misamis Occidental
21959	PRO-LPT-91832	5CD936718Y	74200	Misamis Occidental
21978	PRO-LPT-91883	5CD9366ZJW	74200	Misamis Occidental
21924	PRO-LPT-91912	5CD93671J5	74200	Misamis Occidental
22026	PRO-LPT-91910	5CD9366ZQ7	74200	Misamis Occidental
21968	PRO-LPT-91843	5CD9366ZXH	74200	Misamis Occidental
21984	PRO-LPT-91949	5CD93670RW	74200	Misamis Occidental
22027	PRO-LPT-91688	5CD93671M4	74300	Misamis Oriental
21788	PRO-LPT-90090	5CD93661P5	74300	Misamis Oriental
21985	PRO-LPT-91719	5CD9366ZVZ	74300	Misamis Oriental
21970	PRO-LPT-91732	5CD93670F1	74300	Misamis Oriental
20213	PRO-LPT-91746	5CD9366ZR0	74300	Misamis Oriental
20220	PRO-LPT-93645	5CD9352XL6	74300	Misamis Oriental
20218	PRO-LPT-91936	5CD936701T	74300	Misamis Oriental
20316	PRO-LPT-92069	5CD93670K4	74300	Misamis Oriental
20325	PRO-LPT-91852	5CD9367016	74300	Misamis Oriental
20331	PRO-LPT-91741	5CD9367185	74300	Misamis Oriental
21987	PRO-LPT-91683	5CD93671CX	74300	Misamis Oriental
26807	PRO-LPT-126434	6W1XT93	74300	Misamis Oriental
26803	PRO-LPT-126437	60QPT93	74300	Misamis Oriental
26806	PRO-LPT-126440	5V1XT93	74300	Misamis Oriental
26809	PRO-LPT-126441	J8PPT93	74300	Misamis Oriental
26799	PRO-LPT-126436	4X1XT93	74300	Misamis Oriental
26808	PRO-LPT-126435	1V1XT93	74300	Misamis Oriental
26801	PRO-LPT-126442	13GPT93	74300	Misamis Oriental
26805	PRO-LPT-126444	C2GPT93	74300	Misamis Oriental
26810	PRO-LPT-126443	F1GPT93	74300	Misamis Oriental
26800	PRO-LPT-126438	9KLPT93	74300	Misamis Oriental
26804	PRO-LPT-126433	CWMPT93	74300	Misamis Oriental
26802	PRO-LPT-126439	97SPT93	74300	Misamis Oriental
22171	PRO-LPT-92048	5CD936703C	74300	Misamis Oriental
20261	PRO-LPT-92451	5CD9367031	74300	Misamis Oriental
22003	PRO-LPT-91677	5CD936703D	74300	Misamis Oriental
20333	PRO-LPT-91871	5CD9366ZPH	74300	Misamis Oriental
20330	PRO-LPT-93731	5CD936702R	74300	Misamis Oriental
21827	PRO-LPT-90011	5CD936614N	74300	Misamis Oriental
21244	PRO-LPT-91756	5CD93671KH	74300	Misamis Oriental
21933	PRO-LPT-91705	5CD93671BV	74300	Misamis Oriental
21932	PRO-LPT-91759	5CD9355545	74300	Misamis Oriental
21931	PRO-LPT-91706	5CD9366ZNG	74300	Misamis Oriental
21940	PRO-LPT-91690	5CD93661L4	74300	Misamis Oriental
21945	PRO-LPT-91896	5CD9366ZTX	74300	Misamis Oriental
21960	PRO-LPT-91680	5CD936702Y	74300	Misamis Oriental
21976	PRO-LPT-91711	5CD93671FN	74300	Misamis Oriental
21979	PRO-LPT-91831	5CD93660S7	74300	Misamis Oriental
22019	PRO-LPT-91715	5CD93671G3	74300	Misamis Oriental
22018	PRO-LPT-91704	5CD93671FD	74300	Misamis Oriental
20215	PRO-LPT-91768	5CD93670QP	74300	Misamis Oriental
20317	PRO-LPT-91820	5CD9366ZLB	74300	Misamis Oriental
20320	PRO-LPT-91846	5CD936700G	74300	Misamis Oriental
22214	PRO-LPT-93785	5CD93660ML	74300	Misamis Oriental
22183	PRO-LPT-92018	5CD9366ZRV	74300	Misamis Oriental
22180	PRO-LPT-92042	5CD936610V	74300	Misamis Oriental
24424	PRO-LPT-93889	5CD93660N2	74300	Misamis Oriental
21171	PRO-LPT-93800	5CD93670W5	74300	Misamis Oriental
22186	PRO-LPT-91996	5CD9352X9J	74300	Misamis Oriental
22216	PRO-LPT-92115	5CD93555H8	74300	Misamis Oriental
20327	PRO-LPT-91869	5CD93670NW	74300	Misamis Oriental
21992	PRO-LPT-91710	5CD93671D7	74300	Misamis Oriental
22208	PRO-LPT-92044	5CD9366ZN3	74300	Misamis Oriental
21201	PRO-LPT-93808	5CD9349766	74300	Misamis Oriental
21195	PRO-LPT-93798	5CD93660GL	74300	Misamis Oriental
22206	PRO-LPT-92041	5CD9366ZH1	74300	Misamis Oriental
21209	PRO-LPT-93788	5CD9366Z7L	74300	Misamis Oriental
22217	PRO-LPT-92029	5CD9366ZCM	74300	Misamis Oriental
22199	PRO-LPT-93802	5CD93661SV	74300	Misamis Oriental
22176	PRO-LPT-91994	5CD9366ZN7	74300	Misamis Oriental
22175	PRO-LPT-92121	5CD93555BP	74300	Misamis Oriental
22204	PRO-LPT-93851	5CD9366ZRH	74300	Misamis Oriental
22193	PRO-LPT-91678	5CD93660YV	74300	Misamis Oriental
23274	PRO-LPT-93817	5CD934978Z	74300	Misamis Oriental
22169	PRO-LPT-93789	5CD93660JH	74300	Misamis Oriental
23287	PRO-LPT-93812	5CD93555DC	74300	Misamis Oriental
22189	PRO-LPT-91760	5CD9366ZJD	74300	Misamis Oriental
21934	PRO-LPT-91720	5CD9352WZ4	74300	Misamis Oriental
23284	PRO-LPT-93813	5CD93671PG	74300	Misamis Oriental
23303	PRO-LPT-92024	5CD93670GC	74311	Misamis Oriental
23282	PRO-LPT-92032	5CD9366ZRT	74311	Misamis Oriental
23978	PRO-LPT-93715	5CD93661GH	74300	Misamis Oriental
23297	PRO-LPT-93811	5CD934976K	74300	Misamis Oriental
21991	PRO-LPT-81732	5CD9349755	74300	Misamis Oriental
22187	PRO-LPT-81761	5CD9352X8T	74300	Misamis Oriental
21187	PRO-LPT-93792	5CD93661SN	74300	Misamis Oriental
21982	PRO-LPT-91908	5CD9366ZL1	74300	Misamis Oriental
23277	PRO-LPT-93818	5CD9349732	74300	Misamis Oriental
24411	PRO-LPT-89585	5CD93555GB	74305	Misamis Oriental
21941	PRO-LPT-91702	5CD9366ZCL	74300	Misamis Oriental
20223	PRO-LPT-91752	5CD93670G8	74300	Misamis Oriental
20227	PRO-LPT-91771	5CD93670PX	74300	Misamis Oriental
22211	PRO-LPT-92047	5CD9367093	74300	Misamis Oriental
21175	PRO-LPT-93791	5CD93660TB	74300	Misamis Oriental
25258	PRO-LPT-127108	6C1XT93	74400	Mountain Province
20720	PRO-LPT-90840	5CD93670MS	74400	Mountain Province
20714	PRO-LPT-90763	5CD93660ZV	74400	Mountain Province
20723	PRO-LPT-90413	5CD936611Z	74400	Mountain Province
20721	PRO-LPT-90789	5CD935555Y	74400	Mountain Province
25256	PRO-LPT-127106	F81XT93	74400	Mountain Province
20722	PRO-LPT-90426	5CD93555G6	74400	Mountain Province
25260	PRO-LPT-127107	HSHPT93	74400	Mountain Province
25257	PRO-LPT-127105	1DMXT93	74400	Mountain Province
25259	PRO-LPT-127104	8QJPT93	74400	Mountain Province
20716	PRO-LPT-89567	5CD93670NR	74400	Mountain Province
27854	5CD2071H0V	DESKTOP-K20VPLD	10855	NCR, SECOND DISTRICT
25693	PRO-LPT-125304	32MPT93	10855	NCR, SECOND DISTRICT
27278	PRO-LPT-127236	1CZWT93	10855	NCR, SECOND DISTRICT
24879	PRO-LPT-89977	5CD93671K3	81000	NCR, SECOND DISTRICT
24949	PRO-LPT-92283	5CD9366Z95	81000	NCR, SECOND DISTRICT
25012	PRO-LPT-94053	5CD93670W2	10855	NCR, SECOND DISTRICT
24876	PRO-LPT-89433	5CD93660PZ	81000	NCR, SECOND DISTRICT
21216	PRO-LPT-89711	5CD9366158	81000	NCR, SECOND DISTRICT
24956	PRO-LPT-90651	5CD93670CT	10855	NCR, SECOND DISTRICT
20161	PRO-LPT-92771	5CD93670FY	10855	NCR, SECOND DISTRICT
24888	PRO-LPT-92814	5CD93660VF	81000	NCR, SECOND DISTRICT
27673	K6BU616	DESKTOP-K6BU616	10855	NCR, SECOND DISTRICT
22379	PRO-LPT-89934	5CD9366ZFH	81000	NCR, SECOND DISTRICT
24989	5CD93670D8	ISMD-NXT-01	10855	NCR, SECOND DISTRICT
24988	5CD9349735	ISMD-NXT-02	10855	NCR, SECOND DISTRICT
22811	PRO-LPT-89397	5CD935558Y	81000	NCR, SECOND DISTRICT
27819	PRO-LPT-90450	5CD93661CB	10855	NCR, SECOND DISTRICT
24706	PRO-LPT-92749	5CD9352XK2	10855	NCR, SECOND DISTRICT
25019	PRO-LPT-81715	BWNPT93	10855	NCR, SECOND DISTRICT
24955	PRO-LPT-81716	5CD9151TD9	10855	NCR, SECOND DISTRICT
24784	PRO-LPT-81717	5CD9151TCL	81000	NCR, SECOND DISTRICT
25726	PRO-LPT-127210	G4KQT93	10855	NCR, SECOND DISTRICT
24523	PRO-LPT-81755	5CD9352X5K	81000	NCR, SECOND DISTRICT
26606	NSUN6S1	DESKTOP-NSUN6S1	10855	NCR, SECOND DISTRICT
24948	PRO-LPT-89287	5CD93555JC	81000	NCR, SECOND DISTRICT
24310	PRO-LPT-91585	5CD936708Z	10033	Negros Occidental
27098	PRO-LPT-127280	1B1XT93	10525	Negros Occidental
27138	PRO-LPT-127257	H8KQT93	10549	Negros Occidental
27127	PRO-LPT-127256	930XT93	10539	Negros Occidental
27122	PRO-LPT-127278	311XT93	10537	Negros Occidental
24896	PRO-LPT-89173	5CD93661GY	10522	Negros Occidental
24126	PRO-LPT-82118	5CD9352WYH	10527	Negros Occidental
24899	PRO-LPT-90720	5CD93671H3	10522	Negros Occidental
20741	5CD9352X4W	PRO LPT-81909	10531	Negros Occidental
27094	PRO-LPT-127267	59KQT93	10541	Negros Occidental
20069	PRO-LPT-89493	5CD93670TZ	10547	Negros Occidental
27141	PRO-LPT-127303	6WMPT93	10522	Negros Occidental
27103	PRO-LPT-127271	91KQT93	10520	Negros Occidental
27129	PRO-LPT-127288	9CLQT93	10529	Negros Occidental
20116	PRO-LPT-90270	5CD936614P	10544	Negros Occidental
20350	PRO-LPT-82029	5CD9352X50	10548	Negros Occidental
20371	PRO-LPT-89448	5CD93670RV	10522	Negros Occidental
20359	PRO-LPT-91616	5CD93670RY	74534	Negros Occidental
24377	PRO-LPT-81870	5CD934971H	10522	Negros Occidental
22873	PRO-LPT-82078	5CD9352X8M	10533	Negros Occidental
20739	PRO-LPT-90770	5CD93670YM	10531	Negros Occidental
20753	PRO-LPT-81940	5CD9352XDC	10523	Negros Occidental
20768	PRO-LPT-91608	5CD9366ZD8	10527	Negros Occidental
24408	PRO-LPT-82292	5CD936619H	74536	Negros Occidental
20838	PRO-LPT-91666	5CD93555BX	74501	Negros Occidental
24133	PRO-LPT-91554	5CD9366ZQ9	10538	Negros Occidental
27092	PRO-LPT-127268	BL4XT93	10531	Negros Occidental
24477	PRO-LPT-90166	5CD93660RT	10532	Negros Occidental
24049	PRO-LPT-89982	5CD936717X	10526	Negros Occidental
27140	PRO-LPT-127275	72HPT93	10541	Negros Occidental
24107	PRO-LPT-89178	5CD9355594	74534	Negros Occidental
20067	PRO-LPT-81926	5CD9352X35	10530	Negros Occidental
23226	PRO-LPT-81962	5CD9352X2Z	10540	Negros Occidental
24022	PRO-LPT-89383	5CD935557W	10531	Negros Occidental
24750	PRO-LPT-90662	5CD9352X32	10522	Negros Occidental
23233	PRO-LPT-93438	5CD93660Y5	10519	Negros Occidental
27104	PRO-LPT-127266	49KQT93	10524	Negros Occidental
24745	PRO-LPT-81963	5CD9352X1X	10530	Negros Occidental
24747	PRO-LPT-89372	5CD93555JQ	10520	Negros Occidental
24748	PRO-LPT-90190	5CD93661M9	10527	Negros Occidental
22871	PRO-LPT-82071	5CD9352WZX	10531	Negros Occidental
27096	PRO-LPT-127284	FBMXT93	10522	Negros Occidental
23218	PRO-LPT-82076	5CD9352X3X	10530	Negros Occidental
22844	PRO-LPT-90066	5CD93661M0	10542	Negros Occidental
22850	PRO-LPT-92009	5CD9366ZKZ	10542	Negros Occidental
22856	PRO-LPT-91546	5CD9366ZMM	10533	Negros Occidental
22851	PRO-LPT-93761	5CD9366ZS2	10542	Negros Occidental
22862	PRO-LPT-82127	5CD9352WZR	10533	Negros Occidental
27110	PRO-LPT-127289	3BLQT93	10540	Negros Occidental
22872	PRO-LPT-91626	5CD9366ZPR	10535	Negros Occidental
22882	PRO-LPT-91796	5CD9366ZH4	10534	Negros Occidental
22879	PRO-LPT-93672	5CD935552P	10534	Negros Occidental
22884	PRO-LPT-81968	5CD9352XF0	10534	Negros Occidental
27107	PRO-LPT-127298	2Z0XT93	10542	Negros Occidental
24005	PRO-LPT-82140	5CD9352WXS	10529	Negros Occidental
23200	PRO-LPT-90111	5CD93661DH	10550	Negros Occidental
23201	PRO-LPT-93796	5CD93660Q1	10550	Negros Occidental
23213	PRO-LPT-91572	5CD9366ZQW	10530	Negros Occidental
23220	PRO-LPT-93995	5CD9352X1L	10545	Negros Occidental
23208	PRO-LPT-91622	5CD936700N	10530	Negros Occidental
23237	PRO-LPT-89505	5CD93671FM	10519	Negros Occidental
23244	PRO-LPT-91648	5CD93670TJ	10528	Negros Occidental
23240	PRO-LPT-90745	5CD93661LQ	10528	Negros Occidental
23242	PRO-LPT-93999	5CD9352X8Y	10528	Negros Occidental
23258	PRO-LPT-90747	5CD9366Z9G	10540	Negros Occidental
23256	PRO-LPT-93743	5CD93555HR	10540	Negros Occidental
23576	PRO-LPT-90229	5CD93661JZ	10536	Negros Occidental
23583	PRO-LPT-91657	5CD93670MY	10536	Negros Occidental
23658	PRO-LPT-91670	5CD93670LP	10526	Negros Occidental
23664	PRO-LPT-93769	5CD936610Q	10526	Negros Occidental
23681	PRO-LPT-93729	5CD93660GY	10520	Negros Occidental
23665	PRO-LPT-91571	5CD93670MG	10526	Negros Occidental
23679	PRO-LPT-91602	5CD93671NL	10524	Negros Occidental
23688	PRO-LPT-91613	5CD93671BF	10524	Negros Occidental
23212	PRO-LPT-89400	5CD9352XBS	10520	Negros Occidental
25008	PRO-LPT-94052	5CD93670JR	10538	Negros Occidental
23872	PRO-LPT-81987	5CD9352WZ1	10523	Negros Occidental
23881	PRO-LPT-89296	5CD93555CN	10533	Negros Occidental
23889	PRO-LPT-91552	5CD93671KB	10529	Negros Occidental
27111	PRO-LPT-127251	C3HQT93	10544	Negros Occidental
24026	PRO-LPT-82150	5CD9349744	10520	Negros Occidental
24032	PRO-LPT-91576	5CD93670MZ	10549	Negros Occidental
24037	PRO-LPT-93178	5CD9366ZLF	10525	Negros Occidental
24056	PRO-LPT-82020	5CD9352X44	10537	Negros Occidental
24061	PRO-LPT-90132	5CD936614Q	10532	Negros Occidental
24088	PRO-LPT-91567	5CD93670TV	10530	Negros Occidental
24092	PRO-LPT-89243	5CD9352X89	10527	Negros Occidental
24089	PRO-LPT-89297	5CD936619W	10527	Negros Occidental
24125	PRO-LPT-82191	5CD93661FN	10521	Negros Occidental
24122	PRO-LPT-89202	5CD935554T	10521	Negros Occidental
24128	PRO-LPT-91560	5CD93670PW	10521	Negros Occidental
24129	PRO-LPT-91658	5CD93670N2	10521	Negros Occidental
24197	PRO-LPT-93741	5CD9352X3S	10033	Negros Occidental
27089	PRO-LPT-127274	26KQT93	10534	Negros Occidental
24099	PRO-LPT-91674	5CD93670SC	10541	Negros Occidental
27125	PRO-LPT-127264	78KQT93	10522	Negros Occidental
27114	PRO-LPT-127302	DBLQT93	10534	Negros Occidental
27142	PRO-LPT-127247	511XT93	10529	Negros Occidental
26749	PRO-LPT-125257	C8KPT93	10549	Negros Occidental
27348	PRO-LPT-94068	5CD9352WYN	10542	Negros Occidental
22865	5CD9352X32	PRO LPT-90662	10533	Negros Occidental
27091	PRO-LPT-127290	HVMPT93	74535	Negros Occidental
27102	PRO-LPT-127269	CTJPT93	10545	Negros Occidental
27097	PRO-LPT-127250	GXNPT93	10523	Negros Occidental
27099	PRO-LPT-127287	31HPT93	10533	Negros Occidental
27106	PRO-LPT-127293	4Z0XT93	10526	Negros Occidental
27090	PRO-LPT-127262	B7KQT93	10548	Negros Occidental
27093	PRO-LPT-127283	BC1XT93	10550	Negros Occidental
27101	PRO-LPT-127245	8HQPT93	10522	Negros Occidental
27116	PRO-LPT-127273	41HQT93	10544	Negros Occidental
27119	PRO-LPT-127297	H20XT93	10532	Negros Occidental
27124	PRO-LPT-127253	88KPT93	10523	Negros Occidental
27095	PRO-LPT-127277	B01XT93	10519	Negros Occidental
27105	PRO-LPT-127276	HXQPT93	10533	Negros Occidental
27100	PRO-LPT-127300	53HPT93	10530	Negros Occidental
27113	PRO-LPT-127258	J11XT93	10523	Negros Occidental
27117	PRO-LPT-127259	FSRPT93	10539	Negros Occidental
27123	PRO-LPT-127244	9YXWT93	10524	Negros Occidental
27121	PRO-LPT-127261	29KQT93	10523	Negros Occidental
27128	PRO-LPT-127246	6XXWT93	10033	Negros Occidental
27115	PRO-LPT-127281	G5KQT93	10527	Negros Occidental
27139	PRO-LPT-127272	1WJPT93	10524	Negros Occidental
27108	PRO-LPT-127292	2BLQT93	10530	Negros Occidental
27131	PRO-LPT-127296	411XT93	74501	Negros Occidental
27144	PRO-LPT-127254	C8KQT93	10549	Negros Occidental
27112	PRO-LPT-127294	DZ0XT93	10522	Negros Occidental
27118	PRO-LPT-127299	D11XT93	10527	Negros Occidental
27126	PRO-LPT-127279	4C1XT93	10539	Negros Occidental
27109	PRO-LPT-127291	1BLQT93	10534	Negros Occidental
27120	PRO-LPT-127249	JQHQT93	10538	Negros Occidental
27130	PRO-LPT-127255	DDQPT93	10529	Negros Occidental
27133	PRO-LPT-127248	CPHQT93	10527	Negros Occidental
27137	PRO-LPT-127260	62MPT93	10522	Negros Occidental
27136	PRO-LPT-127295	DWXWT93	10529	Negros Occidental
27145	PRO-LPT-127265	D7KQT93	10532	Negros Occidental
27143	PRO-LPT-127282	491XT93	10523	Negros Occidental
27132	PRO-LPT-127252	9J4XT93	10521	Negros Occidental
27134	PRO-LPT-127301	D3LPT93	74536	Negros Occidental
27135	PRO-LPT-127270	5CLQT93	10522	Negros Occidental
27147	PRO-LPT-127286	BXQPT93	10526	Negros Occidental
27148	PRO-LPT-127285	120XT93	74501	Negros Occidental
27146	PRO-LPT-127263	2PHQT93	74534	Negros Occidental
23219	PRO-LPT-81876	5CD9352XDD	10545	Negros Occidental
24057	PRO-LPT-81887	5CD9349797	10532	Negros Occidental
23680	PRO-LPT-81944	5CD9352WYZ	10524	Negros Occidental
23669	PRO-LPT-81905	5CD9352XB6	10524	Negros Occidental
23225	PRO-LPT-81904	5CD9352XJL	10528	Negros Occidental
20757	PRO-LPT-81906	5CD9352X04	10523	Negros Occidental
20839	PRO-LPT-81909	5CD9352X4W	74534	Negros Occidental
24113	PRO-LPT-81929	5CD934979T	10538	Negros Occidental
24033	PRO-LPT-81949	5CD9352X0G	10549	Negros Occidental
20786	PRO-LPT-82038	5CD9352X4C	10541	Negros Occidental
20349	PRO-LPT-81971	5CD9352XDZ	10548	Negros Occidental
20370	PRO-LPT-81972	5CD9352X92	10522	Negros Occidental
23234	PRO-LPT-82018	5CD9352X3C	10519	Negros Occidental
23251	PRO-LPT-82128	5CD9352WXZ	10540	Negros Occidental
24478	PRO-LPT-82023	5CD9352XDK	10529	Negros Occidental
24019	PRO-LPT-82114	5CD9352X1N	10520	Negros Occidental
24093	PRO-LPT-82126	5CD935558T	10527	Negros Occidental
24045	PRO-LPT-82014	5CD9352X02	74534	Negros Occidental
24364	PRO-LPT-82039	5CD9352X0T	74535	Negros Occidental
20366	PRO-LPT-82031	5CD9352WX5	10522	Negros Occidental
23657	PRO-LPT-82088	5CD9352X9H	10541	Negros Occidental
24098	PRO-LPT-82113	5CD9352X1V	10546	Negros Occidental
20779	PRO-LPT-82162	5CD93661LZ	10541	Negros Occidental
24366	PRO-LPT-82151	5CD9352X4V	74534	Negros Occidental
23670	PRO-LPT-89245	5CD9355570	10524	Negros Occidental
20115	PRO-LPT-89260	5CD9352XDJ	10544	Negros Occidental
23223	PRO-LPT-89377	5CD93555H6	10540	Negros Occidental
20372	PRO-LPT-89416	5CD93660XZ	74501	Negros Occidental
24375	PRO-LPT-89471	5CD936716B	74536	Negros Occidental
23574	PRO-LPT-89445	5CD9366ZKR	10536	Negros Occidental
23205	PRO-LPT-89490	5CD93671F7	10530	Negros Occidental
25013	PRO-LPT-89542	5CD93670BK	74535	Negros Occidental
24106	PRO-LPT-90161	5CD93660S4	10538	Negros Occidental
24055	PRO-LPT-90347	5CD9352XDF	10537	Negros Occidental
23884	PRO-LPT-90346	5CD93496Z0	10529	Negros Occidental
23885	PRO-LPT-90339	5CD93661J4	10529	Negros Occidental
20373	PRO-LPT-91569	5CD93670M1	10522	Negros Occidental
24081	PRO-LPT-91561	5CD9366ZGY	10527	Negros Occidental
24006	PRO-LPT-91673	5CD9366ZVS	10543	Negros Occidental
20781	PRO-LPT-91570	5CD9366ZPC	10541	Negros Occidental
24095	PRO-LPT-91580	5CD9366ZLV	10527	Negros Occidental
24042	PRO-LPT-91600	5CD9366ZW0	10525	Negros Occidental
20748	PRO-LPT-91599	5CD93670JJ	10531	Negros Occidental
20068	PRO-LPT-92023	5CD93670M6	10651	Negros Oriental
24418	PRO-LPT-93878	5CD93670JT	10646	Negros Oriental
24415	PRO-LPT-93875	5CD93660W0	10656	Negros Oriental
21168	PRO-LPT-93892	5CD93660N8	10653	Negros Oriental
21206	PRO-LPT-92063	5CD9366ZK6	10649	Negros Oriental
22203	PRO-LPT-91542	5CD93670T8	10854	Negros Oriental
22195	PRO-LPT-92028	5CD93670MP	10665	Negros Oriental
23280	PRO-LPT-92070	5CD9366124	10666	Negros Oriental
20130	PRO-LPT-91998	5CD9366ZNN	74600	Negros Oriental
25516	PRO-LPT-127315	G01XT93	74600	Negros Oriental
25499	PRO-LPT-127316	HY0XT93	74600	Negros Oriental
25510	PRO-LPT-127318	58KQT93	74600	Negros Oriental
24412	PRO-LPT-92118	5CD934977P	74600	Negros Oriental
24414	PRO-LPT-92119	5CD93670BR	74600	Negros Oriental
24409	PRO-LPT-93803	5CD9366145	74600	Negros Oriental
24901	PRO-LPT-93810	5CD934977X	74600	Negros Oriental
20550	PRO-LPT-93352	5CD9352WY0	74600	Negros Oriental
24420	PRO-LPT-93787	5CD9366141	74600	Negros Oriental
21082	PRO-LPT-92109	5CD9366ZMW	74600	Negros Oriental
24410	PRO-LPT-92113	5CD93555J2	74600	Negros Oriental
21072	PRO-LPT-92061	5CD936710N	74600	Negros Oriental
23272	PRO-LPT-93853	5CD94848XQ	74600	Negros Oriental
21073	PRO-LPT-93884	5CD936611R	74600	Negros Oriental
20357	PRO-LPT-92037	5CD936718T	74600	Negros Oriental
20558	PRO-LPT-92117	5CD9366ZMV	74600	Negros Oriental
23265	PRO-LPT-92056	5CD9366ZSQ	74600	Negros Oriental
21196	PRO-LPT-92107	5CD93671F0	74600	Negros Oriental
24421	PRO-LPT-92073	5CD9352XK5	74600	Negros Oriental
24422	PRO-LPT-93783	5CD9366ZTQ	74600	Negros Oriental
21188	PRO-LPT-93870	5CD9366ZT6	74600	Negros Oriental
21210	PRO-LPT-93801	5CD93661SZ	74600	Negros Oriental
22168	PRO-LPT-81810	5CD934976V	74600	Negros Oriental
20557	PRO-LPT-92108	5CD9366ZT1	74600	Negros Oriental
20062	PRO-LPT-91535	5CD936717K	74600	Negros Oriental
23285	PRO-LPT-93849	5CD93660QH	74600	Negros Oriental
22207	PRO-LPT-93777	5CD93660RC	74600	Negros Oriental
23302	PRO-LPT-93816	5CD93661SB	74600	Negros Oriental
21199	PRO-LPT-93873	5CD93661RF	74600	Negros Oriental
22185	PRO-LPT-93814	5CD934976H	74600	Negros Oriental
22202	PRO-LPT-93790	5CD9366ZDP	74600	Negros Oriental
22218	PRO-LPT-92031	5CD935554W	74600	Negros Oriental
23998	PRO-LPT-89697	5CD93660RL	74600	Negros Oriental
24416	PRO-LPT-93827	5CD93660LG	74600	Negros Oriental
21075	PRO-LPT-93861	5CD948820Q	74600	Negros Oriental
25500	PRO-LPT-127334	D5JPT93	74600	Negros Oriental
25523	PRO-LPT-127312	H6KQT93	74600	Negros Oriental
25532	PRO-LPT-127309	1DLQT93	74600	Negros Oriental
25505	PRO-LPT-127331	1YXWT93	74600	Negros Oriental
25521	PRO-LPT-127307	9Z0XT93	74600	Negros Oriental
25524	PRO-LPT-127310	90KQT93	74600	Negros Oriental
25498	PRO-LPT-127313	8YPPT93	74600	Negros Oriental
25507	PRO-LPT-127337	JQJPT93	74600	Negros Oriental
25515	PRO-LPT-127322	43KQT93	74600	Negros Oriental
25501	PRO-LPT-127304	H11XT93	74600	Negros Oriental
25502	PRO-LPT-127325	2NHQT93	74600	Negros Oriental
25503	PRO-LPT-127323	6BLQT93	74600	Negros Oriental
25504	PRO-LPT-127332	G2HQT93	74600	Negros Oriental
25506	PRO-LPT-127327	201XT93	74600	Negros Oriental
25508	PRO-LPT-127338	H0HPT93	74600	Negros Oriental
25509	PRO-LPT-127320	1QHQT93	74600	Negros Oriental
25511	PRO-LPT-127326	DQHQT93	74600	Negros Oriental
25512	PRO-LPT-127330	BVNPT93	74600	Negros Oriental
25526	PRO-LPT-127333	61HPT93	74600	Negros Oriental
25530	PRO-LPT-127335	92GPT93	74600	Negros Oriental
25525	PRO-LPT-127314	FPHQT93	74600	Negros Oriental
25513	PRO-LPT-127308	8QHQT93	74600	Negros Oriental
25514	PRO-LPT-127306	301XT93	74600	Negros Oriental
25519	PRO-LPT-127329	CZ0XT93	74600	Negros Oriental
25520	PRO-LPT-127324	3QHQT93	74600	Negros Oriental
25517	PRO-LPT-127321	1Z0XT93	74600	Negros Oriental
25518	PRO-LPT-127319	BPHQT93	74600	Negros Oriental
25527	PRO-LPT-127328	GZ0XT93	74600	Negros Oriental
25531	PRO-LPT-127305	G11XT93	74600	Negros Oriental
25522	PRO-LPT-127317	J1HPT93	74600	Negros Oriental
25528	PRO-LPT-127311	6QHQT93	74600	Negros Oriental
25529	PRO-LPT-127336	65JPT93	74600	Negros Oriental
20066	PRO-LPT-92110	5CD936716R	74600	Negros Oriental
23300	PRO-LPT-92072	5CD9366ZNW	74600	Negros Oriental
23646	PRO-LPT-93921	5CD93555HN	74800	Northern Samar
24680	PRO-LPT-93883	5CD936610H	74800	Northern Samar
22138	PRO-LPT-91807	5CD9352X3N	74800	Northern Samar
23363	PRO-LPT-82239	5CD9366163	74800	Northern Samar
22942	PRO-LPT-93061	5CD934977D	74800	Northern Samar
22941	PRO-LPT-92990	5CD93661KM	74800	Northern Samar
21232	PRO-LPT-92163	5CD93670JC	74800	Northern Samar
21842	PRO-LPT-93649	5CD936610H	74800	Northern Samar
21884	PRO-LPT-93755	5CD9366ZNC	74800	Northern Samar
21874	PRO-LPT-93766	5CD93661J9	74800	Northern Samar
22149	PRO-LPT-92071	5CD9366ZLR	74800	Northern Samar
22940	PRO-LPT-93013	5CD934971N	74800	Northern Samar
22943	PRO-LPT-93906	5CD9366ZZM	74800	Northern Samar
22947	PRO-LPT-93914	5CD935557S	74800	Northern Samar
22147	PRO-LPT-92408	5CD93670F4	74800	Northern Samar
23351	PRO-LPT-82230	5CD936612T	74800	Northern Samar
23599	PRO-LPT-91696	5CD93670KJ	74800	Northern Samar
23652	PRO-LPT-93925	5CD9366ZH7	74800	Northern Samar
24215	PRO-LPT-92662	5CD93555J0	74800	Northern Samar
25860	PRO-LPT-125684	5KMXT93	74800	Northern Samar
25861	PRO-LPT-125683	7RPPT93	74800	Northern Samar
25862	PRO-LPT-125694	BFHPT93	74800	Northern Samar
25863	PRO-LPT-125678	2LMXT93	74800	Northern Samar
25864	PRO-LPT-125682	FKMXT93	74800	Northern Samar
25865	PRO-LPT-125685	3W1XT93	74800	Northern Samar
25866	PRO-LPT-125697	83YWT93	74800	Northern Samar
25867	PRO-LPT-125689	FLMXT93	74800	Northern Samar
25868	PRO-LPT-125680	GX51V93	74800	Northern Samar
25869	PRO-LPT-125692	D9MPT93	74800	Northern Samar
25870	PRO-LPT-125696	74YWT93	74800	Northern Samar
25878	PRO-LPT-125686	2MGPT93	74800	Northern Samar
25871	PRO-LPT-125691	GQPPT93	74800	Northern Samar
25872	PRO-LPT-125695	1KGPT93	74800	Northern Samar
25873	PRO-LPT-125679	59RXT93	74800	Northern Samar
25874	PRO-LPT-125688	1KMXT93	74800	Northern Samar
25875	PRO-LPT-125687	G0HPT93	74800	Northern Samar
25876	PRO-LPT-125681	29RXT93	74800	Northern Samar
25877	PRO-LPT-125693	G8KPT93	74800	Northern Samar
25879	PRO-LPT-125690	D2GPT93	74800	Northern Samar
23625	PRO-LPT-82250	5CD936616Z	74800	Northern Samar
23354	PRO-LPT-82236	5CD936613J	74800	Northern Samar
23606	PRO-LPT-91676	5CD936718B	74800	Northern Samar
23622	PRO-LPT-91701	5CD93671KV	74800	Northern Samar
23595	PRO-LPT-91714	5CD93671FY	74800	Northern Samar
23620	PRO-LPT-91698	5CD93671NT	74800	Northern Samar
22140	PRO-LPT-91805	5CD93661DW	74800	Northern Samar
21228	PRO-LPT-92222	5CD93670YN	74800	Northern Samar
23643	PRO-LPT-93923	5CD93670LY	74800	Northern Samar
27179	PRO-LPT-127340	7CMXT93	74900	Nueva Ecija
27196	PRO-LPT-127382	340XT93	74900	Nueva Ecija
27151	PRO-LPT-127365	1CMXT93	74900	Nueva Ecija
27185	PRO-LPT-127386	11HQT93	74900	Nueva Ecija
27208	PRO-LPT-127348	12HQT93	74900	Nueva Ecija
24359	PRO-LPT-89637	5CD9367147	10235	Nueva Ecija
20572	PRO-LPT-89633	5CD9366105	10253	Nueva Ecija
20641	PRO-LPT-90692	5CD9366ZTR	10249	Nueva Ecija
20680	PRO-LPT-89461	5CD9366ZMD	10250	Nueva Ecija
20736	PRO-LPT-89603	5CD9352X6M	10228	Nueva Ecija
20738	PRO-LPT-90621	5CD93671M6	10228	Nueva Ecija
22899	PRO-LPT-90227	5CD93660MM	74900	Nueva Ecija
22906	PRO-LPT-90245	5CD936613L	10248	Nueva Ecija
24253	PRO-LPT-90464	5CD9352WZB	10234	Nueva Ecija
22919	PRO-LPT-90202	5CD93660W3	10011	Nueva Ecija
22916	PRO-LPT-90312	5CD93661GM	10011	Nueva Ecija
22698	PRO-LPT-90875	5CD93671QG	74900	Nueva Ecija
21561	PRO-LPT-89568	5CD93671KG	10250	Nueva Ecija
21559	PRO-LPT-90553	5CD93671NC	10250	Nueva Ecija
21654	PRO-LPT-89172	5CD936616B	10245	Nueva Ecija
21649	PRO-LPT-89198	5CD93661PQ	10246	Nueva Ecija
21660	PRO-LPT-89183	5CD93555GN	10240	Nueva Ecija
21655	PRO-LPT-89236	5CD935552Y	10245	Nueva Ecija
21656	PRO-LPT-89539	5CD9366Z87	10245	Nueva Ecija
21663	PRO-LPT-90515	5CD9352WY9	74900	Nueva Ecija
21650	PRO-LPT-90505	5CD9366Z9Z	74900	Nueva Ecija
22934	PRO-LPT-89261	5CD9352X74	74900	Nueva Ecija
22659	PRO-LPT-90866	5CD9366ZG5	74900	Nueva Ecija
21662	PRO-LPT-90174	5CD9366182	74900	Nueva Ecija
22669	PRO-LPT-90726	5CD93671CS	74900	Nueva Ecija
22694	PRO-LPT-90023	5CD93661C5	74900	Nueva Ecija
22688	PRO-LPT-90824	5CD9367005	74900	Nueva Ecija
22643	PRO-LPT-89224	5CD936615Y	74900	Nueva Ecija
22645	PRO-LPT-90488	5CD936719W	74900	Nueva Ecija
22646	PRO-LPT-90678	5CD9367158	10227	Nueva Ecija
22671	PRO-LPT-89854	5CD9366ZYV	10237	Nueva Ecija
22672	PRO-LPT-89460	5CD93660LX	10239	Nueva Ecija
22667	PRO-LPT-90277	5CD93661CC	10236	Nueva Ecija
22662	PRO-LPT-90437	5CD93661KS	10850	Nueva Ecija
22653	PRO-LPT-89775	5CD93671HR	10227	Nueva Ecija
22652	PRO-LPT-89819	5CD9366ZF8	10236	Nueva Ecija
22660	PRO-LPT-89928	5CD9366ZG8	74900	Nueva Ecija
22656	PRO-LPT-90842	5CD93670MT	10237	Nueva Ecija
22663	PRO-LPT-89213	5CD93660H3	10227	Nueva Ecija
22668	PRO-LPT-90476	5CD9366116	10235	Nueva Ecija
22680	PRO-LPT-89526	5CD93660TJ	10244	Nueva Ecija
22682	PRO-LPT-89712	5CD93671G5	10244	Nueva Ecija
22683	PRO-LPT-89947	5CD9366ZJ7	10247	Nueva Ecija
22693	PRO-LPT-89665	5CD93670RH	74900	Nueva Ecija
22685	PRO-LPT-89791	5CD9366ZK5	10247	Nueva Ecija
22692	PRO-LPT-90097	5CD93661KC	10247	Nueva Ecija
22687	PRO-LPT-90431	5CD9355520	74900	Nueva Ecija
22704	PRO-LPT-90856	5CD936705M	10241	Nueva Ecija
22695	PRO-LPT-89702	5CD93660P3	10247	Nueva Ecija
22691	PRO-LPT-89900	5CD9367055	10242	Nueva Ecija
22689	PRO-LPT-90280	5CD93661RS	10241	Nueva Ecija
22696	PRO-LPT-89820	5CD936713J	10247	Nueva Ecija
22705	PRO-LPT-90114	5CD93555DL	10247	Nueva Ecija
22701	PRO-LPT-90836	5CD93670SV	10242	Nueva Ecija
22774	PRO-LPT-89363	5CD935558K	10012	Nueva Ecija
22776	PRO-LPT-89263	5CD936613X	10012	Nueva Ecija
22777	PRO-LPT-89793	5CD93670RC	10012	Nueva Ecija
22892	PRO-LPT-90460	5CD936612Y	10251	Nueva Ecija
22896	PRO-LPT-90433	5CD93555GS	10251	Nueva Ecija
22900	PRO-LPT-90832	5CD93660QD	10251	Nueva Ecija
22901	PRO-LPT-90470	5CD93555HX	10251	Nueva Ecija
22910	PRO-LPT-89592	5CD93671NJ	10238	Nueva Ecija
22912	PRO-LPT-89740	5CD9366ZZL	10234	Nueva Ecija
22918	PRO-LPT-90181	5CD936617T	10238	Nueva Ecija
22923	PRO-LPT-89100	5CD93661NX	10234	Nueva Ecija
22929	PRO-LPT-89737	5CD9366Z9S	10229	Nueva Ecija
22928	PRO-LPT-90278	5CD93661LJ	74900	Nueva Ecija
22931	PRO-LPT-90196	5CD93660V4	10011	Nueva Ecija
22956	PRO-LPT-89252	5CD935558B	10226	Nueva Ecija
22957	PRO-LPT-90360	5CD93555JM	10226	Nueva Ecija
22927	PRO-LPT-90487	5CD93670P6	74900	Nueva Ecija
22936	PRO-LPT-89190	5CD93661BQ	74900	Nueva Ecija
20642	PRO-LPT-89171	5CD93661N4	74900	Nueva Ecija
20735	PRO-LPT-89755	5CD9352X0V	74900	Nueva Ecija
22644	PRO-LPT-90423	5CD935555N	74900	Nueva Ecija
22893	PRO-LPT-90425	5CD9352X14	74900	Nueva Ecija
24225	PRO-LPT-89913	5CD9366ZC2	10012	Nueva Ecija
24254	PRO-LPT-89978	5CD93670R6	74900	Nueva Ecija
24286	PRO-LPT-90435	5CD93660SP	74900	Nueva Ecija
27149	PRO-LPT-127398	3XLPT93	74900	Nueva Ecija
27160	PRO-LPT-127349	G8HQT93	74900	Nueva Ecija
27174	PRO-LPT-127397	94KQT93	74900	Nueva Ecija
27182	PRO-LPT-127396	13HQT93	74900	Nueva Ecija
27150	PRO-LPT-127362	7TLPT93	74900	Nueva Ecija
27152	PRO-LPT-127390	7PHQT93	74900	Nueva Ecija
27162	PRO-LPT-127373	CCHQT93	74900	Nueva Ecija
27166	PRO-LPT-127358	HZYWT93	74900	Nueva Ecija
27153	PRO-LPT-127400	691XT93	74900	Nueva Ecija
27154	PRO-LPT-127379	F30XT93	74900	Nueva Ecija
27165	PRO-LPT-127376	75KQT93	74900	Nueva Ecija
27155	PRO-LPT-127342	HW1XT93	74900	Nueva Ecija
27157	PRO-LPT-127375	6B1XT93	74900	Nueva Ecija
27168	PRO-LPT-127372	44KQT93	74900	Nueva Ecija
27156	PRO-LPT-127377	4XLPT93	74900	Nueva Ecija
27158	PRO-LPT-127339	FX1XT93	74900	Nueva Ecija
27159	PRO-LPT-127388	HWLPT93	74900	Nueva Ecija
27164	PRO-LPT-127384	D40XT93	74900	Nueva Ecija
27161	PRO-LPT-127341	9V1XT93	74900	Nueva Ecija
27163	PRO-LPT-127364	G0HQT93	74900	Nueva Ecija
27176	PRO-LPT-127395	BWLPT93	74900	Nueva Ecija
27167	PRO-LPT-127351	92HQT93	74900	Nueva Ecija
27170	PRO-LPT-127346	BX1XT93	74900	Nueva Ecija
27169	PRO-LPT-127392	36KQT93	74900	Nueva Ecija
27171	PRO-LPT-127359	B20XT93	74900	Nueva Ecija
27183	PRO-LPT-127345	4ZYWT93	74900	Nueva Ecija
27172	PRO-LPT-127391	F3KQT93	74900	Nueva Ecija
27173	PRO-LPT-127353	3ZGQT93	74900	Nueva Ecija
27201	PRO-LPT-127363	G1HQT93	74900	Nueva Ecija
27202	PRO-LPT-127394	2XLPT93	74900	Nueva Ecija
27205	PRO-LPT-127352	BX51V93	74900	Nueva Ecija
27175	PRO-LPT-127354	D1HQT93	74900	Nueva Ecija
27177	PRO-LPT-127360	940XT93	74900	Nueva Ecija
27178	PRO-LPT-127387	54KQT93	74900	Nueva Ecija
27180	PRO-LPT-127401	J9MXT93	74900	Nueva Ecija
27186	PRO-LPT-127343	B3HQT93	74900	Nueva Ecija
27200	PRO-LPT-127371	71HQT93	74900	Nueva Ecija
27203	PRO-LPT-127357	CK1XT93	74900	Nueva Ecija
27204	PRO-LPT-127399	C91XT93	74900	Nueva Ecija
27181	PRO-LPT-127344	52HQT93	74900	Nueva Ecija
27187	PRO-LPT-127367	B1HQT93	74900	Nueva Ecija
27189	PRO-LPT-127366	H1HQT93	74900	Nueva Ecija
27191	PRO-LPT-127361	3DZWT93	74900	Nueva Ecija
27184	PRO-LPT-127378	F40XT93	74900	Nueva Ecija
27188	PRO-LPT-127393	15KQT93	74900	Nueva Ecija
27190	PRO-LPT-127370	891XT93	74900	Nueva Ecija
27192	PRO-LPT-127383	C40XT93	74900	Nueva Ecija
27194	PRO-LPT-127350	BZGQT93	74900	Nueva Ecija
27207	PRO-LPT-127347	JB1XT93	74900	Nueva Ecija
27193	PRO-LPT-127389	1Z51V93	74900	Nueva Ecija
27195	PRO-LPT-127385	H0ZWT93	74900	Nueva Ecija
27197	PRO-LPT-127356	D1ZWT93	74900	Nueva Ecija
27198	PRO-LPT-127369	83KQT93	74900	Nueva Ecija
27209	PRO-LPT-127368	B4KQT93	74900	Nueva Ecija
27199	PRO-LPT-127381	B40XT93	74900	Nueva Ecija
27206	PRO-LPT-127355	9BHQT93	74900	Nueva Ecija
27210	PRO-LPT-127380	7ZYWT93	74900	Nueva Ecija
27211	PRO-LPT-127374	3VLPT93	74900	Nueva Ecija
22915	PRO-LPT-89784	5CD9366ZG6	74900	Nueva Ecija
22775	PRO-LPT-89403	5CD93555J4	74900	Nueva Ecija
27814	PRO-LPT-94084	5CD9352X20	10242	Nueva Ecija
22907	PRO-LPT-89389	5CD9352WZ2	10229	Nueva Ecija
22686	PRO-LPT-89197	5CD93661N7	74900	Nueva Ecija
21651	PRO-LPT-89223	5CD93661RX	10246	Nueva Ecija
20571	PRO-LPT-89318	5CD936614V	10253	Nueva Ecija
22703	PRO-LPT-89390	5CD9352WXT	74900	Nueva Ecija
22699	PRO-LPT-89365	5CD935559S	10242	Nueva Ecija
22925	PRO-LPT-89333	5CD935551W	10238	Nueva Ecija
22706	PRO-LPT-89538	5CD93671Q3	10244	Nueva Ecija
20109	PRO-LPT-89511	5CD93660WW	74900	Nueva Ecija
20643	PRO-LPT-89512	5CD93660W5	10249	Nueva Ecija
22661	PRO-LPT-89541	5CD9366ZWN	10850	Nueva Ecija
22707	PRO-LPT-89515	5CD9366Z9K	10241	Nueva Ecija
20574	PRO-LPT-89708	5CD936714W	10253	Nueva Ecija
20111	PRO-LPT-89535	5CD9366Z8H	74900	Nueva Ecija
22894	PRO-LPT-89741	5CD93660MY	10248	Nueva Ecija
22684	PRO-LPT-89800	5CD9366Z7C	10247	Nueva Ecija
22905	PRO-LPT-90228	5CD93661BM	10251	Nueva Ecija
22665	PRO-LPT-90498	5CD93660PY	10235	Nueva Ecija
22955	PRO-LPT-90365	5CD93555C2	10226	Nueva Ecija
22903	PRO-LPT-90504	5CD93670TG	10248	Nueva Ecija
20902	PRO-LPT-89981	5CD93671KC	75000	Nueva Vizcaya
22462	PRO-LPT-89453	5CD93671KF	75000	Nueva Vizcaya
23822	PRO-LPT-90526	5CD93671KQ	75000	Nueva Vizcaya
23814	PRO-LPT-90630	5CD93660NF	75000	Nueva Vizcaya
24675	PRO-LPT-90874	5CD9366ZHJ	75000	Nueva Vizcaya
22362	PRO-LPT-89671	5CD936716C	75000	Nueva Vizcaya
22463	PRO-LPT-89993	5CD93671DY	75000	Nueva Vizcaya
23821	PRO-LPT-90620	5CD93660KB	75005	Nueva Vizcaya
23826	PRO-LPT-90663	5CD93555G9	75000	Nueva Vizcaya
22465	PRO-LPT-89897	5CD9367163	75000	Nueva Vizcaya
22466	PRO-LPT-89394	5CD9352X1Q	75000	Nueva Vizcaya
20898	PRO-LPT-89331	5CD9355590	75000	Nueva Vizcaya
22468	PRO-LPT-89867	5CD936610F	75000	Nueva Vizcaya
20901	PRO-LPT-89937	5CD9366ZG7	75000	Nueva Vizcaya
23758	PRO-LPT-90657	5CD93660V3	75000	Nueva Vizcaya
23819	PRO-LPT-90799	5CD93660SZ	75000	Nueva Vizcaya
23827	PRO-LPT-90367	5CD9352X7B	75000	Nueva Vizcaya
23824	PRO-LPT-90615	5CD936716Z	75000	Nueva Vizcaya
23820	PRO-LPT-90796	5CD93660XC	75000	Nueva Vizcaya
23823	PRO-LPT-90586	5CD93671Q9	75000	Nueva Vizcaya
23818	PRO-LPT-90715	5CD9366ZZN	75000	Nueva Vizcaya
22460	PRO-LPT-89373	5CD93555B7	75000	Nueva Vizcaya
22380	PRO-LPT-89931	5CD9366ZG4	75000	Nueva Vizcaya
23828	PRO-LPT-90716	5CD936701F	75014	Nueva Vizcaya
23764	PRO-LPT-89006	5CD93660WP	75000	Nueva Vizcaya
22469	PRO-LPT-89439	5CD9355581	75000	Nueva Vizcaya
22470	PRO-LPT-89423	5CD936707G	75003	Nueva Vizcaya
22456	PRO-LPT-89563	5CD93660R9	75000	Nueva Vizcaya
23763	PRO-LPT-90384	5CD9366ZFB	75011	Nueva Vizcaya
23825	PRO-LPT-90370	5CD9355540	75000	Nueva Vizcaya
23816	PRO-LPT-90815	5CD9367066	75006	Nueva Vizcaya
22221	PRO-LPT-92555	5CD9355546	75100	Occidental Mindoro
21886	PRO-LPT-93701	5CD9349718	75100	Occidental Mindoro
21855	PRO-LPT-93771	5CD934971K	75100	Occidental Mindoro
23539	PRO-LPT-92562	5CD9366ZYM	75100	Occidental Mindoro
21845	PRO-LPT-93864	5CD9349778	75100	Occidental Mindoro
21849	PRO-LPT-93651	5CD93670JG	75100	Occidental Mindoro
21871	PRO-LPT-93745	5CD93670GF	75100	Occidental Mindoro
22224	PRO-LPT-89043	5CD93555K3	75100	Occidental Mindoro
22227	PRO-LPT-93794	5CD93661BG	75100	Occidental Mindoro
25288	PRO-LPT-127408	9CMXT93	75100	Occidental Mindoro
25300	PRO-LPT-127426	4BYWT93	75100	Occidental Mindoro
27724	PRO-LPT-127405	611XT93	75100	Occidental Mindoro
25289	PRO-LPT-127409	FL1XT93	75100	Occidental Mindoro
25290	PRO-LPT-127413	1P1XT93	75100	Occidental Mindoro
25291	PRO-LPT-127421	8CMXT93	75100	Occidental Mindoro
25292	PRo-LPT-127422	8DQPT93	75100	Occidental Mindoro
25293	PRO-LPT-127429	B9RXT93	75100	Occidental Mindoro
25294	PRO-LPT-127406	61ZWT93	75100	Occidental Mindoro
25295	PRO-LPT-127418	HJ1XT93	75100	Occidental Mindoro
25296	PRO-LPT-127412	3L4XT93	75100	Occidental Mindoro
25297	PRO-LPT-127430	64YWT93	75100	Occidental Mindoro
25298	PRO-LPT-127424	FBPPT93	75100	Occidental Mindoro
25299	PRO-LPT-127407	J0HQT93	75100	Occidental Mindoro
25303	PRO-LPT-127427	JBPPT93	75100	Occidental Mindoro
25301	PRO-LPT-127411	BN1XT93	75100	Occidental Mindoro
25302	PRO-LPT-127423	D1KQT93	75100	Occidental Mindoro
25304	PRO-LPT-127404	JZ0XT93	75100	Occidental Mindoro
25305	PRO-LPT-127410	F3JPT93	75100	Occidental Mindoro
25306	PRO-LPT-127428	43HPT93	75100	Occidental Mindoro
25307	PRO-LPT-127403	4YXWT93	75100	Occidental Mindoro
25314	PRO-LPT-127415	9H1XT93	75100	Occidental Mindoro
25308	PRO-LPT-127414	1K4XT93	75100	Occidental Mindoro
25309	PRO-LPT-127417	JW1XT93	75100	Occidental Mindoro
25315	PRO-LPT-127416	3L1XT93	75100	Occidental Mindoro
25310	PRO-LPT-127425	79MPT93	75100	Occidental Mindoro
25311	PRO-LPT-127402	4WXWT93	75100	Occidental Mindoro
25312	PRO-LPT-127419	2L1XT93	75100	Occidental Mindoro
25313	PRO-LPT-127420	5K1XT93	75100	Occidental Mindoro
22225	PRO-LPT-81862	5CD934976Z	75100	Occidental Mindoro
22226	PRO-LPT-81895	5CD9352X5M	75100	Occidental Mindoro
22222	PRO-LPT-92636	5CD93555G8	75100	Occidental Mindoro
21876	PRO-LPT-93751	5CD93660JM	75100	Occidental Mindoro
21868	PRO-LPT-93804	5CD93661SD	75100	Occidental Mindoro
21848	PRO-LPT-90813	5CD936719N	75200	Oriental Mindoro
21863	PRO-LPT-93774	5CD93671LR	75200	Oriental Mindoro
26833	PRO-LPT-127447	JH1XT93	75200	Oriental Mindoro
26834	PRO-LPT-127434	1CPPT93	75200	Oriental Mindoro
26835	PRO-LPT-127463	GN1XT93	75200	Oriental Mindoro
26836	PRO-LPT-127451	BH1XT93	75200	Oriental Mindoro
26837	PRO-LPT-127435	40KQT93	75200	Oriental Mindoro
26838	PRO-LPT-127458	DN1XT93	75200	Oriental Mindoro
26839	PRO-LPT-127456	7M1XT93	75200	Oriental Mindoro
26840	PRO-LPT-127449	GK1XT93	75200	Oriental Mindoro
26841	PRO-LPT-127474	F01XT93	75200	Oriental Mindoro
26842	PRO-LPT-127436	67MPT93	75200	Oriental Mindoro
26843	PRO-LPT-127442	2P1XT93	75200	Oriental Mindoro
26844	PRO-LPT-127471	H7KQT93	75200	Oriental Mindoro
26845	PRO-LPT-127440	HZ0XT93	75200	Oriental Mindoro
26846	PRO-LPT-127432	1PHQT93	75200	Oriental Mindoro
26847	PRO-LPT-127468	FWXWT93	75200	Oriental Mindoro
26848	PRO-LPT-127475	BJQPT93	75200	Oriental Mindoro
26849	PRO-LPT-127472	GVNPT93	75200	Oriental Mindoro
26850	PRO-LPT-127448	HK1XT93	75200	Oriental Mindoro
26851	PRO-LPT-127462	HM1XT93	75200	Oriental Mindoro
26852	PRO-LPT-127460	1XXWT93	75200	Oriental Mindoro
26853	PRO-LPT-127455	HN1XT93	75200	Oriental Mindoro
26854	PRO-LPT-127467	2M1XT93	75200	Oriental Mindoro
26855	PRO-LPT-127469	G3HQT93	75200	Oriental Mindoro
26856	PRO-LPT-127444	GJ4XT93	75200	Oriental Mindoro
26857	PRO-LPT-127439	4K4XT93	75200	Oriental Mindoro
26858	PRO-LPT-127457	DK1XT93	75200	Oriental Mindoro
26859	PRO-LPT-127452	9XGQT93	75200	Oriental Mindoro
26860	PRO-LPT-127437	CBLQT93	75200	Oriental Mindoro
26861	PRO-LPT-127433	GNHQT93	75200	Oriental Mindoro
21860	PRO-LPT-90581	5CD9355519	75200	Oriental Mindoro
21847	PRO-LPT-93742	5CD936615J	75200	Oriental Mindoro
21879	PRO-LPT-93677	5CD93661GL	75200	Oriental Mindoro
21856	PRO-LPT-90584	5CD93660ZG	75200	Oriental Mindoro
20392	PRO-LPT-93736	5CD936614M	75200	Oriental Mindoro
21851	PRO-LPT-93775	5CD93660WX	75200	Oriental Mindoro
21878	PRO-LPT-93644	5CD93660WB	75200	Oriental Mindoro
21850	PRO-LPT-93703	5CD93555F1	75200	Oriental Mindoro
21865	PRO-LPT-93744	5CD93660NL	75200	Oriental Mindoro
21840	PRO-LPT-93719	5CD9366ZRQ	75200	Oriental Mindoro
21864	PRO-LPT-93621	5CD9366ZXZ	75200	Oriental Mindoro
26946	PRO-LPT-127441	7P1XT93	75200	Oriental Mindoro
26947	PRO-LPT-127476	DVXWT93	75200	Oriental Mindoro
26948	PRO-LPT-127446	GL1XT93	75200	Oriental Mindoro
26949	PRO-LPT-127473	F8KQT93	75200	Oriental Mindoro
26950	PRO-LPT-127459	CM1XT93	75200	Oriental Mindoro
26951	PRO-LPT-127453	70ZWT93	75200	Oriental Mindoro
26952	PRO-LPT-127466	CXXWT93	75200	Oriental Mindoro
26953	PRO-LPT-127450	G9MXT93	75200	Oriental Mindoro
26954	PRO-LPT-127454	1VRPT93	75200	Oriental Mindoro
26955	PRO-LPT-127461	801XT93	75200	Oriental Mindoro
26956	PRO-LPT-127431	840XT93	75200	Oriental Mindoro
21759	PRO-LPT-92385	5CD935551M	75200	Oriental Mindoro
21758	PRO-LPT-92421	5CD93670Y0	75200	Oriental Mindoro
24368	PRO-LPT-92526	5CD936710T	75200	Oriental Mindoro
24369	PRO-LPT-92574	5CD936707P	75200	Oriental Mindoro
23977	PRO-LPT-92395	5CD935551K	75200	Oriental Mindoro
24171	PRO-LPT-92475	5CD936707J	75200	Oriental Mindoro
21761	PRO-LPT-81757	5CD934978K	75200	Oriental Mindoro
25972	PRO-LPT-127438	1FQPT93	75200	Oriental Mindoro
25973	PRO-LPT-127464	8J4XT93	75200	Oriental Mindoro
25974	PRO-LPT-127445	7K4XT93	75200	Oriental Mindoro
25975	PRO-LPT-127443	CK4XT93	75200	Oriental Mindoro
25976	PRO-LPT-127465	3B1XT93	75200	Oriental Mindoro
25977	PRO-LPT-127470	8N1XT93	75200	Oriental Mindoro
21038	PRO-LPT-81854	5CD934975K	75200	Oriental Mindoro
21036	PRO-LPT-81847	5CD934974X	75200	Oriental Mindoro
20238	PRO-LPT-81883	5CD9352WXJ	75200	Oriental Mindoro
21757	PRO-LPT-81925	5CD9349736	75200	Oriental Mindoro
21037	PRO-LPT-90640	5CD936714N	75200	Oriental Mindoro
21760	PRO-LPT-90311	5CD93661QL	75200	Oriental Mindoro
24768	PRO-LPT-90871	5CD9366ZG2	75300	Palawan
24770	PRO-LPT-89537	5CD9366ZKY	75300	Palawan
20724	PRO-LPT-90839	5CD93670QC	75300	Palawan
21520	PRO-LPT-90411	5CD93660K8	75300	Palawan
27852	PRO-LPT-94098	5CD9175R9P	75300	Palawan
24854	PRO-LPT-90872	5CD9366ZHY	75300	Palawan
24857	PRO-LPT-90690	5CD934972W	75300	Palawan
24859	PRO-LPT-90282	5CD93661LM	75300	Palawan
23131	PRO-LPT-89606	5CD93555JH	75300	Palawan
24772	PRO-LPT-90419	5CD9352WXL	75300	Palawan
22272	PRO-LPT-90684	5CD9367002	75300	Palawan
24766	PRO-LPT-90719	5CD93671DK	75300	Palawan
22290	PRO-LPT-90305	5CD93661L0	75300	Palawan
22281	PRO-LPT-90795	5CD93671CL	75300	Palawan
21527	PRO-LPT-89703	5CD93660KM	75300	Palawan
23842	PRO-LPT-90591	5CD936718R	75300	Palawan
24765	PRO-LPT-90417	5CD936611Q	75300	Palawan
22277	PRO-LPT-90705	5CD93671DV	75300	Palawan
22289	PRO-LPT-90138	5CD9366155	75300	Palawan
22286	PRO-LPT-90685	5CD93670J1	75300	Palawan
22295	PRO-LPT-90676	5CD93670BB	75300	Palawan
20719	PRO-LPT-89268	5CD93661MT	75300	Palawan
21519	PRO-LPT-90031	5CD93660RR	75300	Palawan
24762	PRO-LPT-90281	5CD93661QW	75300	Palawan
20725	PRO-LPT-90478	5CD936619R	75300	Palawan
20731	PRO-LPT-90595	5CD9366Z7K	75300	Palawan
20728	PRO-LPT-90669	5CD9366ZCH	75300	Palawan
23710	PRO-LPT-90471	5CD9366ZCF	75300	Palawan
20715	PRO-LPT-90554	5CD93660QQ	75300	Palawan
20729	PRO-LPT-90544	5CD93671G6	75300	Palawan
24764	PRO-LPT-90482	5CD93671BN	75300	Palawan
20730	PRO-LPT-90590	5CD9366Z7R	75300	Palawan
22282	PRO-LPT-90110	5CD93661RW	75300	Palawan
23712	PRO-LPT-90195	5CD93661B7	75300	Palawan
22276	PRO-LPT-90534	5CD93660VS	75300	Palawan
24767	PRO-LPT-94030	5CD9366ZBC	75300	Palawan
23133	PRO-LPT-89609	5CD93660RG	75300	Palawan
23129	PRO-LPT-89683	5CD9366Z96	75300	Palawan
23128	PRO-LPT-90391	5CD93671NV	75300	Palawan
21524	PRO-LPT-90275	5CD93661PC	75300	Palawan
23134	PRO-LPT-90396	5CD93661QF	75300	Palawan
23135	PRO-LPT-90390	5CD9366ZHL	75300	Palawan
20717	PRO-LPT-90477	5CD93671PC	75300	Palawan
22279	PRO-LPT-90092	5CD93661KY	75300	Palawan
23130	PRO-LPT-90758	5CD93660V2	75300	Palawan
24769	PRO-LPT-89002	5CD9366195	75300	Palawan
23132	PRO-LPT-89255	5CD93555DK	75300	Palawan
23711	PRO-LPT-90735	5CD9366ZRC	75300	Palawan
23721	PRO-LPT-90805	5CD93671HB	75300	Palawan
23735	PRO-LPT-90833	5CD936716Q	75300	Palawan
23736	PRO-LPT-90736	5CD93660Y0	75300	Palawan
23726	PRO-LPT-90800	5CD9366ZCG	75300	Palawan
23728	PRO-LPT-90258	5CD936619C	75300	Palawan
23817	PRO-LPT-90225	5CD9352XDV	75300	Palawan
23853	PRO-LPT-90489	5CD936612Q	75300	Palawan
23837	PRO-LPT-90087	5CD9366186	75300	Palawan
23838	PRO-LPT-90718	5CD9366ZYG	75300	Palawan
23849	PRO-LPT-90650	5CD936701K	75300	Palawan
23847	PRO-LPT-90517	5CD9352X8H	75300	Palawan
23844	PRO-LPT-90819	5CD9366ZW9	75300	Palawan
23850	PRO-LPT-90895	5CD93670SS	75300	Palawan
23854	PRO-LPT-90050	5CD93661D7	75300	Palawan
23945	PRO-LPT-90128	5CD936612W	75300	Palawan
23947	PRO-LPT-90566	5CD9366ZD5	75300	Palawan
25137	PRO-LPT-127507	5K4XT93	75300	Palawan
25138	PRO-LPT-127494	6BPPT93	75300	Palawan
25148	PRO-LPT-127502	5M4XT93	75300	Palawan
25139	PRO-LPT-127495	8CQPT93	75300	Palawan
25140	PRO-LPT-127503	4M4XT93	75300	Palawan
25141	PRO-LPT-127500	C01XT93	75300	Palawan
25164	PRO-LPT-127487	2VRPT93	75300	Palawan
25142	PRO-LPT-127493	H01XT93	75300	Palawan
24858	PRO-LPT-90873	5CD93671BY	75300	Palawan
25143	PRO-LPT-127499	3Z0XT93	75300	Palawan
25144	PRO-LPT-127479	J7KQT93	75300	Palawan
25145	PRO-LPT-127496	J01XT93	75300	Palawan
25147	PRO-LPT-127506	7L4XT93	75300	Palawan
25158	PRO-LPT-127498	JL4XT93	75300	Palawan
25146	PRO-LPT-127492	29PPT93	75300	Palawan
25151	PRO-LPT-127491	C9PPT93	75300	Palawan
25149	PRO-LPT-127482	FDLQT93	75300	Palawan
25157	PRO-LPT-127488	9NHQT93	75300	Palawan
25150	PRO-LPT-127477	FVXWT93	75300	Palawan
25152	PRO-LPT-127497	DBHQT93	75300	Palawan
25165	PRO-LPT-127501	911XT93	75300	Palawan
25153	PRO-LPT-127490	8K4XT93	75300	Palawan
25154	PRO-LPT-127484	111XT93	75300	Palawan
25162	PRO-LPT-127505	2M4XT93	75300	Palawan
25155	PRO-LPT-127486	GQHQT93	75300	Palawan
25156	PRO-LPT-127485	76KQT93	75300	Palawan
25159	PRO-LPT-127480	8PHQT93	75300	Palawan
25160	PRO-LPT-127504	2L4XT93	75300	Palawan
25161	PRO-LPT-127478	FXNPT93	75300	Palawan
25163	PRO-LPT-127481	7XQPT93	75300	Palawan
25166	PRO-LPT-127483	9PHQT93	75300	Palawan
25136	PRO-LPT-127489	2QHQT93	75300	Palawan
22278	PRO-LPT-81791	5CD934973Q	75300	Palawan
24856	PRO-LPT-81814	5CD934971X	75300	Palawan
24773	PRO-LPT-89121	5CD93660P2	75300	Palawan
24771	PRO-LPT-89220	5CD93661QM	75300	Palawan
23846	PRO-LPT-89239	5CD935555J	75300	Palawan
24763	PRO-LPT-89257	5CD9352XCQ	75300	Palawan
24860	PRO-LPT-89277	5CD93670MM	75300	Palawan
21562	PRO-LPT-90078	5CD936616N	75300	Palawan
22291	PRO-LPT-90112	5CD93661QV	75300	Palawan
21526	PRO-LPT-90007	5CD9366Z9F	75300	Palawan
23848	PRO-LPT-90191	5CD9366188	75300	Palawan
23851	PRO-LPT-90593	5CD9366Z9T	75300	Palawan
20718	PRO-LPT-90287	5CD93661NV	75300	Palawan
22283	PRO-LPT-90497	5CD93660PS	75300	Palawan
24861	PRO-LPT-90826	5CD9366ZWJ	75300	Palawan
22618	PRO-LPT-90088	5CD93661NB	75400	Pampanga
24342	PRO-LPT-90564	5CD936703V	75400	Pampanga
20979	PRO-LPT-90486	5CD936714Z	75400	Pampanga
24077	PRO-LPT-90256	5CD93661MJ	75400	Pampanga
20983	PRO-LPT-90102	5CD93555CR	75400	Pampanga
20403	PRO-LPT-90133	5CD9366154	75400	Pampanga
24332	PRO-LPT-90210	5CD93661PZ	10289	Pampanga
24338	PRO-LPT-90081	5CD936613F	75400	Pampanga
22593	PRO-LPT-90224	5CD93661RD	75400	Pampanga
22603	PRO-LPT-90147	5CD93661RR	75400	Pampanga
21607	PRO-LPT-90043	5CD93660XN	75400	Pampanga
24340	PRO-LPT-90055	5CD93660T7	10298	Pampanga
24343	PRO-LPT-90304	5CD93661MR	10289	Pampanga
23859	PRO-LPT-90879	5CD93670SH	75400	Pampanga
22622	PRO-LPT-90141	5CD93661LT	75400	Pampanga
21031	PRO-LPT-90120	5CD9366146	75400	Pampanga
24725	PRO-LPT-90200	5CD93661QQ	75400	Pampanga
24724	PRO-LPT-90259	5CD9352X6H	75400	Pampanga
20978	PRO-LPT-90122	5CD935557H	10296	Pampanga
20982	PRO-LPT-90604	5CD93555CD	75400	Pampanga
20984	PRO-LPT-90239	5CD93661LV	75400	Pampanga
20986	PRO-LPT-90163	5CD936613P	75400	Pampanga
24336	PRO-LPT-90570	5CD9366ZZH	75400	Pampanga
20989	PRO-LPT-90889	5CD9366ZJH	10287	Pampanga
21025	PRO-LPT-90358	5CD935558L	75400	Pampanga
21026	PRO-LPT-90475	5CD936610Y	10281	Pampanga
21030	PRO-LPT-90582	5CD93661NZ	10293	Pampanga
21029	PRO-LPT-90775	5CD93660TN	10281	Pampanga
22613	PRO-LPT-90142	5CD93661CX	75400	Pampanga
24909	PRO-LPT-90244	5CD93661PR	75400	Pampanga
24345	PRO-LPT-90646	5CD93660LV	75400	Pampanga
22623	PRO-LPT-90148	5CD93661LF	75400	Pampanga
21393	PRO-LPT-90134	5CD93555BM	75400	Pampanga
21024	PRO-LPT-90588	5CD93660YG	75400	Pampanga
21389	PRO-LPT-90462	5CD9366130	75400	Pampanga
21388	PRO-LPT-90315	5CD9366146	75400	Pampanga
21385	PRO-LPT-90407	5CD93661T5	75400	Pampanga
21391	PRO-LPT-90631	5CD93671ND	10287	Pampanga
21611	PRO-LPT-92981	5CD93661JP	10278	Pampanga
24103	PRO-LPT-90768	5CD9367034	75400	Pampanga
21613	PRO-LPT-90234	5CD93660HL	10278	Pampanga
21610	PRO-LPT-90618	5CD93670XQ	10277	Pampanga
21606	PRO-LPT-90804	5CD93671CF	10278	Pampanga
21032	PRO-LPT-93350	5CD93555JY	75400	Pampanga
24101	PRO-LPT-90103	5CD93555BR	75400	Pampanga
24344	PRO-LPT-90536	5CD93671LY	75400	Pampanga
24337	PRO-LPT-90179	5CD93661MH	75400	Pampanga
21028	PRO-LPT-90056	5CD93660HG	75424	Pampanga
24104	PRO-LPT-89062	5CD93660NJ	75400	Pampanga
22605	PRO-LPT-90499	5CD93670PK	75400	Pampanga
24726	PRO-LPT-90058	5CD93660SK	75400	Pampanga
24727	PRO-LPT-90129	5CD936615S	75400	Pampanga
24728	PRO-LPT-90302	5CD93660HH	75400	Pampanga
24965	PRO-LPT-90456	5CD93661S4	75400	Pampanga
22611	PRO-LPT-90301	5CD936617K	75400	Pampanga
22594	PRO-LPT-90585	5CD9367037	10289	Pampanga
21615	PRO-LPT-90236	5CD93660XJ	75400	Pampanga
20985	PRO-LPT-90380	5CD93670K0	75400	Pampanga
24717	PRO-LPT-90414	5CD93660KL	75400	Pampanga
22620	PRO-LPT-90083	5CD93661BS	75400	Pampanga
22595	PRO-LPT-90290	5CD93661RQ	10281	Pampanga
22591	PRO-LPT-90348	5CD935551G	75400	Pampanga
22592	PRO-LPT-90632	5CD93671QF	10282	Pampanga
22596	PRO-LPT-90888	5CD9366ZGQ	10277	Pampanga
22614	PRO-LPT-90442	5CD9352XCW	10278	Pampanga
22602	PRO-LPT-90317	5CD93661NJ	75400	Pampanga
22604	PRO-LPT-90642	5CD9366Z7S	10282	Pampanga
22608	PRO-LPT-90449	5CD935555C	75400	Pampanga
22610	PRO-LPT-90155	5CD93661KZ	75400	Pampanga
22609	PRO-LPT-90086	5CD93661M4	10298	Pampanga
22600	PRO-LPT-90251	5CD93661CP	75400	Pampanga
22599	PRO-LPT-90817	5CD93661HK	10282	Pampanga
22616	PRO-LPT-90322	5CD935551Q	75400	Pampanga
22606	PRO-LPT-90337	5CD9366ZFK	10278	Pampanga
22621	PRO-LPT-90318	5CD9352WXM	75400	Pampanga
22615	PRO-LPT-90254	5CD93661HR	10289	Pampanga
24331	PRO-LPT-90213	5CD936617H	75400	Pampanga
24075	PRO-LPT-90860	5CD93670N4	75400	Pampanga
25958	PRO-LPT-125698	CLJPT93	75400	Pampanga
22597	PRO-LPT-90296	5CD9366183	75400	Pampanga
24074	PRO-LPT-90823	5CD936701J	75400	Pampanga
21386	PRO-LPT-92978	5CD9366142	75400	Pampanga
22952	PRO-LPT-90216	5CD93660SJ	10282	Pampanga
22950	PRO-LPT-90260	5CD93661B5	10282	Pampanga
22954	PRO-LPT-90099	5CD93661F0	10282	Pampanga
22951	PRO-LPT-90261	5CD93661NT	10282	Pampanga
22953	PRO-LPT-90708	5CD93671BD	10282	Pampanga
20988	PRO-LPT-90117	5CD93661H6	75400	Pampanga
22887	PRO-LPT-90145	5CD93660M1	75400	Pampanga
22612	PRO-LPT-90021	5CD936618S	75400	Pampanga
24335	PRO-LPT-90797	5CD9366ZGW	75400	Pampanga
20987	PRO-LPT-90164	5CD936617R	75400	Pampanga
22619	PRO-LPT-90028	5CD93660KZ	75400	Pampanga
22617	PRO-LPT-92977	5CD9366ZZQ	75425	Pampanga
23858	PRO-LPT-90140	5CD936614D	75400	Pampanga
20980	PRO-LPT-90448	5CD935557Q	75400	Pampanga
23860	PRO-LPT-90626	5CD93671PJ	75400	Pampanga
24071	PRO-LPT-90862	5CD9366ZNB	75400	Pampanga
21387	PRO-LPT-90249	5CD93661PN	75400	Pampanga
27540	PRO-LPT-125753	8CHPT93	75400	Pampanga
23950	PRO-LPT-90214	5CD93661CK	75400	Pampanga
23951	PRO-LPT-90061	5CD93661D6	75400	Pampanga
23949	PRO-LPT-90811	5CD93660KN	75400	Pampanga
20395	PRO-LPT-93346	5CD9367180	10015	Pampanga
20396	PRO-LPT-90742	5CD93660NY	10015	Pampanga
24073	PRO-LPT-93432	5CD9352XM3	10282	Pampanga
24072	PRO-LPT-92980	5CD93661S1	10277	Pampanga
24100	PRO-LPT-90123	5CD936616V	10284	Pampanga
27541	PRO-LPT-125708	4MJPT93	75400	Pampanga
21027	PRO-LPT-90847	5CD936704G	75400	Pampanga
22607	PRO-LPT-90757	5CD93660ZS	75400	Pampanga
27542	PRO-LPT-125776	6WJPT93	75400	Pampanga
27551	PRO-LPT-125782	GVJPT93	75400	Pampanga
27553	PRO-LPT-125759	1MGPT93	75400	Pampanga
20246	5CD936618T	PRO-LPT 90217	10297	Pampanga
20248	5CD93660NY	PRO-LPT 90742	10285	Pampanga
20247	5CD9367180	PRO-LPT 93346	10297	Pampanga
27543	PRO-LPT-125756	5KGPT93	75400	Pampanga
27544	PRO-LPT-125758	GMGPT93	75400	Pampanga
27498	PRO-LPT-125716	DDLQT93	75400	Pampanga
27499	PRO-LPT-125715	BKJPT93	75400	Pampanga
27497	PRO-LPT-125797	GWQPT93	75400	Pampanga
27500	PRO-LPT-125706	DMJPT93	75400	Pampanga
27501	PRO-LPT-125744	CBKQT93	75400	Pampanga
27502	PRO-LPT-125750	6TLQT93	75400	Pampanga
27503	PRO-LPT-125775	JQNPT93	75400	Pampanga
27511	PRO-LPT-125792	55NPT93	75400	Pampanga
27504	PRO-LPT-125746	FSLQT93	75400	Pampanga
27505	PRO-LPT-125770	22NPT93	75400	Pampanga
27506	PRO-LPT-125730	62GPT93	75400	Pampanga
27536	PRO-LPT-125752	4LGPT93	75400	Pampanga
27545	PRO-LPT-125711	3KJPT93	75400	Pampanga
27547	PRO-LPT-125772	JPNPT93	75400	Pampanga
27507	PRO-LPT-125751	3WLQT93	75400	Pampanga
27537	PRO-LPT-125717	45JPT93	75400	Pampanga
27546	PRO-LPT-125788	H4LPT93	75400	Pampanga
25930	PRO-LPT-125722	6SPPT93	75400	Pampanga
25941	PRO-LPT-125723	FRPPT93	75400	Pampanga
25931	PRO-LPT-125767	9XJPT93	75400	Pampanga
25932	PRO-LPT-125791	7PJPT93	75400	Pampanga
25933	PRO-LPT-125785	6LJPT93	75400	Pampanga
25934	PRO-LPT-125766	GTJPT93	75400	Pampanga
25935	PRO-LPT-125733	HKGPT93	75400	Pampanga
25936	PRO-LPT-125725	6PJPT93	75400	Pampanga
25937	PRO-LPT-125699	FKJPT93	75400	Pampanga
25938	PRO-LPT-125789	HRNPT93	75400	Pampanga
25939	PRO-LPT-125743	8VLQT93	75400	Pampanga
25940	PRO-LPT-125762	C8PPT93	75400	Pampanga
25942	PRO-LPT-125760	4NJPT93	75400	Pampanga
25946	PRO-LPT-125779	BVHPT93	75400	Pampanga
25943	PRO-LPT-125784	D4LPT93	75400	Pampanga
25944	PRO-LPT-125700	DRJPT93	75400	Pampanga
25945	PRO-LPT-125764	G7PPT93	75400	Pampanga
25947	PRO-LPT-125761	F7PPT93	75400	Pampanga
25952	PRO-LPT-125736	G5LPT93	75400	Pampanga
25959	PRO-LPT-125741	1BKQT93	75400	Pampanga
25948	PRO-LPT-125781	8RLQT93	75400	Pampanga
25949	PRO-LPT-125720	1VJPT93	75400	Pampanga
25950	PRO-LPT-125765	54LPT93	75400	Pampanga
25951	PRO-LPT-125787	9QNPT93	75400	Pampanga
25953	PRO-LPT-125734	2XJPT93	75400	Pampanga
25956	PRO-LPT-125703	HLJPT93	75400	Pampanga
25965	PRO-LPT-125737	J4LPT93	75400	Pampanga
25954	PRO-LPT-125790	JDHPT93	75400	Pampanga
25955	PRO-LPT-125735	47KPT93	75400	Pampanga
25957	PRO-LPT-125738	D3NPT93	75400	Pampanga
25960	PRO-LPT-125778	1NJPT93	75400	Pampanga
25961	PRO-LPT-125786	6QNPT93	75400	Pampanga
25962	PRO-LPT-125777	84LPT93	75400	Pampanga
25963	PRO-LPT-125740	FVHPT93	75400	Pampanga
25964	PRO-LPT-125783	93NPT93	75400	Pampanga
25966	PRO-LPT-125701	8KJPT93	75400	Pampanga
25967	PRO-LPT-125728	FLGPT93	75400	Pampanga
25968	PRO-LPT-125702	GCKQT93	75400	Pampanga
27508	PRO-LPT-125798	39KPT93	75400	Pampanga
27509	PRO-LPT-125794	4YQPT93	75400	Pampanga
27510	PRO-LPT-125713	87MPT93	75400	Pampanga
27514	PRO-LPT-125705	GRJPT93	75400	Pampanga
27518	PRO-LPT-125771	CRNPT93	75400	Pampanga
27512	PRO-LPT-125718	98PPT93	75400	Pampanga
27513	PRO-LPT-125755	7VLQT93	75400	Pampanga
27515	PRO-LPT-125704	2LJPT93	75400	Pampanga
27524	PRO-LPT-125769	74NPT93	75400	Pampanga
27516	PRO-LPT-125727	6KJPT93	75400	Pampanga
27523	PRO-LPT-125712	F0KQT93	75400	Pampanga
27517	PRO-LPT-125747	8THPT93	75400	Pampanga
27548	PRO-LPT-125754	1TLQT93	75400	Pampanga
27519	PRO-LPT-125707	5KJPT93	75400	Pampanga
27539	PRO-LPT-125739	6VJPT93	75400	Pampanga
27520	PRO-LPT-125796	8WQPT93	75400	Pampanga
27521	PRO-LPT-125709	JMJPT93	75400	Pampanga
27522	PRO-LPT-125745	3TLQT93	75400	Pampanga
27549	PRO-LPT-125731	6MGPT93	75400	Pampanga
27525	PRO-LPT-125773	3VHPT93	75400	Pampanga
27550	PRO-LPT-125757	CKGPT93	75400	Pampanga
27556	PRO-LPT-125763	B8PPT93	75400	Pampanga
27526	PRO-LPT-125721	H8MPT93	75400	Pampanga
27527	PRO-LPT-125748	HTLQT93	75400	Pampanga
27530	PRO-LPT-125742	6XNPT93	75400	Pampanga
27534	PRO-LPT-125714	5LJPT93	75400	Pampanga
27552	PRO-LPT-125729	12MPT93	75400	Pampanga
27528	PRO-LPT-125710	DTLQT93	75400	Pampanga
27529	PRO-LPT-125768	72NPT93	75400	Pampanga
27531	PRO-LPT-125793	C5NPT93	75400	Pampanga
27554	PRO-LPT-125732	2TLQT93	75400	Pampanga
27558	PRO-LPT-125780	41KQT93	75400	Pampanga
27532	PRO-LPT-125749	BBKQT93	75400	Pampanga
27533	PRO-LPT-125719	15JPT93	75400	Pampanga
27555	PRO-LPT-125724	H7MPT93	75400	Pampanga
27535	PRO-LPT-125774	14NPT93	75400	Pampanga
27557	PRO-LPT-125726	7MJPT93	75400	Pampanga
27538	PRO-LPT-125795	7VQPT93	75400	Pampanga
21614	PRO-LPT-90846	5CD9366ZQ6	75400	Pampanga
21609	PRO-LPT-90130	5CD936615W	75400	Pampanga
24076	PRO-LPT-90073	5CD9366196	75400	Pampanga
20990	PRO-LPT-90673	5CD93671J1	75400	Pampanga
24070	PRO-LPT-90576	5CD93670RZ	75400	Pampanga
21390	PRO-LPT-90633	5CD9366Z99	75400	Pampanga
21384	PRO-LPT-90661	5CD9352X59	75400	Pampanga
21612	PRO-LPT-90100	5CD93555H1	75400	Pampanga
24330	PRO-LPT-90101	5CD93661HW	75400	Pampanga
21033	PRO-LPT-90015	5CD936617Q	10293	Pampanga
22852	PRO-LPT-90153	5CD93661FS	10296	Pampanga
20394	PRO-LPT-90217	5CD936618T	10015	Pampanga
24102	PRO-LPT-90207	5CD93660HZ	10291	Pampanga
22601	PRO-LPT-90072	5CD9366193	75400	Pampanga
23861	PRO-LPT-90243	5CD93661QC	10290	Pampanga
21608	PRO-LPT-90253	5CD9352X23	75400	Pampanga
24341	PRO-LPT-90199	5CD93660X1	10289	Pampanga
24339	PRO-LPT-90321	5CD935551X	75400	Pampanga
22598	PRO-LPT-90238	5CD93661GQ	10286	Pampanga
22949	PRO-LPT-90264	5CD936618M	10282	Pampanga
24333	PRO-LPT-90310	5CD93660Z2	10287	Pampanga
24334	PRO-LPT-90540	5CD93671JC	75425	Pampanga
21605	PRO-LPT-90623	5CD93660GN	10277	Pampanga
20404	PRO-LPT-90785	5CD9366ZD0	10291	Pampanga
21392	PRO-LPT-90864	5CD93670PN	75400	Pampanga
20981	PRO-LPT-90767	5CD93670XS	75424	Pampanga
21023	PRO-LPT-93349	5CD93555G3	75400	Pampanga
20277	PRO-LPT-90649	5CD9366Z9Y	10125	Pangasinan
20278	PRO-LPT-90746	5CD9367169	10125	Pangasinan
20279	PRO-LPT-90323	5CD935558V	10116	Pangasinan
20280	PRO-LPT-90609	5CD9366Z83	10116	Pangasinan
20284	PRO-LPT-90724	5CD93671C5	10124	Pangasinan
20283	PRO-LPT-90784	5CD93660WF	10130	Pangasinan
20287	PRO-LPT-89546	5CD93670R4	10129	Pangasinan
20290	PRO-LPT-89809	5CD9366ZG3	10100	Pangasinan
20292	PRO-LPT-89922	5CD93670Q0	10105	Pangasinan
20286	PRO-LPT-90782	5CD93670B7	10117	Pangasinan
20295	PRO-LPT-89417	5CD9366ZMY	10117	Pangasinan
20299	PRO-LPT-89481	5CD9366119	10124	Pangasinan
20298	PRO-LPT-90314	5CD93555C3	10124	Pangasinan
20293	PRO-LPT-93566	5CD9352XM8	10132	Pangasinan
20302	PRO-LPT-89431	5CD9366ZL2	10117	Pangasinan
20305	PRO-LPT-89832	5CD93660ZT	10116	Pangasinan
20304	PRO-LPT-90332	5CD93555BC	10130	Pangasinan
20301	PRO-LPT-90837	5CD9366ZK8	10117	Pangasinan
20501	PRO-LPT-82034	5CD9352XBY	75500	Pangasinan
20655	PRO-LPT-93329	5CD935552D	75500	Pangasinan
24394	PRO-LPT-90884	5CD93670RK	10100	Pangasinan
24395	PRO-LPT-89351	5CD93661RN	10006	Pangasinan
23127	PRO-LPT-89495	5CD93670TM	75500	Pangasinan
20844	PRO-LPT-89649	5CD93671QB	10095	Pangasinan
20846	PRO-LPT-89764	5CD93671K2	10122	Pangasinan
20848	PRO-LPT-89640	5CD9366ZB4	10114	Pangasinan
20854	PRO-LPT-90634	5CD93660M9	10122	Pangasinan
20855	PRO-LPT-90672	5CD93670TL	10114	Pangasinan
20853	PRO-LPT-90725	5CD93671FK	10131	Pangasinan
20859	PRO-LPT-90825	5CD93671HY	10114	Pangasinan
20852	PRO-LPT-90863	5CD936703Q	10113	Pangasinan
20858	PRO-LPT-89564	5CD93671L4	10109	Pangasinan
20849	PRO-LPT-89716	5CD93660ND	10106	Pangasinan
20860	PRO-LPT-89778	5CD93555HL	10101	Pangasinan
20850	PRO-LPT-89951	5CD936719J	10122	Pangasinan
20857	PRO-LPT-90532	5CD93660PN	10131	Pangasinan
20856	PRO-LPT-90569	5CD9366ZRG	10113	Pangasinan
20866	PRO-LPT-89642	5CD9366ZC7	10101	Pangasinan
20864	PRO-LPT-90295	5CD93661DG	10099	Pangasinan
20871	PRO-LPT-90402	5CD9352WZH	10106	Pangasinan
20872	PRO-LPT-90454	5CD93671H9	10114	Pangasinan
20862	PRO-LPT-90727	5CD93671KJ	10099	Pangasinan
20873	PRO-LPT-90818	5CD93670T4	10101	Pangasinan
20865	PRO-LPT-89456	5CD9366ZH9	10131	Pangasinan
20870	PRO-LPT-90383	5CD93660VP	10114	Pangasinan
20868	PRO-LPT-90667	5CD936610B	10122	Pangasinan
20875	PRO-LPT-90791	5CD936719B	10114	Pangasinan
20874	PRO-LPT-90069	5CD936613Z	10109	Pangasinan
20991	PRO-LPT-93389	5CD93670SY	75500	Pangasinan
20995	PRO-LPT-93377	5CD9352XFX	75500	Pangasinan
21011	PRO-LPT-82116	5CD9352WZ6	75500	Pangasinan
21010	PRO-LPT-82246	5CD93661B3	75500	Pangasinan
21014	PRO-LPT-81931	5CD934972Q	75500	Pangasinan
21015	PRO-LPT-82037	5CD9352X0M	75500	Pangasinan
21312	PRO-LPT-82254	5CD93661LG	75500	Pangasinan
22349	PRO-LPT-82149	5CD9352X3Y	75500	Pangasinan
25004	PRO-LPT-89738	5CD93671PV	75500	Pangasinan
22544	PRO-LPT-82165	5CD93661M7	75500	Pangasinan
25005	PRO-LPT-89367	5CD9352X5R	75500	Pangasinan
21887	PRO-LPT-93513	5CD934977V	75500	Pangasinan
20656	PRO-LPT-93344	5CD9352XL8	75500	Pangasinan
24866	PRO-LPT-90393	5CD9366ZD1	75500	Pangasinan
24863	PRO-LPT-90555	5CD9352X18	75500	Pangasinan
24865	PRO-LPT-89356	5CD9352XMC	75500	Pangasinan
24875	PRO-LPT-90306	5CD93661L6	75500	Pangasinan
21019	PRO-LPT-82275	5CD93661GJ	75500	Pangasinan
22543	PRO-LPT-82202	5CD9352X06	75500	Pangasinan
21314	PRO-LPT-82201	5CD9352WY5	75500	Pangasinan
22565	PRO-LPT-82111	5CD9352XFJ	75500	Pangasinan
22546	PRO-LPT-82256	5CD93661K9	75500	Pangasinan
20506	PRO-LPT-81964	5CD9352X9S	75500	Pangasinan
21017	PRO-LPT-81988	5CD9352XCV	75500	Pangasinan
23029	PRO-LPT-82146	5CD9352X0H	75500	Pangasinan
22569	PRO-LPT-82057	5CD9352XBJ	75500	Pangasinan
24992	PRO-LPT-82153	5CD9352X9M	75500	Pangasinan
23027	PRO-LPT-82226	5CD936615M	75500	Pangasinan
22539	PRO-LPT-82312	5CD93660RP	75500	Pangasinan
21328	PRO-LPT-82190	5CD93661D9	75500	Pangasinan
22436	PRO-LPT-93461	5CD93670D3	75500	Pangasinan
22552	PRO-LPT-82265	5CD9366184	75500	Pangasinan
22629	PRO-LPT-93401	5CD9366ZDD	75500	Pangasinan
22633	PRO-LPT-93392	5CD93670FD	75500	Pangasinan
22572	PRO-LPT-82315	5CD93660W1	75500	Pangasinan
20937	PRO-LPT-93386	5CD936700Q	75500	Pangasinan
23088	PRO-LPT-89998	5CD9366ZN5	75500	Pangasinan
23123	PRO-LPT-89264	5CD93660HX	75500	Pangasinan
21042	PRO-LPT-93624	5CD93661HV	10006	Pangasinan
23090	PRO-LPT-89368	5CD93555FV	75500	Pangasinan
23077	PRO-LPT-90441	5CD9352X8R	75500	Pangasinan
20924	PRO-LPT-89715	5CD9367001	75500	Pangasinan
20933	PRO-LPT-90063	5CD93661MG	75500	Pangasinan
21852	PRO-LPT-93642	5CD93660TQ	10006	Pangasinan
23107	PRO-LPT-89221	5CD93661N9	75500	Pangasinan
23387	PRO-LPT-90467	5CD9352WX8	10098	Pangasinan
23385	PRO-LPT-90701	5CD93670T2	10126	Pangasinan
23386	PRO-LPT-92646	5CD935552H	10119	Pangasinan
21055	PRO-LPT-93671	5CD9352XGP	75500	Pangasinan
23388	PRO-LPT-89561	5CD93670TS	10128	Pangasinan
23389	PRO-LPT-89652	5CD93671MJ	10123	Pangasinan
23395	PRO-LPT-89935	5CD9366ZK7	10112	Pangasinan
23390	PRO-LPT-90375	5CD93671HV	10127	Pangasinan
23398	PRO-LPT-90786	5CD93671N3	10096	Pangasinan
23394	PRO-LPT-90816	5CD93661DN	10103	Pangasinan
23401	PRO-LPT-89838	5CD9367191	10111	Pangasinan
23391	PRO-LPT-90352	5CD936718C	10119	Pangasinan
23396	PRO-LPT-90560	5CD936717Y	10096	Pangasinan
23397	PRO-LPT-90659	5CD9366ZW3	10110	Pangasinan
23403	PRO-LPT-90850	5CD9366ZMH	10134	Pangasinan
23407	PRO-LPT-89641	5CD9366ZB9	10097	Pangasinan
23400	PRO-LPT-89723	5CD93671J7	10103	Pangasinan
23404	PRO-LPT-90401	5CD93660GQ	10133	Pangasinan
23411	PRO-LPT-90712	5CD9366ZY2	10123	Pangasinan
23413	PRO-LPT-90752	5CD935559X	10126	Pangasinan
23409	PRO-LPT-90865	5CD93555B1	10127	Pangasinan
23412	PRO-LPT-90170	5CD936619F	10121	Pangasinan
23406	PRO-LPT-90381	5CD936704R	10104	Pangasinan
23408	PRO-LPT-90629	5CD93671BX	10123	Pangasinan
23414	PRO-LPT-90771	5CD9366ZTG	10112	Pangasinan
21053	PRO-LPT-93683	5CD936615L	10006	Pangasinan
24256	PRO-LPT-89817	5CD9366Z7F	75500	Pangasinan
21059	PRO-LPT-93699	5CD93660VR	10006	Pangasinan
21869	PRO-LPT-91914	5CD9366ZRP	75500	Pangasinan
22348	PRO-LPT-93753	5CD9352WZV	10006	Pangasinan
23087	PRO-LPT-89322	5CD93660PH	75500	Pangasinan
22570	PRO-LPT-81943	5CD9352XCP	75500	Pangasinan
23740	PRO-LPT-89731	5CD936615F	10126	Pangasinan
23037	PRO-LPT-82262	5CD9366131	75500	Pangasinan
22566	PRO-LPT-82252	5CD93661JK	75500	Pangasinan
22257	PRO-LPT-93345	5CD93660KY	75500	Pangasinan
22625	PRO-LPT-93465	5CD936704X	75500	Pangasinan
23031	PRO-LPT-82060	5CD9352X8B	75500	Pangasinan
22359	PRO-LPT-93335	5CD9352XM2	75500	Pangasinan
22438	PRO-LPT-93419	5CD9352XFP	75500	Pangasinan
20382	PRO-LPT-82310	5CD93660W8	75500	Pangasinan
22343	PRO-LPT-93457	5CD936709G	75500	Pangasinan
23035	PRO-LPT-82300	5CD93661LR	75500	Pangasinan
22631	PRO-LPT-93330	5CD935552W	75500	Pangasinan
24287	PRO-LPT-89933	5CD9366ZGD	75500	Pangasinan
24289	PRO-LPT-92271	5CD9366ZLJ	75500	Pangasinan
22344	PRO-LPT-81747	5CD93496ZB	75500	Pangasinan
21323	PRO-LPT-81818	5CD9349738	75500	Pangasinan
23025	PRO-LPT-81805	5CD934975X	75500	Pangasinan
22769	PRO-LPT-81821	5CD934976B	75500	Pangasinan
22540	PRO-LPT-81825	5CD93496ZY	75500	Pangasinan
21317	PRO-LPT-81894	5CD9352WX2	75500	Pangasinan
22345	PRO-LPT-81843	5CD93496Z9	75500	Pangasinan
24272	PRO-LPT-81845	5CD934974R	75500	Pangasinan
21013	PRO-LPT-81877	5CD9352XCN	75500	Pangasinan
20243	PRO-LPT-81900	5CD9352XC4	75500	Pangasinan
21326	PRO-LPT-81908	5CD9352XCL	75500	Pangasinan
21320	PRO-LPT-81915	5CD934972T	75500	Pangasinan
22578	PRO-LPT-81993	5CD9352XJ4	75500	Pangasinan
21330	PRO-LPT-81935	5CD9352X97	10006	Pangasinan
23026	PRO-LPT-81936	5CD9352X5S	75500	Pangasinan
22579	PRO-LPT-81948	5CD9352X6C	75500	Pangasinan
24894	PRO-LPT-82012	5CD9352XH3	75500	Pangasinan
23020	PRO-LPT-81978	5CD9352X94	75500	Pangasinan
22583	PRO-LPT-82123	5CD9352WYB	75500	Pangasinan
21313	PRO-LPT-81990	5CD9352XBC	75500	Pangasinan
21016	PRO-LPT-82006	5CD9352XDS	75500	Pangasinan
20502	PRO-LPT-82011	5CD9355584	75500	Pangasinan
23039	PRO-LPT-82032	5CD9352X7J	75500	Pangasinan
20994	PRO-LPT-82010	5CD9352XBK	75500	Pangasinan
21018	PRO-LPT-82064	5CD9352X53	75500	Pangasinan
23036	PRO-LPT-82077	5CD9352X6Q	75500	Pangasinan
23023	PRO-LPT-82017	5CD9352XB3	75500	Pangasinan
22355	PRO-LPT-82109	5CD9352XFH	75500	Pangasinan
22351	PRO-LPT-82063	5CD9352X1B	75500	Pangasinan
22537	PRO-LPT-82098	5CD9352X22	75500	Pangasinan
22550	PRO-LPT-82073	5CD9352X78	75500	Pangasinan
22534	PRO-LPT-82133	5CD9352WYL	75500	Pangasinan
22531	PRO-LPT-82142	5CD9352X33	75500	Pangasinan
21333	PRO-LPT-82086	5CD9352X6W	75500	Pangasinan
23038	PRO-LPT-82108	5CD9352WY3	75500	Pangasinan
22765	PRO-LPT-82094	5CD9352X98	75500	Pangasinan
22636	PRO-LPT-82096	5CD9352XG1	75500	Pangasinan
21324	PRO-LPT-82172	5CD9366157	75500	Pangasinan
24293	PRO-LPT-82181	5CD9352XD5	75500	Pangasinan
24292	PRO-LPT-82222	5CD9352WZG	75500	Pangasinan
22535	PRO-LPT-82161	5CD9352X86	75500	Pangasinan
23022	PRO-LPT-82231	5CD9366143	75500	Pangasinan
22796	PRO-LPT-82283	5CD93661LD	75500	Pangasinan
22567	PRO-LPT-82167	5CD93661GG	75500	Pangasinan
22533	PRO-LPT-82179	5CD936612Z	75500	Pangasinan
23975	PRO-LPT-82244	5CD93661MQ	75500	Pangasinan
21316	PRO-LPT-82296	5CD93660X0	75500	Pangasinan
21012	PRO-LPT-82173	5CD9366169	75500	Pangasinan
20384	PRO-LPT-82234	5CD93661J1	75500	Pangasinan
20996	PRO-LPT-82210	5CD9352X9N	75500	Pangasinan
22590	PRO-LPT-82261	5CD9366179	75500	Pangasinan
20869	PRO-LPT-89199	5CD93661Q4	10106	Pangasinan
23739	PRO-LPT-89151	5CD93660T6	10115	Pangasinan
23392	PRO-LPT-89284	5CD935554Z	10111	Pangasinan
23402	PRO-LPT-89305	5CD93660J2	10102	Pangasinan
20861	PRO-LPT-89310	5CD935559M	10113	Pangasinan
20863	PRO-LPT-89319	5CD93660TT	10101	Pangasinan
20300	PRO-LPT-89335	5CD93555CC	10116	Pangasinan
24288	PRO-LPT-89317	5CD9366165	75500	Pangasinan
20281	PRO-LPT-89499	5CD9366ZHF	10117	Pangasinan
20289	PRO-LPT-89395	5CD93555B9	10107	Pangasinan
20851	PRO-LPT-89409	5CD9366ZYQ	10106	Pangasinan
23114	PRO-LPT-89577	5CD93555DW	75500	Pangasinan
24867	PRO-LPT-89727	5CD93671JV	75500	Pangasinan
20276	PRO-LPT-89682	5CD93555DX	10120	Pangasinan
23416	PRO-LPT-89833	5CD93660YP	10097	Pangasinan
23415	PRO-LPT-89835	5CD93671GT	10123	Pangasinan
24290	PRO-LPT-89840	5CD93671PM	10006	Pangasinan
23383	PRO-LPT-89959	5CD9366ZLN	10133	Pangasinan
23102	PRO-LPT-90137	5CD9366132	75500	Pangasinan
22632	PRO-LPT-93351	5CD93660ZZ	75500	Pangasinan
22250	PRO-LPT-93427	5CD93670CS	75500	Pangasinan
24172	PRO-LPT-92445		75600	Quezon
26162	PRO-LPT-127517	34NPT93	75600	Quezon
21144	PRO-LPT-92704	5CD935551T	75600	Quezon
26299	PRO-LPT-127518	4KQPT93	75600	Quezon
21475	PRO-LPT-92984	5CD93661RP	10022	Quezon
26132	PRO-LPT-127524	3CHPT93	75600	Quezon
26158	PRO-LPT-127516	5SNPT93	75600	Quezon
20580	PRO-LPT-92888	5CD9366ZZC	75600	Quezon
20578	PRO-LPT-92637	5CD9352XKW	10363	Quezon
21471	PRO-LPT-93269	5CD9366ZW6	75600	Quezon
21461	PRO-LPT-93081	5CD934974M	10022	Quezon
21480	PRO-LPT-93147	5CD93670W9	75600	Quezon
21454	PRO-LPT-92652	5CD9352XKT	10354	Quezon
21455	PRO-LPT-93252	5CD9366ZMF	75600	Quezon
21459	PRO-LPT-92985	5CD93660J0	75600	Quezon
21462	PRO-LPT-93148	5CD93671C8	10362	Quezon
21473	PRO-LPT-92991	5CD936617P	75600	Quezon
21464	PRO-LPT-92996	5CD93661B8	75600	Quezon
21466	PRO-LPT-92995	5CD93670D5	10360	Quezon
21469	PRO-LPT-93253	5CD93671LJ	10357	Quezon
21478	PRO-LPT-93004	5CD93661QJ	75600	Quezon
21731	PRO-LPT-92664	5CD93670NT	75600	Quezon
21482	PRO-LPT-92993	5CD9352XG3	10357	Quezon
21483	PRO-LPT-93058	5CD934974P	10356	Quezon
20670	PRO-LPT-92798	5CD9352XGJ	75600	Quezon
26130	PRO-LPT-127553	CWLPT93	75600	Quezon
24017	PRO-LPT-90647	5CD93671QK	75600	Quezon
21732	PRO-LPT-92660	5CD936703P	75600	Quezon
21741	PRO-LPT-92661	5CD9367004	75600	Quezon
21743	PRO-LPT-92581	5CD93555FZ	75600	Quezon
21750	PRO-LPT-92678	5CD93555CZ	75600	Quezon
26169	PRO-LPT-127551	GDHPT93	75600	Quezon
26297	PRO-LPT-127573	8K1XT93	75600	Quezon
26154	PRO-LPT-127547	7WXWT93	75600	Quezon
26143	PRO-LPT-127549	GJMXT93	75600	Quezon
20383	PRO-LPT-93002	5CD934979J	75600	Quezon
21468	PRO-LPT-93154	5CD93671KM	75600	Quezon
26139	PRO-LPT-127511	4SNPT93	75600	Quezon
20575	PRO-LPT-92710	5CD93555HP	75600	Quezon
20385	PRO-LPT-93003	5CD9355565	75600	Quezon
26180	PRO-LPT-127575	BJ1XT93	75600	Quezon
26172	PRO-LPT-127568	6BZWT93	75600	Quezon
23979	PRO-LPT-89015	5CD935554K	75600	Quezon
21713	PRO-LPT-92595	5CD935553T	75600	Quezon
21698	PRO-LPT-92684	5CD9349770	75600	Quezon
21477	PRO-LPT-92987	5CD93661CF	75600	Quezon
21470	PRO-LPT-93272	5CD936710B	75600	Quezon
21460	PRO-LPT-93271	5CD936710L	75600	Quezon
21696	PRO-LPT-92708	5CD9352XLV	75600	Quezon
21700	PRO-LPT-92680	5CD934979X	75600	Quezon
21481	PRO-LPT-92728	5CD934972V	75600	Quezon
22829	PRO-LPT-92992	5CD93661T0	75600	Quezon
24301	PRO-LPT-93152	5CD9366Z90	75600	Quezon
23765	PRO-LPT-93024	5CD93661SX	75600	Quezon
21472	PRO-LPT-93125	5CD93661JH	75600	Quezon
20577	PRO-LPT-93001	5CD935551C	75600	Quezon
26185	PRO-LPT-127536	42YWT93	75600	Quezon
26191	PRO-LPT-127561	6VHPT93	75600	Quezon
22234	PRO-LPT-92506	5CD9367135	75600	Quezon
24819	PRO-LPT-92524	5CD936705S	75600	Quezon
20792	PRO-LPT-92553	5CD9355530	75600	Quezon
22245	PRO-LPT-92455	5CD936704M	75600	Quezon
22828	PRO-LPT-93023	5CD93660NN	75600	Quezon
22825	PRO-LPT-93267	5CD93671K1	10363	Quezon
22827	PRO-LPT-93275	5CD93670YZ	10363	Quezon
22831	PRO-LPT-92988	5CD93661KQ	10363	Quezon
22836	PRO-LPT-93273	5CD936711K	10362	Quezon
22835	PRO-LPT-93150	5CD9352XM9	10362	Quezon
21456	PRO-LPT-93136	5CD93670X8	75600	Quezon
21728	PRO-LPT-92713	5CD9352XJM	75600	Quezon
22832	PRO-LPT-93022	5CD93660L9	75600	Quezon
21467	PRO-LPT-92997	5CD93496YX	10357	Quezon
24016	PRO-LPT-92469	5CD93670XL	75600	Quezon
26189	PRO-LPT-127542	63KQT93	75600	Quezon
22244	PRO-LPT-89045	5CD93555BG	75600	Quezon
21479	PRO-LPT-93000	5CD934971P	75600	Quezon
21742	PRO-LPT-92707	5CD9352XML	75600	Quezon
21463	PRO-LPT-93025	5CD93660GR	75600	Quezon
21465	PRO-LPT-93149	5CD936700P	75600	Quezon
24295	PRO-LPT-93257	5CD9366ZQN	10363	Quezon
24304	PRO-LPT-92999	5CD9349752	75600	Quezon
20579	PRO-LPT-92709	5CD9355539	10363	Quezon
21458	PRO-LPT-92994	5CD9352XHB	75600	Quezon
26305	PRO-LPT-127577	J6KQT93	75600	Quezon
22237	PRO-LPT-81826	5CD9352X8W	75600	Quezon
26165	PRO-LPT-127512	DBMXT93	10022	Quezon
20576	PRO-LPT-92711	5CD9352X5H	75600	Quezon
22233	PRO-LPT-81817	5CD934974D	75600	Quezon
20787	PRO-LPT-81829	5CD934971S	75600	Quezon
26131	PRO-LPT-127554	B5KQT93	75600	Quezon
26128	PRO-LPT-127557	JCPPT93	75600	Quezon
26129	PRO-LPT-127519	JT1XT93	75600	Quezon
26138	PRO-LPT-127537	D9YWT93	75600	Quezon
26134	PRO-LPT-127585	140XT93	75600	Quezon
26135	PRO-LPT-127569	H9MXT93	75600	Quezon
26133	PRO-LPT-127528	G8YWT93	75600	Quezon
26136	PRO-LPT-127576	1FHPT93	75600	Quezon
26137	PRO-LPT-127522	1WLPT93	75600	Quezon
26140	PRO-LPT-127514	CDHPT93	75600	Quezon
26152	PRO-LPT-127559	3SPPT93	75600	Quezon
26181	PRO-LPT-127566	35LPT93	75600	Quezon
26141	PRO-LPT-127533	9X1XT93	75600	Quezon
26142	PRO-LPT-127535	81ZWT93	75600	Quezon
26144	PRO-LPT-127523	53KQT93	75600	Quezon
26145	PRO-LPT-127541	37MPT93	75600	Quezon
26147	PRO-LPT-127572	6XGQT93	75600	Quezon
26153	PRO-LPT-127583	G6RXT93	75600	Quezon
26146	PRO-LPT-127520	3JQPT93	75600	Quezon
26150	PRO-LPT-127560	J0ZWT93	75600	Quezon
26182	PRO-LPT-127582	FDMXT93	75600	Quezon
26194	PRO-LPT-127521	5TLPT93	75600	Quezon
26173	PRO-LPT-127530	J8YWT93	75600	Quezon
26148	PRO-LPT-127508	7H1XT93	75600	Quezon
26149	PRO-LPT-127580	HH1XT93	75600	Quezon
26171	PRO-LPT-127546	4L4XT93	75600	Quezon
26151	PRO-LPT-127567	FBLQT93	75600	Quezon
26174	PRO-LPT-127544	22HQT93	75600	Quezon
26160	PRO-LPT-127565	BYXWT93	75600	Quezon
26167	PRO-LPT-127513	CQNPT93	75600	Quezon
26164	PRO-LPT-127545	1DZWT93	75600	Quezon
26155	PRO-LPT-127529	HXGQT93	75600	Quezon
26166	PRO-LPT-127526	5TKXT93	75600	Quezon
26190	PRO-LPT-127509	9FQPT93	75600	Quezon
26156	PRO-LPT-127525	3ZYWT93	75600	Quezon
26157	PRO-LPT-127531	G20XT93	75600	Quezon
26188	PRO-LPT-127597	8P1XT93	75600	Quezon
26170	PRO-LPT-127550	45KQT93	75600	Quezon
26175	PRO-LPT-127543	130XT93	75600	Quezon
26184	PRO-LPT-127555	HY51V93	75600	Quezon
26195	PRO-LPT-127586	H30XT93	75600	Quezon
26159	PRO-LPT-127579	CZYWT93	75600	Quezon
26178	PRO-LPT-127552	2THPT93	75600	Quezon
26177	PRO-LPT-127564	9TPPT93	75600	Quezon
26183	PRO-LPT-127534	7YGQT93	75600	Quezon
26168	PRO-LPT-127540	8B1XT93	75600	Quezon
26161	PRO-LPT-127510	32KQT93	75600	Quezon
26163	PRO-LPT-127571	7DZWT93	75600	Quezon
26176	PRO-LPT-127527	FHQPT93	75600	Quezon
26193	PRO-LPT-127538	BVKXT93	75600	Quezon
26186	PRO-LPT-127581	F9HQT93	75600	Quezon
26179	PRO-LPT-127562	JTKXT93	75600	Quezon
26187	PRO-LPT-127584	F0ZWT93	75600	Quezon
26192	PRO-LPT-127558	C2KQT93	75600	Quezon
26294	PRO-LPT-127539	57MPT93	75600	Quezon
26300	PRO-LPT-127532	F20XT93	75600	Quezon
26302	PRO-LPT-127563	7THPT93	75600	Quezon
26293	PRO-LPT-127574	GH1XT93	75600	Quezon
26295	PRO-LPT-127548	DXXWT93	75600	Quezon
26296	PRO-LPT-127578	G0KQT93	75600	Quezon
26298	PRO-LPT-127515	8XMPT93	75600	Quezon
26304	PRO-LPT-127556	84KQT93	75600	Quezon
26303	PRO-LPT-127635	CBRXT93	75600	Quezon
26301	PRO-LPT-127570	89ZWT93	75600	Quezon
20235	PRO-LPT-81923	5CD9352X51	75610	Quezon
23568	PRO-LPT-89090	5CD935552K	75600	Quezon
22236	PRO-LPT-92529	5CD9367O2J	75600	Quezon
21457	PRO-LPT-92986	5CD93660MG	10360	Quezon
22826	PRO-LPT-92998	5CD935554X	10363	Quezon
21476	PRO-LPT-92859	5CD93661T2	10357	Quezon
21474	PRO-LPT-93268	5CD9366ZQT	75600	Quezon
22830	PRO-LPT-92989	5CD935555Q	75600	Quezon
22834	PRO-LPT-93151	5CD936712G	10363	Quezon
22833	PRO-LPT-93153	5CD93670ZY	10362	Quezon
20885	PRO-LPT-90150	5CD93555DV	75700	Quirino
20907	PRO-LPT-89989	5CD93670Q5	75700	Quirino
20904	PRO-LPT-89249	5CD93555HY	75700	Quirino
20905	PRO-LPT-89667	5CD936716H	75700	Quirino
20886	PRO-LPT-90175	5CD93661CH	75700	Quirino
20879	PRO-LPT-90688	5CD93671FX	75700	Quirino
20906	PRO-LPT-89556	5CD93671LG	75700	Quirino
23197	PRO-LPT-90057	5CD93660P1	75700	Quirino
23195	PRO-LPT-90787	5CD9366ZF5	75700	Quirino
20876	PRO-LPT-90700	5CD9366ZHK	75700	Quirino
23785	PRO-LPT-92002	5CD9366ZBT	75700	Quirino
20887	PRO-LPT-90730	5CD93670ML	75700	Quirino
20903	PRO-LPT-89375	5CD935559Y	75700	Quirino
20056	PRO-LPT-93053	5CD9355593	10369	Rizal
20044	PRO-LPT-93065	5CD934974T	10369	Rizal
20045	PRO-LPT-93037	5CD93555CH	10369	Rizal
20054	PRO-LPT-93036	5CD936702V	10369	Rizal
20055	PRO-LPT-93070	5CD934970L	10369	Rizal
20072	PRO-LPT-92890	5CD93661S7	10364	Rizal
20070	PRO-LPT-93040	5CD934974S	10364	Rizal
20071	PRO-LPT-93167	5CD93671L0	75804	Rizal
20206	PRO-LPT-93071	5CD93661S2	10367	Rizal
20202	PRO-LPT-93076	5CD934974B	10370	Rizal
20209	PRO-LPT-93082	5CD93670KX	10367	Rizal
20339	PRO-LPT-92893	5CD9366162	10369	Rizal
20335	PRO-LPT-93031	5CD9366ZZJ	10366	Rizal
20337	PRO-LPT-93069	5CD93661R4	10366	Rizal
20336	PRO-LPT-93161	5CD936710R	10369	Rizal
20341	PRO-LPT-93047	5CD93496ZM	10366	Rizal
23468	PRO-LPT-90382	5CD9366ZN4	75813	Rizal
20208	PRO-LPT-93158	5CD9352XJ3	75800	Rizal
20791	PRO-LPT-92503	5CD93670WS	75800	Rizal
20790	PRO-LPT-92400	5CD93670P0	75800	Rizal
21297	PRO-LPT-93083	5CD936709R	75800	Rizal
23453	PRO-LPT-92411	5CD936701N	75800	Rizal
21282	PRO-LPT-92901	5CD9352X6D	75800	Rizal
21296	PRO-LPT-93084	5CD93670J6	10368	Rizal
21289	PRO-LPT-93155	5CD93670ZS	10368	Rizal
23553	PRO-LPT-92456	5CD93670KS	75800	Rizal
21283	PRO-LPT-93060	5CD934970N	10365	Rizal
21280	PRO-LPT-93165	5CD936710F	10365	Rizal
21284	PRO-LPT-93032	5CD93555JP	10365	Rizal
21292	PRO-LPT-93066	5CD934979G	10365	Rizal
21295	PRO-LPT-93156	5CD93670GJ	75802	Rizal
21294	PRO-LPT-93041	5CD936619L	10365	Rizal
21286	PRO-LPT-93074	5CD934977H	75802	Rizal
21291	PRO-LPT-93157	5CD935557K	10365	Rizal
21302	PRO-LPT-93159	5CD9352XKY	10365	Rizal
21303	PRO-LPT-93035	5CD9366ZR7	10365	Rizal
21309	PRO-LPT-92738	5CD93555K1	10365	Rizal
21307	PRO-LPT-93034	5CD93555HQ	10365	Rizal
21453	PRO-LPT-92892	5CD93661RY	10370	Rizal
20340	PRO-LPT-93039	5CD9366ZNZ	10369	Rizal
21451	PRO-LPT-93166	5CD93555FL	10370	Rizal
20043	PRO-LPT-92891	5CD93670J8	75800	Rizal
20201	5CD93555FL	PR0-LPT-93166	10370	Rizal
21566	PRO-LPT-93756	5CD936702Z	75800	Rizal
20345	PRO-LPT-93078	5CD93555BK	75800	Rizal
21754	PRO-LPT-92554	5CD9352XFT	75800	Rizal
21293	PRO-LPT-93029	5CD936715W	75800	Rizal
21452	PRO-LPT-93049	5CD934971W	75800	Rizal
21565	PRO-LPT-81989	5CD9352X7W	75800	Rizal
23507	PRO-LPT-93661	5CD936618H	75813	Rizal
21150	PRO-LPT-93584	5CD93670V0	75800	Rizal
21163	PRO-LPT-93696	5CD934973V	75800	Rizal
21160	PRO-LPT-93555	5CD934976G	75800	Rizal
22748	PRO-LPT-93575	5CD93661KF	75813	Rizal
20344	PRO-LPT-93033	5CD93555B5	10366	Rizal
22745	PRO-LPT-91961	5CD9367157	75800	Rizal
22747	PRO-LPT-93595	5CD93660L7	75800	Rizal
22753	PRO-LPT-93582	5CD94848XR	75800	Rizal
22755	PRO-LPT-92136	5CD93670D2	75800	Rizal
22758	PRO-LPT-93569	5CD93670ZN	75800	Rizal
22767	PRO-LPT-93594	5CD93660K7	75800	Rizal
22763	PRO-LPT-91963	5CD9366ZM1	75800	Rizal
27746	PRO-LPT-127685	DDMXT93	75800	Rizal
27747	PRO-LPT-127740	FBZWT93	75800	Rizal
27748	PRO-LPT-127703	62KQT93	75800	Rizal
27749	PRO-LPT-127642	JY0XT93	75800	Rizal
27750	PRO-LPT-127664	FYGQT93	75800	Rizal
22771	PRO-LPT-91923	5CD9366Z7X	75815	Rizal
23454	PRO-LPT-92438	5CD936712B	75800	Rizal
23456	PRO-LPT-93993	5CD9352X76	75800	Rizal
23544	PRO-LPT-92282	5CD936704T	75813	Rizal
23908	PRO-LPT-81846	5CD9349751	75813	Rizal
23467	PRO-LPT-93746	5CD934970B	75800	Rizal
23455	PRO-LPT-90589	5CD9366Z8T	75813	Rizal
23906	PRO-LPT-92454	5CD93670WX	75802	Rizal
22770	PRO-LPT-93583	5CD9352XGF	75813	Rizal
21298	PRO-LPT-93052	5CD934978R	75802	Rizal
22749	PRO-LPT-93596	5CD93661FF	75813	Rizal
26964	PRO-LPT-127681	4W1XT93	75800	Rizal
20789	PRO-LPT-93130	5CD93670ZR	75804	Rizal
23499	PRO-LPT-93652	5CD93660GG	75816	Rizal
23547	PRO-LPT-92507	5CD93670WM	75802	Rizal
26965	PRO-LPT-127719	3K4XT93	75800	Rizal
26976	PRO-LPT-127747	5P1XT93	75800	Rizal
24132	PRO-LPT-90185	5CD93660NH	75800	Rizal
23252	PRO-LPT-91594	5CD9366ZFW	75800	Rizal
26966	PRO-LPT-127730	9WXWT93	75800	Rizal
26970	PRO-LPT-127661	H9YWT93	75800	Rizal
23259	PRO-LPT-91533	5CD935556M	75800	Rizal
23254	PRO-LPT-91645	5CD9366ZZ7	75800	Rizal
24123	PRO-LPT-93176	5CD936711D	75800	Rizal
23253	PRO-LPT-89974	5CD9366ZJN	75800	Rizal
23249	PRO-LPT-90183	5CD93661NR	75800	Rizal
23255	PRO-LPT-81970	5CD9352XC2	75800	Rizal
26967	PRO-LPT-127728	3P1XT93	75800	Rizal
23250	PRO-LPT-90772	5CD936717L	75815	Rizal
26968	PRO-LPT-127678	3BYWT93	75800	Rizal
21147	PRO-LPT-93527	5CD93555CJ	75800	Rizal
26969	PRO-LPT-127683	3H1XT93	75800	Rizal
26971	PRO-LPT-127660	60KQT93	75800	Rizal
26981	PRO-LPT-127698	9K1XT93	75800	Rizal
26972	PRO-LPT-127717	DP1XT93	75800	Rizal
26973	PRO-LPT-127674	6J1XT93	75800	Rizal
26974	PRO-LPT-127643	9QHQT93	75800	Rizal
26975	PRO-LPT-127704	33KQT93	75800	Rizal
26977	PRO-LPT-127672	7JMXT93	75800	Rizal
27751	PRO-LPT-127675	5H1XT93	75800	Rizal
26978	PRO-LPT-127727	BK4XT93	75800	Rizal
27752	PRO-LPT-127696	2H1XT93	75800	Rizal
26979	PRO-LPT-127725	BBZWT93	75800	Rizal
26980	PRO-LPT-127695	7K1XT93	75800	Rizal
26982	PRO-LPT-127667	CCMXT93	75800	Rizal
26983	PRO-LPT-127745	2K4XT93	75800	Rizal
26984	PRO-LPT-127639	701XT93	75800	Rizal
26985	PRO-LPT-127737	6BMXT93	75800	Rizal
26986	PRO-LPT-127684	CH1XT93	75800	Rizal
26987	PRO-LPT-127654	CBMXT93	75800	Rizal
26997	PRO-LPT-127715	DV1XT93	75800	Rizal
26988	PRO-LPT-127699	3CPPT93	75800	Rizal
24119	PRO-LPT-89549	5CD9366Z9M	75800	Rizal
24120	PRO-LPT-91663	5CD936715V	75815	Rizal
24131	PRO-LPT-82083	5CD9352X29	75800	Rizal
27753	PRO-LPT-127726	9XXWT93	75800	Rizal
26989	PRO-LPT-127687	DJ1XT93	75800	Rizal
26990	PRO-LPT-127641	JWXWT93	75800	Rizal
26992	PRO-LPT-127710	CJQPT93	75800	Rizal
26991	PRO-LPT-127729	BWXWT93	75800	Rizal
26993	PRO-LPT-127732	1M1XT93	75800	Rizal
26995	PRO-LPT-127640	F11XT93	75800	Rizal
26994	PRO-LPT-127738	4N1XT93	75800	Rizal
26996	PRO-LPT-127705	HMHQT93	75800	Rizal
26998	PRO-LPT-127723	FL4XT93	75800	Rizal
26999	PRO-LPT-127694	G6PPT93	75800	Rizal
27001	PRO-LPT-127686	HB1XT93	75800	Rizal
27000	PRO-LPT-127656	20QPT93	75800	Rizal
27002	PRO-LPT-127718	JN1XT93	75800	Rizal
27004	PRO-LPT-127647	BQHQT93	75800	Rizal
27003	PRO-LPT-127693	JK1XT93	75800	Rizal
27754	PRO-LPT-127707	620XT93	75800	Rizal
24740	PRO-LPT-81766	5CD934979D	75800	Rizal
23543	PRO-LPT-81827	5CD934973G	75813	Rizal
20788	PRO-LPT-81864	5CD934972R	75800	Rizal
27755	PRO-LPT-127712	JXXWT93	75800	Rizal
27756	PRO-LPT-127646	3NHQT93	75800	Rizal
27757	PRO-LPT-127653	FKQPT93	75800	Rizal
27761	PRO-LPT-127716	2DMXT93	75800	Rizal
27770	PRO-LPT-127677	71ZWT93	75800	Rizal
27772	PRO-LPT-127709	GM1XT93	75800	Rizal
27758	PRO-LPT-127722	401XT93	75800	Rizal
27765	PRO-LPT-127680	4BMXT93	75800	Rizal
27768	PRO-LPT-127744	6N1XT93	75800	Rizal
27769	PRO-LPT-127666	23HQT93	75800	Rizal
27759	PRO-LPT-127671	8YXWT93	75800	Rizal
27778	PRO-LPT-127720	HL1XT93	75800	Rizal
27781	PRO-LPT-127724	5M1XT93	75800	Rizal
27785	PRO-LPT-127714	4XXWT93	75800	Rizal
27793	PRO-LPT-127702	8LMXT93	75800	Rizal
27760	PRO-LPT-127652	FNHQT93	75800	Rizal
27782	PRO-LPT-127663	RNPT93	75800	Rizal
27762	PRO-LPT-127731	1J1XT93	75800	Rizal
27767	PRO-LPT-127739	7N1XT93	75800	Rizal
27763	PRO-LPT-127662	5VQPT93	75800	Rizal
27764	PRO-LPT-127649	8WJPT93	75800	Rizal
27788	PRO-LPT-127735	DZYWT93	75800	Rizal
27790	PRO-LPT-127743	2B1XT93	75800	Rizal
27766	PRO-LPT-127673	8DMXT93	75800	Rizal
27780	PRO-LPT-127690	4J1XT93	75800	Rizal
27786	PRO-LPT-127682	FJ1XT93	75800	Rizal
27787	PRO-LPT-127658	C81XT93	75800	Rizal
27789	PRO-LPT-127670	DCMXT93	75800	Rizal
27771	PRO-LPT-127650	DPHQT93	75800	Rizal
27775	PRO-LPT-127734	GZYWT93	75800	Rizal
27779	PRO-LPT-127648	FQHQT93	75800	Rizal
27791	PRO-LPT-127665	8YGQT93	75800	Rizal
27792	PRO-LPT-127742	JL1XT93	75800	Rizal
27773	PRO-LPT-127645	67KQT93	75800	Rizal
27776	PRO-LPT-127659	GCHPT93	75800	Rizal
27783	PRO-LPT-127700	291XT93	75800	Rizal
27784	PRO-LPT-127691	3K1XT93	75800	Rizal
27774	PRO-LPT-127733	591XT93	75800	Rizal
27777	PRO-LPT-127651	F8MPT93	75800	Rizal
27794	PRO-LPT-127741	JM1XT93	75800	Rizal
27801	PRO-LPT-127692	6K1XT93	75800	Rizal
27795	PRO-LPT-127668	B91XT93	75800	Rizal
27799	PRO-LPT-127748	6P1XT93	75800	Rizal
27803	PRO-LPT-127689	6H1XT93	75800	Rizal
27796	PRO-LPT-127669	JCMXT93	75800	Rizal
27797	PRO-LPT-127711	4JQPT93	75800	Rizal
27802	PRO-LPT-127697	5J1XT93	75800	Rizal
27798	PRO-LPT-127688	BK1XT93	75800	Rizal
27800	PRO-LPT-127655	79ZWT93	75800	Rizal
27805	PRO-LPT-127676	FK4XT93	75800	Rizal
27808	PRO-LPT-127657	G4NPT93	75800	Rizal
27804	PRO-LPT-127679	7CRXT93	75800	Rizal
27807	PRO-LPT-127721	7Z0XT93	75800	Rizal
27806	PRO-LPT-127736	2ZYWT93	75800	Rizal
27811	PRO-LPT-127746	FN1XT93	75800	Rizal
27809	PRO-LPT-127708	6YXWT93	75800	Rizal
27810	PRO-LPT-127713	7YXWT93	75800	Rizal
27815	PRO-LPT-127644	7NHQT93	75800	Rizal
27816	PRO-LPT-127706	G10XT93	75800	Rizal
27817	PRO-LPT-127701	6DMXT93	75800	Rizal
24130	PRO-LPT-82019	5CD9352X75	75800	Rizal
24127	PRO-LPT-82046	5CD9352X7C	75800	Rizal
24124	PRO-LPT-82041	5CD9352X6K	75804	Rizal
24312	PRO-LPT-82101	5CD9352XH0	75800	Rizal
21145	PRO-LPT-89077	5CD93660QG	75800	Rizal
24471	PRO-LPT-89123	5CD93661FV	75815	Rizal
24741	PRO-LPT-90579	5CD93555DY	75815	Rizal
23542	PRO-LPT-90386	5CD93671CC	75813	Rizal
24121	PRO-LPT-91592	5CD9366ZJM	75800	Rizal
23257	PRO-LPT-91625	5CD93671CK	75800	Rizal
23560	PRO-LPT-92517	5CD935554H	75800	Rizal
23904	PRO-LPT-92300	5CD9367043	75800	Rizal
21756	PRO-LPT-92391	5CD9355547	75815	Rizal
23905	PRO-LPT-92437	5CD9367033	75802	Rizal
23909	PRO-LPT-92448	5CD93670XD	75800	Rizal
21300	PRO-LPT-93054	5CD934977N	10365	Rizal
20346	PRO-LPT-93055	5CD934971T	10366	Rizal
21299	PRO-LPT-93068	5CD934972J	10365	Rizal
21287	PRO-LPT-92895	5CD93670QJ	10365	Rizal
21306	PRO-LPT-93072	5CD9349787	75802	Rizal
20343	PRO-LPT-93080	5CD9355592	10366	Rizal
22751	PRO-LPT-93573	5CD9352XMB	75800	Rizal
20207	PRO-LPT-93042	5CD93555FX	10370	Rizal
20205	PRO-LPT-93045	5CD93661T6	10370	Rizal
21305	PRO-LPT-93057	5CD936706B	10365	Rizal
20342	PRO-LPT-93079	5CD934970R	10369	Rizal
21290	PRO-LPT-93164	5CD9352X9Z	10365	Rizal
21308	PRO-LPT-93043	5CD93670DG	10368	Rizal
21304	PRO-LPT-93064	5CD9349714	10365	Rizal
20203	PRO-LPT-93028	5CD93660GP	10370	Rizal
20204	PRO-LPT-93056	5CD9349790	10367	Rizal
21281	PRO-LPT-93077	5CD934976M	10365	Rizal
21301	PRO-LPT-93038	5CD93670C0	10365	Rizal
21310	PRO-LPT-93067	5CD934973W	10365	Rizal
21288	PRO-LPT-93075	5CD934976C	10365	Rizal
20338	PRO-LPT-93073	5CD934976D	10366	Rizal
21285	PRO-LPT-93168	5CD936614X	10365	Rizal
22756	PRO-LPT-93600	5CD9352WXP	75816	Rizal
22757	PRO-LPT-93603	5CD936706X	75800	Rizal
23509	PRO-LPT-93664	5CD93661HT	75800	Rizal
23503	PRO-LPT-93663	5CD93660JP	75800	Rizal
27300	PRO-LPT-127754	9J1XT93	75900	Romblon
27301	PRO-LPT-127760	5J4XT93	75900	Romblon
27302	PRO-LPT-127773	F7KQT93	75900	Romblon
27303	PRO-LPT-127769	6Z0XT93	75900	Romblon
27304	PRO-LPT-127750	2K1XT93	75900	Romblon
27305	PRO-LPT-127772	DNHQT93	75900	Romblon
27306	PRO-LPT-127765	9K4XT93	75900	Romblon
27307	PRO-LPT-127763	32HQT93	75900	Romblon
27308	PRO-LPT-127767	GL4XT93	75900	Romblon
27309	PRO-LPT-127759	5XXWT93	75900	Romblon
27310	PRO-LPT-127761	DJ4XT93	75900	Romblon
27311	PRO-LPT-127770	4QHQT93	75900	Romblon
27312	PRO-LPT-127774	CQHQT93	75900	Romblon
27313	PRO-LPT-127753	GK4XT93	75900	Romblon
27314	PRO-LPT-127771	JMHQT93	75900	Romblon
27315	PRO-LPT-127756	5L4XT93	75900	Romblon
23484	PRO-LPT-93597	5CD93661JW	75900	Romblon
23478	PRO-LPT-93588	5CD9366ZQS	75900	Romblon
27316	PRO-LPT-127757	1M4XT93	75900	Romblon
27317	PRO-LPT-127758	6M1XT93	75900	Romblon
27318	PRO-LPT-127751	H2HQT93	75900	Romblon
27319	PRO-LPT-127775	C7KQT93	75900	Romblon
27320	PRO-LPT-127755	JK4XT93	75900	Romblon
27321	PRO-LPT-127766	4M1XT93	75900	Romblon
27322	PRO-LPT-127749	CYXWT93	75900	Romblon
27323	PRO-LPT-127752	82HQT93	75900	Romblon
27324	PRO-LPT-127764	6L4XT93	75900	Romblon
23520	PRO-LPT-93580	5CD93670L3	75900	Romblon
23510	PRO-LPT-93574	5CD936711X	75900	Romblon
27641	PRO-LPT-127762	1N1XT93	75900	Romblon
27642	PRO-LPT-127768	96KQT93	75900	Romblon
23623	PRO-LPT-91724	5CD93671C3	76000	Samar
23619	PRO-LPT-91809	5CD9366ZNX	76000	Samar
21240	PRO-LPT-91653	5CD9366ZZW	76000	Samar
21235	PRO-LPT-91636	5CD93671PB	76000	Samar
25021	PRO-LPT-94059	5CD93670DY	76000	Samar
21233	PRO-LPT-89842	5CD93670R8	76000	Samar
23594	PRO-LPT-91792	5CD9366ZGP	76000	Samar
23326	PRO-LPT-90020	5CD93661MN	76000	Samar
23328	PRO-LPT-82301	5CD93661CJ	76000	Samar
23324	PRO-LPT-89856	5CD9367015	76000	Samar
23342	PRO-LPT-91540	5CD93671BL	76000	Samar
23355	PRO-LPT-90003	5CD9367130	76000	Samar
23356	PRO-LPT-90027	5CD93661C3	76000	Samar
23607	PRO-LPT-91668	5CD9366ZNJ	76000	Samar
23605	PRO-LPT-91661	5CD936709X	76000	Samar
23593	PRO-LPT-91763	5CD9366ZBP	76000	Samar
23600	PRO-LPT-91802	5CD93671JK	76000	Samar
23626	PRO-LPT-93920	5CD9366ZMN	76000	Samar
23634	PRO-LPT-93907	5CD9366ZQ3	76000	Samar
23655	PRO-LPT-93904	5CD9352X34	76000	Samar
23609	PRO-LPT-92060	5CD9366ZHC	76000	Samar
21231	PRO-LPT-91848	5CD936616S	76000	Samar
23631	PRO-LPT-93908	5CD9352WXF	76000	Samar
24219	PRO-LPT-93909	5CD9352X5X	76000	Samar
24218	PRO-LPT-92655	5CD9352XKQ	76000	Samar
24681	PRO-LPT-81789	5CD9349767	76000	Samar
26586	PRO-LPT-125830	82YWT93	76000	Samar
26587	PRO-LPT-125832	37RXT93	76000	Samar
26588	PRO-LPT-125829	33YWT93	76000	Samar
26589	PRO-LPT-125831	12HPT93	76000	Samar
26590	PRO-LPT-125833	D2YWT93	76000	Samar
23317	PRO-LPT-82282	5CD93661LY	76000	Samar
23325	PRO-LPT-82298	5CD936619B	76000	Samar
23343	PRO-LPT-90006	5CD93670LK	76000	Samar
23372	PRO-LPT-91628	5CD936706Y	76000	Samar
20532	PRO-LPT-93044	5CD936702H	76000	Samar
21064	PRO-LPT-93918	5CD93670C3	76000	Samar
23613	PRO-LPT-91798	5CD936717D	76027	Samar (Western Samar)
23373	PRO-LPT-90330	5CD936615Z	76027	Samar (Western Samar)
23615	PRO-LPT-91803	5CD93660M7	76027	Samar (Western Samar)
24221	PRO-LPT-92762	5CD93670CX	76027	Samar (Western Samar)
23316	PRO-LPT-90014	5CD9366175	76027	Samar (Western Samar)
21229	PRO-LPT-90154	5CD936613W	76005	Samar (Western Samar)
23377	PRO-LPT-90887	5CD9366ZKC	76005	Samar (Western Samar)
23323	PRO-LPT-82302	5CD93661QB	76027	Samar (Western Samar)
23374	PRO-LPT-90404	5CD9366187	76005	Samar (Western Samar)
23630	PRO-LPT-93915	5CD936706P	76005	Samar (Western Samar)
23628	PRO-LPT-93913	5CD9366194	76027	Samar (Western Samar)
26342	PRO-LPT-126259	6TKXT93	78000	Sarangani
26197	PRO-LPT-126245	FZGQT93	78000	Sarangani
20794	PRO-LPT-89061	5CD93660SM	78000	Sarangani
22100	PRO-LPT-93503	5CD93660MH	78000	Sarangani
20802	PRO-LPT-93270	5CD935555K	78000	Sarangani
27464	PRO-LPT-126288	6BHQT93	78000	Sarangani
24392	PRO-LPT-93522	5CD934979P	78000	Sarangani
22123	PRO-LPT-89770	5CD93671GG	78000	Sarangani
20811	PRO-LPT-89137	5CD93660R0	78000	Sarangani
22136	PRO-LPT-89438	5CD93661MV	78000	Sarangani
20828	PRO-LPT-93423	5CD93670G1	78000	Sarangani
22082	PRO-LPT-89662	5CD9367183	78000	Sarangani
21252	PRO-LPT-89132	5CD93671KR	78000	Sarangani
21260	PRO-LPT-89107	5CD93660RB	78000	Sarangani
26310	PRO-LPT-126223	F8YWT93	78000	Sarangani
20829	PRO-LPT-93546	5CD9352XJY	78000	Sarangani
22124	PRO-LPT-93425	5CD9352XHX	78000	Sarangani
22132	PRO-LPT-93499	5CD9352XH7	78000	Sarangani
22264	PRO-LPT-89782	5CD93671D4	78000	Sarangani
26204	PRO-LPT-126234	HHQPT93	78000	Sarangani
26198	PRO-LPT-126241	6DZWT93	78000	Sarangani
27476	PRO-LPT-126260	49YWT93	78000	Sarangani
22249	PRO-LPT-89119	5CD93660JR	78000	Sarangani
26281	PRO-LPT-126275	5DRXT93	78000	Sarangani
21255	PRO-LPT-89028	5CD9366ZFL	78000	Sarangani
20819	PRO-LPT-93290	5CD93670B2	78000	Sarangani
27474	PRO-LPT-126282	99RXT93	78000	Sarangani
20826	PRO-LPT-93501	5CD93555HS	78000	Sarangani
21253	PRO-LPT-89035	5CD9352WXK	78000	Sarangani
23439	PRO-LPT-89103	5CD9355572	78000	Sarangani
23442	PRO-LPT-89449	5CD93670Q7	78000	Sarangani
23433	PRO-LPT-89014	5CD9355521	78000	Sarangani
23430	PRO-LPT-89364	5CD9355524	78000	Sarangani
23434	PRO-LPT-91818	5CD93670NX	78000	Sarangani
26591	PRO-LPT-126216	9TKXT93	78000	Sarangani
26593	PRO-LPT-126224	5WKXT93	78000	Sarangani
26275	PRO-LPT-126278	8HKXT93	78000	Sarangani
27477	PRO-LPT-126201	9VKXT93	78000	Sarangani
20817	PRO-LPT-89646	5CD9366ZBQ	78000	Sarangani
27468	PRO-LPT-126269	89HQT93	78000	Sarangani
20834	PRO-LPT-89890	5CD936616Y	78000	Sarangani
23436	PRO-LPT-89059	5CD93660QC	78000	Sarangani
27475	PRO-LPT-126276	2BHQT93	78000	Sarangani
21250	PRO-LPT-89142		78000	Sarangani
27471	PRO-LPT-126280	99HQT93	78000	Sarangani
20323	PRO-LPT-81753	5CD9352XJF	78000	Sarangani
26200	PRO-LPT-126230	440XT93	78000	Sarangani
26202	PRO-LPT-126189	7LKXT93	78000	Sarangani
26277	PRO-LPT-126194	J91XT93	78000	Sarangani
26288	PRO-LPT-126277	89RXT93	78000	Sarangani
26312	PRO-LPT-126262	9CRXT93	78000	Sarangani
26311	PRO-LPT-126257	6JQPT93	78000	Sarangani
26313	PRO-LPT-126266	8TKXT93	78000	Sarangani
26339	PRO-LPT-126273	2DRXT93	78000	Sarangani
26600	PRO-LPT-126228	BHQPT93	78000	Sarangani
20823	PRO-LPT-89025	5CD93660TK	78000	Sarangani
22266	PRO-LPT-89037	5CD935556L	78000	Sarangani
22121	PRO-LPT-89779	5CD936708S	78000	Sarangani
23446	PRO-LPT-89836	5CD936611Y	78000	Sarangani
22093	PRO-LPT-93524	5CD93670F0	78000	Sarangani
20551	PRO-LPT-93868	5CD93670J4	76100	Siquijor
20553	PRO-LPT-93858	5CD936706K	76100	Siquijor
20439	PRO-LPT-91959	5CD93670M8	76100	Siquijor
20436	PRO-LPT-92159	5CD93670VW	76100	Siquijor
20455	PRO-LPT-92532	5CD936703H	76100	Siquijor
20554	PRO-LPT-93859	5CD93671HJ	76100	Siquijor
20556	PRO-LPT-92039	5CD9366ZX3	76100	Siquijor
22443	PRO-LPT-92295	5CD93670MN	76100	Siquijor
20607	PRO-LPT-93226	5CD9367150	76200	Sorsogon
20614	PRO-LPT-93215	5CD93660Q7	76200	Sorsogon
20630	PRO-LPT-93321	5CD93670Z4	76200	Sorsogon
20657	PRO-LPT-92650	5CD9367040	76200	Sorsogon
20660	PRO-LPT-92688	5CD936705L	76200	Sorsogon
20668	PRO-LPT-92671	5CD934978P	76200	Sorsogon
25016	PRO-LPT-94055	5CD9352WY7	76200	Sorsogon
21577	PRO-LPT-93244	5CD936717Z	76200	Sorsogon
21697	PRO-LPT-92630	5CD9355579	76200	Sorsogon
21717	PRO-LPT-92694	5CD9366ZM2	76200	Sorsogon
21722	PRO-LPT-92699	5CD935553B	76200	Sorsogon
21709	PRO-LPT-92600	5CD9352X52	76200	Sorsogon
21714	PRO-LPT-92667	5CD934974K	76200	Sorsogon
21701	PRO-LPT-92698	5CD9352XJ5	76200	Sorsogon
21739	PRO-LPT-92673	5CD935558S	76200	Sorsogon
21727	PRO-LPT-92582	5CD93555J5	76200	Sorsogon
21730	PRO-LPT-92862	5CD93660SH	76200	Sorsogon
21744	PRO-LPT-89312	5CD93660JJ	76200	Sorsogon
20659	PRO-LPT-92638	5CD93671NB	76200	Sorsogon
20159	PRO-LPT-91943	5CD9366ZST	76200	Sorsogon
22966	PRO-LPT-92059	5CD93670ZK	76200	Sorsogon
21723	PRO-LPT-92651	5CD9355535	76200	Sorsogon
21745	PRO-LPT-92583	5CD9352XJH	76200	Sorsogon
21749	PRO-LPT-92632	5CD9352XLW	76200	Sorsogon
20608	PRO-LPT-93211	5CD93670D1	76200	Sorsogon
20584	PRO-LPT-93192	5CD9366ZDK	76200	Sorsogon
21596	PRO-LPT-93214	5CD93660Z7	76200	Sorsogon
22165	PRO-LPT-93196	5CD93661JL	76200	Sorsogon
22156	PRO-LPT-93228	5CD9366ZHS	76200	Sorsogon
21570	PRO-LPT-93931	5CD9366ZY5	76200	Sorsogon
20593	PRO-LPT-93241	5CD936713L	76200	Sorsogon
21601	PRO-LPT-93285	5CD93555DF	76200	Sorsogon
21589	PRO-LPT-93928	5CD93555CG	76200	Sorsogon
22166	PRO-LPT-93284	5CD9366ZC9	76200	Sorsogon
21584	PRO-LPT-93962	5CD935559P	76200	Sorsogon
22273	PRO-LPT-93193	5CD93660VQ	76200	Sorsogon
21585	PRO-LPT-93283	5CD936709Y	76200	Sorsogon
21597	PRO-LPT-93940	5CD93660HV	76200	Sorsogon
20606	PRO-LPT-93304	5CD93660N6	76200	Sorsogon
20586	PRO-LPT-93934	5CD93555CP	76200	Sorsogon
22167	PRO-LPT-93992	5CD9352X4T	76200	Sorsogon
20628	PRO-LPT-93292	5CD93670XN	76200	Sorsogon
20599	PRO-LPT-93234	5CD9366ZT8	76200	Sorsogon
21581	PRO-LPT-93235	5CD93670WL	76200	Sorsogon
20636	PRO-LPT-93291	5CD93670R1	76200	Sorsogon
21586	PRO-LPT-93242	5CD936713N	76200	Sorsogon
20669	PRO-LPT-92635	5CD934977S	76200	Sorsogon
21748	PRO-LPT-92601	5CD9352XFC	76200	Sorsogon
23004	PRO-LPT-93230	5CD93670X1	76200	Sorsogon
20665	PRO-LPT-92718	5CD93670F7	76200	Sorsogon
20581	PRO-LPT-93256	5CD9366ZFT	76200	Sorsogon
20595	PRO-LPT-94026	5CD9352X3R	76200	Sorsogon
20675	PRO-LPT-92618	5CD936712R	76200	Sorsogon
20663	PRO-LPT-92700	5CD93670CR	76200	Sorsogon
21590	PRO-LPT-93220	5CD93555GT	76200	Sorsogon
20674	PRO-LPT-92665	5CD9366ZKB	76200	Sorsogon
20671	PRO-LPT-92706	5CD9352WXY	76200	Sorsogon
21595	PRO-LPT-93206	5CD93555BY	76200	Sorsogon
20590	PRO-LPT-93213	5CD9367128	76200	Sorsogon
20605	PRO-LPT-93936	5CD93660Z0	76200	Sorsogon
21603	PRO-LPT-93996	5CD9352XC1	76200	Sorsogon
24911	PRO-LPT-92801	5CD9352XGK	83120	South Cotabato
22109	PRO-LPT-93520	5CD934977J	76300	South Cotabato
22091	PRO-LPT-93182	5CD93555JZ	76300	South Cotabato
22101	PRO-LPT-93208	5CD9367153	76300	South Cotabato
22072	PRO-LPT-89595	5CD93671Q4	76300	South Cotabato
24758	PRO-LPT-89728	5CD936707F	76300	South Cotabato
24239	PRO-LPT-89274	5CD93660YM	76300	South Cotabato
24149	PRO-LPT-93514	5CD936705X	76300	South Cotabato
24759	PRO-LPT-93418	5CD935553J	83120	South Cotabato
22133	PRO-LPT-93552	5CD93670GB	76300	South Cotabato
24393	PRO-LPT-93564	5CD93555BS	83120	South Cotabato
22065	PRO-LPT-89050	5CD9352X16	83120	South Cotabato
24453	PRO-LPT-93448	5CD935558W	76300	South Cotabato
22087	PRO-LPT-93261	5CD93670Z1	76300	South Cotabato
24417	PRO-LPT-93839	5CD9366ZBW	76300	South Cotabato
22212	PRO-LPT-93847	5CD9366ZN0	76300	South Cotabato
22190	PRO-LPT-92030	5CD93660JL	76300	South Cotabato
23058	PRO-LPT-93308	5CD9366ZCN	83120	South Cotabato
22172	PRO-LPT-92122	5CD9367101	76300	South Cotabato
22173	PRO-LPT-93779	5CD9366ZZ9	76300	South Cotabato
22198	PRO-LPT-93845	5CD936612L	76300	South Cotabato
24760	PRO-LPT-89348	5CD935557X	83120	South Cotabato
23046	PRO-LPT-89085	5CD93660YY	83120	South Cotabato
23043	PRO-LPT-93286	5CD936700S	76300	South Cotabato
23057	PRO-LPT-93510	5CD936704S	76300	South Cotabato
23053	PRO-LPT-93504	5CD934975Y	76300	South Cotabato
23064	PRO-LPT-93276	5CD936710H	76300	South Cotabato
22103	PRO-LPT-90356	5CD9355556	76300	South Cotabato
23301	PRO-LPT-93879	5CD93670F5	76300	South Cotabato
24232	PRO-LPT-93200	5CD9367114	76300	South Cotabato
24242	PRO-LPT-89154	5CD93661DT	76300	South Cotabato
24234	PRO-LPT-89643	5CD9366Z8D	83120	South Cotabato
24238	PRO-LPT-89620	5CD9366ZZF	76300	South Cotabato
24241	PRO-LPT-90463	5CD93661RJ	76300	South Cotabato
22182	PRO-LPT-81719	5CD9341N60	76300	South Cotabato
22170	PRO-LPT-81786	5CD934976S	76300	South Cotabato
26328	PRO-LPT-126538	F8RXT93	76300	South Cotabato
26329	PRO-LPT-126533	GV1XT93	76300	South Cotabato
26330	PRO-LPT-126537	92YWT93	76300	South Cotabato
26331	PRO-LPT-126476	8CLQT93	76300	South Cotabato
26332	PRO-LPT-126536	2BRXT93	76300	South Cotabato
26333	PRO-LPT-126535	7V1XT93	76300	South Cotabato
26334	PRO-LPT-126478	C8YWT93	76300	South Cotabato
26335	PRO-LPT-126477	9BLQT93	76300	South Cotabato
26336	PRO-LPT-126534	3VRPT93	76300	South Cotabato
26337	PRO-LPT-126532	7KLPT93	76300	South Cotabato
26513	PRO-LPT-126484	75JPT93	76300	South Cotabato
26514	PRO-LPT-126483	J9YWT93	76300	South Cotabato
26515	PRO-LPT-126488	8RNPT93	76300	South Cotabato
26516	PRO-LPT-126470	1CRXT93	76300	South Cotabato
26517	PRO-LPT-126487	F1HPT93	76300	South Cotabato
26518	PRO-LPT-126469	89YWT93	76300	South Cotabato
26519	PRO-LPT-126473	7CYWT93	76300	South Cotabato
26520	PRO-LPT-126471	8CYWT93	76300	South Cotabato
26521	PRO-LPT-126475	H8YWT93	76300	South Cotabato
26522	PRO-LPT-126474	9BYWT93	76300	South Cotabato
26523	PRO-LPT-126485	2KMXT93	76300	South Cotabato
26526	PRO-LPT-126482	HCLQT93	76300	South Cotabato
26527	PRO-LPT-126460	70HPT93	76300	South Cotabato
26528	PRO-LPT-126490	29YWT93	76300	South Cotabato
26530	PRO-LPT-126452	8TRPT93	76300	South Cotabato
26533	PRO-LPT-126480	FW1XT93	76300	South Cotabato
26524	PRO-LPT-126481	3CYWT93	76300	South Cotabato
26525	PRO-LPT-126468	GBYWT93	76300	South Cotabato
26532	PRO-LPT-126486	71HPT93	76300	South Cotabato
26535	PRO-LPT-126479	84YWT93	76300	South Cotabato
26529	PRO-LPT-126491	9TRPT93	76300	South Cotabato
26531	PRO-LPT-126453	7XXWT93	76300	South Cotabato
26534	PRO-LPT-126472	49HQT93	76300	South Cotabato
26536	PRO-LPT-126489	B8YWT93	76300	South Cotabato
26607	PRO-LPT-126506	JKKXT93	76300	South Cotabato
26608	PRO-LPT-126529	2KKXT93	76300	South Cotabato
26609	PRO-LPT-126465	J2GPT93	76300	South Cotabato
26610	PRO-LPT-126507	8KKXT93	76300	South Cotabato
26611	PRO-LPT-126462	HQPPT93	76300	South Cotabato
26612	PRO-LPT-126498	43GPT93	76300	South Cotabato
26613	PRO-LPT-126504	DKKXT93	76300	South Cotabato
26614	PRO-LPT-126515	44JPT93	76300	South Cotabato
26616	PRO-LPT-126510	4KGPT93	76300	South Cotabato
26619	PRO-LPT-126513	2WMPT93	76300	South Cotabato
26621	PRO-LPT-126447	H3GPT93	76300	South Cotabato
26615	PRO-LPT-126508	6RPPT93	76300	South Cotabato
26617	PRO-LPT-126523	8MGPT93	76300	South Cotabato
26620	PRO-LPT-126530	8WKXT93	76300	South Cotabato
26622	PRO-LPT-126455	1WXWT93	76300	South Cotabato
26623	PRO-LPT-126501	5CYWT93	76300	South Cotabato
26635	PRO-LPT-126526	JPJPT93	76300	South Cotabato
26647	PRO-LPT-126496	B3MPT93	76300	South Cotabato
26618	PRO-LPT-126445	8DHPT93	76300	South Cotabato
26627	PRO-LPT-126512	25JPT93	76300	South Cotabato
26629	PRO-LPT-126528	HDHPT93	76300	South Cotabato
26636	PRO-LPT-126454	5WXWT93	76300	South Cotabato
26646	PRO-LPT-126505	69PPT93	76300	South Cotabato
26650	PRO-LPT-126525	28KPT93	76300	South Cotabato
26653	PRO-LPT-126493	54GPT93	76300	South Cotabato
26624	PRO-LPT-126456	FLLPT93	76300	South Cotabato
26625	PRO-LPT-126531	8LKXT93	76300	South Cotabato
26626	PRO-LPT-126466	2KGPT93	76300	South Cotabato
26628	PRO-LPT-126458	82GPT93	76300	South Cotabato
26632	PRO-LPT-126467	G1GPT93	76300	South Cotabato
26633	PRO-LPT-126448	JJGPT93	76300	South Cotabato
26637	PRO-LPT-126463	H3JPT93	76300	South Cotabato
26630	PRO-LPT-126521	H8KPT93	76300	South Cotabato
26641	PRO-LPT-126464	F2GPT93	76300	South Cotabato
26643	PRO-LPT-126520	7MGPT93	76300	South Cotabato
26652	PRO-LPT-126492	C1GPT93	76300	South Cotabato
26654	PRO-LPT-126459	9DRXT93	76300	South Cotabato
26656	PRO-LPT-126527	1TPPT93	76300	South Cotabato
26661	PRO-LPT-126502	6QJPT93	76300	South Cotabato
26631	PRO-LPT-126494	FDHPT93	76300	South Cotabato
26634	PRO-LPT-126450	72GPT93	76300	South Cotabato
26638	PRO-LPT-126509	J7KPT93	76300	South Cotabato
26640	PRO-LPT-126446	D1GPT93	76300	South Cotabato
26642	PRO-LPT-126524	7KGPT93	76300	South Cotabato
26649	PRO-LPT-126461	14YWT93	76300	South Cotabato
26639	PRO-LPT-126495	42GPT93	76300	South Cotabato
26648	PRO-LPT-126500	16JPT93	76300	South Cotabato
26660	PRO-LPT-126517	3LGPT93	76300	South Cotabato
26665	PRO-LPT-126499	7SPPT93	76300	South Cotabato
26644	PRO-LPT-126522	BLGPT93	76300	South Cotabato
26645	PRO-LPT-126516	JSPPT93	76300	South Cotabato
26651	PRO-LPT-126503	5LKXT93	76300	South Cotabato
26655	PRO-LPT-126497	85JPT93	76300	South Cotabato
26657	PRO-LPT-126519	JWMPT93	76300	South Cotabato
26666	PRO-LPT-126449	24YWT93	76300	South Cotabato
26658	PRO-LPT-126457	G3GPT93	76300	South Cotabato
26662	PRO-LPT-126511	1DHPT93	76300	South Cotabato
26664	PRO-LPT-126518	58RXT93	76300	South Cotabato
26659	PRO-LPT-126514	F0HPT93	76300	South Cotabato
26663	PRO-LPT-126451	GJGPT93	76300	South Cotabato
20565	PRO-LPT-89013	5CD9355563	76300	South Cotabato
24240	PRO-LPT-89049	5CD9355568	76300	South Cotabato
20564	PRO-LPT-89066	5CD9366112	76300	South Cotabato
23051	PRO-LPT-89106	5CD93661FD	83120	South Cotabato
20379	PRO-LPT-89141	5CD9366ZS7	76300	South Cotabato
24761	PRO-LPT-89434	5CD93660R3	83120	South Cotabato
20381	PRO-LPT-89984	5CD9366ZKF	76300	South Cotabato
21200	PRO-LPT-92124	5CD936714L	76300	South Cotabato
22210	PRO-LPT-92040	5CD93671L6	76300	South Cotabato
23044	PRO-LPT-93305	5CD9367109	76300	South Cotabato
22174	PRO-LPT-93823	5CD93670MQ	76300	South Cotabato
23059	PRO-LPT-93310	5CD93671P1	83120	South Cotabato
22111	PRO-LPT-93548	5CD9352XFB	76300	South Cotabato
24141	PRO-LPT-93530	5CD9349786	76300	South Cotabato
22213	PRO-LPT-93846	5CD93670C1	76300	South Cotabato
23335	PRO-LPT-91822	5CD9366ZH6	76400	Southern Leyte
23313	PRO-LPT-91652	5CD9366ZC3	76400	Southern Leyte
23309	PRO-LPT-90333	5CD93661C6	76400	Southern Leyte
23310	PRO-LPT-93917	5CD934976N	76400	Southern Leyte
23308	PRO-LPT-91583	5CD9366Z7G	76400	Southern Leyte
23315	PRO-LPT-93922	5CD936700F	76400	Southern Leyte
23318	PRO-LPT-93901	5CD9366ZLQ	76400	Southern Leyte
23331	PRO-LPT-91629	5CD9366ZVN	76400	Southern Leyte
23305	PRO-LPT-92954	5CD93660H4	76400	Southern Leyte
23334	PRO-LPT-92229	5CD935556R	76400	Southern Leyte
23352	PRO-LPT-82186	5CD93661M5	76400	Southern Leyte
24213	PRO-LPT-91982	5CD9366ZMK	76400	Southern Leyte
25477	PRO-LPT-125800	15YWT93	76400	Southern Leyte
25478	PRO-LPT-125814	7W1XT93	76400	Southern Leyte
25479	PRO-LPT-125807	8BRXT93	76400	Southern Leyte
25480	PRO-LPT-125816	48RXT93	76400	Southern Leyte
25481	PRO-LPT-125801	8W1XT93	76400	Southern Leyte
25482	PRO-LPT-125804	63YWT93	76400	Southern Leyte
25483	PRO-LPT-125819	8MLPT93	76400	Southern Leyte
25488	PRO-LPT-125808	73YWT93	76400	Southern Leyte
25484	PRO-LPT-125802	G4YWT93	76400	Southern Leyte
25485	PRO-LPT-125809	BW51V93	76400	Southern Leyte
25486	PRO-LPT-125815	D4YWT93	76400	Southern Leyte
25487	PRO-LPT-125812	J7RXT93	76400	Southern Leyte
25489	PRO-LPT-125810	BCRXT93	76400	Southern Leyte
25490	PRO-LPT-125803	6KMXT93	76400	Southern Leyte
25491	PRO-LPT-125818	3QLQT93	76400	Southern Leyte
25492	PRO-LPT-125811	5X1XT93	76400	Southern Leyte
25494	PRO-LPT-125813	B8RXT93	76400	Southern Leyte
25493	PRO-LPT-125817	9LLPT93	76400	Southern Leyte
25495	PRO-LPT-125805	JBRXT93	76400	Southern Leyte
25496	PRO-LPT-125806	8X1XT93	76400	Southern Leyte
23346	PRO-LPT-09102	5CD9366ZDR	76400	Southern Leyte
25497	PRO-LPT-125799	F4YWT93	76400	Southern Leyte
23306	PRO-LPT-82228	5CD9352WY4	76400	Southern Leyte
23349	PRO-LPT-82187	5CD936616K	76400	Southern Leyte
23348	PRO-LPT-82199	5CD93661MB	76400	Southern Leyte
23311	PRO-LPT-89860	5CD936718M	76400	Southern Leyte
23320	PRO-LPT-91825	5CD9366ZWQ	76400	Southern Leyte
27403	PRO-LPT-126609	G9YWT93	76500	Sultan Kudarat
27404	PRO-LPT-126561	4DRXT93	76500	Sultan Kudarat
27405	PRO-LPT-126606	79YWT93	76500	Sultan Kudarat
27406	PRO-LPT-126589	8BHQT93	76500	Sultan Kudarat
27407	PRO-LPT-126585	B9HQT93	76500	Sultan Kudarat
27408	PRO-LPT-126587	DCHQT93	76500	Sultan Kudarat
27409	PRO-LPT-126594	62YWT93	76500	Sultan Kudarat
23168	PRO-LPT-93336	5CD9367070	76500	Sultan Kudarat
27410	PRO-LPT-126584	79HQT93	76500	Sultan Kudarat
27411	PRO-LPT-126595	7WMPT93	76500	Sultan Kudarat
27412	PRO-LPT-126597	C2HPT93	76500	Sultan Kudarat
23169	PRO-LPT-93362	5CD9367159	76500	Sultan Kudarat
20810	PRO-LPT-93562	5CD9352XHK	76500	Sultan Kudarat
27413	PRO-LPT-126599	21HPT93	76500	Sultan Kudarat
27414	PRO-LPT-126566	9YPPT93	76500	Sultan Kudarat
27415	PRO-LPT-126579	JXMPT93	76500	Sultan Kudarat
20949	PRO-LPT-93337	5CD935552S	76500	Sultan Kudarat
20957	PRO-LPT-93399	5CD93670BS	76500	Sultan Kudarat
20964	PRO-LPT-82107	5CD9352X19	76500	Sultan Kudarat
24143	PRO-LPT-93519	5CD9349789	76500	Sultan Kudarat
27416	PRO-LPT-126588	8CHQT93	76500	Sultan Kudarat
24457	PRO-LPT-93545	5CD9352XLJ	76500	Sultan Kudarat
27417	PRO-LPT-126608	FSNPT93	76500	Sultan Kudarat
27418	PRO-LPT-126572	JQPPT93	76500	Sultan Kudarat
27419	PRO-LPT-126598	33HPT93	76500	Sultan Kudarat
27420	PRO-LPT-126565	73RXTS3	76500	Sultan Kudarat
21536	PRO-LPT-93398	5CD93670H8	76500	Sultan Kudarat
21535	PRO-LPT-82048	5CD9352X8D	76500	Sultan Kudarat
21549	PRO-LPT-82105	5CD9352XH1	76500	Sultan Kudarat
21534	PRO-LPT-93396	5CD936717F	76500	Sultan Kudarat
21547	PRO-LPT-82174	5CD936616D	76500	Sultan Kudarat
27421	PRO-LPT-126591	C9YWT93	76500	Sultan Kudarat
27422	PRO-LPT-126582	69HQT93	76500	Sultan Kudarat
27423	PRO-LPT-126612	C9KPT93	76500	Sultan Kudarat
27424	PRO-LPT-126575	50HPT93	76500	Sultan Kudarat
22069	PRO-LPT-93526	5CD934973N	76500	Sultan Kudarat
27425	PRO-LPT-126573	6LMXT93	76500	Sultan Kudarat
22112	PRO-LPT-93413	5CD9367018	76500	Sultan Kudarat
27426	PRO-LPT-126605	C4YWT93	76500	Sultan Kudarat
27427	PRO-LPT-126593	D5LPT93	76500	Sultan Kudarat
27428	PRO-LPT-126567	D8YWT93	76500	Sultan Kudarat
27429	PRO-LPT-126611	84JPT93	76500	Sultan Kudarat
27430	PRO-LPT-126562	BYMPT93	76500	Sultan Kudarat
27431	PRO-LPT-126600	39MPT93	76500	Sultan Kudarat
27432	PRO-LPT-126613	4TPPT93	76500	Sultan Kudarat
27433	PRO-LPT-126604	6YMPT93	76500	Sultan Kudarat
27434	PRO-LPT-126603	H3YWT93	76500	Sultan Kudarat
27435	PRO-LPT-126564	GCRXT93	76500	Sultan Kudarat
27436	PRO-LPT-126601	DVMPT93	76500	Sultan Kudarat
27437	PRO-LPT-126583	GCHQT93	76500	Sultan Kudarat
27438	PRO-LPT-126602	BXXWT93	76500	Sultan Kudarat
27439	PRO-LPT-126581	63HQT93	76500	Sultan Kudarat
27440	PRO-LPT-126607	FLGPT93	76500	Sultan Kudarat
27441	PRO-LPT-126578	3BHQT93	76500	Sultan Kudarat
27442	PRO-LPT-126569	BCYWT93	76500	Sultan Kudarat
23067	PRO-LPT-93531	5CD935556H	76500	Sultan Kudarat
23174	PRO-LPT-93439	5CD935551S	76500	Sultan Kudarat
23165	PRO-LPT-93367	5CD935552N	76500	Sultan Kudarat
27443	PRO-LPT-126596	CXMPT93	76500	Sultan Kudarat
27444	PRO-LPT-126586	4BHQT93	76500	Sultan Kudarat
27445	PRO-LPT-126574	B4JPT93	76500	Sultan Kudarat
27446	PRO-LPT-126568	63HPT93	76500	Sultan Kudarat
27447	PRO-LPT-126610	3XMPT93	76500	Sultan Kudarat
27448	PRO-LPT-126560	H2YWT93	76500	Sultan Kudarat
27449	PRO-LPT-126576	3LMXT93	76500	Sultan Kudarat
27450	PRO-LPT-126580	J8HQT93	76500	Sultan Kudarat
23925	PRO-LPT-90298	5CD93661H5	76500	Sultan Kudarat
27451	PRO-LPT-126577	7BHQT93	76500	Sultan Kudarat
27452	PRO-LPT-126563	GW1XT93	76500	Sultan Kudarat
27453	PRO-LPT-126592	6BYWT93	76500	Sultan Kudarat
27454	PRO-LPT-126571	99YWT93	76500	Sultan Kudarat
27455	PRO-LPT-126590	GHKXT93	76500	Sultan Kudarat
27456	PRO-LPT-126570	HSPPT93	76500	Sultan Kudarat
24151	PRO-LPT-93613	5CD936713K	76500	Sultan Kudarat
24153	PRO-LPT-93558	5CD9349730	76500	Sultan Kudarat
24152	PRO-LPT-93607	5CD93661T4	76500	Sultan Kudarat
20966	PRO-LPT-93375	5CD936711Z	76500	Sultan Kudarat
23163	PRO-LPT-93437	5CD93670TF	76500	Sultan Kudarat
27840	PRO-LPT-94097	5CD93670V4	76500	Sultan Kudarat
23175	PRO-LPT-93365	5CD93670V4	76500	Sultan Kudarat
21540	PRO-LPT-81849	5CD9349719	76500	Sultan Kudarat
23178	PRO-LPT-81859	5CD9349779	76500	Sultan Kudarat
21538	PRO-LPT-81834	5CD934971C	76500	Sultan Kudarat
20953	PRO-LPT-81857	5CD9349748	76500	Sultan Kudarat
20956	PRO-LPT-82084	5CD9352WZC	76500	Sultan Kudarat
23194	PRO-LPT-82169	5CD936614K	76500	Sultan Kudarat
21531	PRO-LPT-82225	5CD93661R5	76500	Sultan Kudarat
23139	PRO-LPT-82248	5CD936617J	76500	Sultan Kudarat
20816	PRO-LPT-89148	5CD9366ZCS	76500	Sultan Kudarat
23182	PRO-LPT-93473	5CD936708V	76500	Sultan Kudarat
24140	PRO-LPT-93538	5CD9352XH9	76500	Sultan Kudarat
23152	PRO-LPT-93475	5CD936612J	76500	Sultan Kudarat
24139	PRO-LPT-93550	5CD9352XJ8	76500	Sultan Kudarat
22067	PRO-LPT-93543	5CD9352XJC	76500	Sultan Kudarat
23494	PRO-LPT-93717	5CD936619N	76600	Sulu
21158	PRO-LPT-93723	5CD93660T0	76600	Sulu
23488	PRO-LPT-90373	5CD9352X2N	76600	Sulu
21159	PRO-LPT-93688	5CD93555G7	76600	Sulu
23518	PRO-LPT-93710	5CD9366ZQF	76600	Sulu
23476	PRO-LPT-93712	5CD9352XL7	76600	Sulu
27646	PRO-LPT-94077	5CD936617Y	76600	Sulu
20486	PRO-LPT-92286	5CD9366ZPJ	76600	Sulu
20480	PRO-LPT-91568	5CD93671GD	76600	Sulu
20185	PRO-LPT-91980	5CD9366ZM8	76600	Sulu
20431	PRO-LPT-93682	5CD9366137	76600	Sulu
21838	PRO-LPT-93765	5CD9352X6R	76600	Sulu
21844	PRO-LPT-93863	5CD934973Z	76600	Sulu
24229	PRO-LPT-92182	5CD9355587	76600	Sulu
20471	PRO-LPT-91786	5CD93670PQ	76600	Sulu
22510	PRO-LPT-92322	5CD93670Y4	76600	Sulu
23775	PRO-LPT-92309	5CD936701B	76600	Sulu
23696	PRO-LPT-92346	5CD936708P	76600	Sulu
20178	PRO-LPT-92342	5CD93670VJ	76600	Sulu
22415	PRO-LPT-91988	5CD93670Q3	76600	Sulu
22711	PRO-LPT-92308	5CD9366ZR9	76600	Sulu
24379	PRO-LPT-91957	5CD93670B9	76600	Sulu
22673	PRO-LPT-92166	5CD9366ZQC	76600	Sulu
22434	PRO-LPT-92285	5CD93670Y3	76600	Sulu
20435	PRO-LPT-91778	5CD9366ZL4	76600	Sulu
22723	PRO-LPT-92194	5CD935558H	76600	Sulu
20473	PRO-LPT-92372	5CD93670J5	76600	Sulu
20466	PRO-LPT-92213	5CD935559T	76600	Sulu
22506	PRO-LPT-99797	5CD93671QJ	76600	Sulu
22405	PRO-LPT-93591	5CD93555FW	76600	Sulu
22524	PRO-LPT-92193	5CD93555GK	76600	Sulu
22522	PRO-LPT-93619	5CD93670GM	76600	Sulu
21843	PRO-LPT-93724	5CD93670H5	76600	Sulu
22675	PRO-LPT-92236	5CD93670JF	76600	Sulu
21882	PRO-LPT-93647	5CD93660JZ	76600	Sulu
21881	PRO-LPT-93637	5CD93670LW	76600	Sulu
26822	PRO-LPT-126614	DKQPT93	76600	Sulu
26823	PRO-LPT-126654	95LPT93	76600	Sulu
26824	PRO-LPT-126664	25KQT93	76600	Sulu
26825	PRO-LPT-126629	DYGQT93	76600	Sulu
20454	PRO-LPT-91890	5CD9366ZNV	76600	Sulu
26826	PRO-LPT-126658	BCHQT93	76600	Sulu
26827	PRO-LPT-126648	8ZGQT93	76600	Sulu
26828	PRO-LPT-126621	9DHPT93	76600	Sulu
26829	PRO-LPT-126644	2CYWT93	76600	Sulu
26830	PRO-LPT-126633	D0QPT93	76600	Sulu
26831	PRO-LPT-126627	B3GPT93	76600	Sulu
26832	B3YWT93	PRO-LTP-126655	76600	Sulu
24279	PRO-LPT-93763	5CD93661JF	76600	Sulu
24281	PRO-LPT-93770	5CD934979Y	76600	Sulu
21880	PRO-LPT-93832	5CD9352X3L	76600	Sulu
22429	PRO-LPT-92101	5CD9366ZQ2	76600	Sulu
26931	PRO-LPT-126660	BB1XT93	76600	Sulu
26932	PRO-LPT-126619	C9HQT93	76600	Sulu
26933	PRO-LPT-126638	D4KQT93	76600	Sulu
26934	PRO-LPT-126637	8VLPT93	76600	Sulu
26940	PRO-LPT-126668	D3KQT93	76600	Sulu
26935	PRO-LPT-126647	5SLQT93	76600	Sulu
26936	PRO-LPT-126659	CB1XT93	76600	Sulu
26937	PRO-LPT-126653	9VGQT93	76600	Sulu
26938	PRO-LPT-126652	5BYWT93	76600	Sulu
26939	PRO-LPT-126620	GTLQT93	76600	Sulu
26941	PRO-LPT-126639	81HQT93	76600	Sulu
26942	PRO-LPT-126670	6VLPT93	76600	Sulu
26943	PRO-LPT-126623	BVLQT93	76600	Sulu
26944	PRO-LPT-126631	9LGPT93	76600	Sulu
26945	PRO-LPT-126661	21HQT93	76600	Sulu
22298	PRO-LPT-92100	5CD9355558	76600	Sulu
23477	PRO-LPT-93704	5CD9367086	76600	Sulu
23481	PRO-LPT-93726	5CD9367081	76600	Sulu
23502	PRO-LPT-91964	5CD9366139	76600	Sulu
23512	PRO-LPT-93716	5CD93661J2	76600	Sulu
23538	PRO-LPT-90518	5CD935559G	76600	Sulu
24278	PRO-LPT-93601	5CD935551D	76600	Sulu
24277	PRO-LPT-93865	5CD93555DQ	76600	Sulu
27074	PRO-LPT-126672	JTLPT93	76600	Sulu
27075	PRO-LPT-126640	C7KPT93	76600	Sulu
27076	PRO-LPT-126667	JVLPT93	76600	Sulu
27078	PRO-LPT-126663	D3HQT93	76600	Sulu
27077	PRO-LPT-126635	7BZWT93	76600	Sulu
27079	PRO-LPT-126616	DBZWT93	76600	Sulu
25969	PRO-LPT-94065	5CD9366ZSK	76600	Sulu
27373	PRO-LPT-126666	34KQT93	76600	Sulu
27374	PRO-LPT-126656	30QPT93	76600	Sulu
27380	PRO-LPT-126630	32YWT93	76600	Sulu
27375	PRO-LPT-126624	BBLQT93	76600	Sulu
27388	PRO-LPT-126634	HTLPT93	76600	Sulu
27376	PRO-LPT-126632	BCLQT93	76600	Sulu
27382	PRO-LPT-126645	1VLQT93	76600	Sulu
27377	PRO-LPT-126649	JKQPT93	76600	Sulu
27378	PRO-LPT-126641	6QLQT93	76600	Sulu
21853	PRO-LPT-81892	5CD9352WYK	76600	Sulu
27379	PRO-LPT-126671	CLMXT93	76600	Sulu
27381	PRO-LPT-126626	63GPT93	76600	Sulu
27383	PRO-LPT-126625	2YQPT93	76600	Sulu
27386	PRO-LPT-126662	H81XT93	76600	Sulu
27384	PRO-LPT-126642	FTLQT93	76600	Sulu
26316	PRO-LPT-126615	CZGQT93	76600	Sulu
26317	PRO-LPT-126622	3KGPT93	76600	Sulu
26318	PRO-LPT-126650	1SLQT93	76600	Sulu
26319	PRO-LPT-126657	93YWT93	76600	Sulu
26320	PRO-LPT-126673	2JMXT93	76600	Sulu
26321	PRO-LPT-126646	11KQT93	76600	Sulu
26326	PRO-LPT-126665	64KQT93	76600	Sulu
27385	PRO-LPT-126628	FVMPT93	76600	Sulu
26322	PRO-LPT-126669	DVLPT93	76600	Sulu
27387	PRO-LPT-126651	3BZWT93	76600	Sulu
26323	PRO-LPT-126617	F10XT93	76600	Sulu
26324	PRO-LPT-126636	C3YWT93	76600	Sulu
26325	PRO-LPT-126643	2VLQT93	76600	Sulu
26327	PRO-LPT-126618	D10XT93	76600	Sulu
25476	PRO-LPT-94064	5CD93670G7	76600	Sulu
20108	PRO-LPT-91787	5CD936703T	76600	Sulu
22454	PRO-LPT-92187	5CD935556D	76600	Sulu
20442	PRO-LPT-92233	5CD9355536	76600	Sulu
21154	PRO-LPT-93659	5CD9352XGB	76600	Sulu
21155	PRO-LPT-93635	5CD934979W	76600	Sulu
20529	PRO-LPT-91578	5CD93671NQ	76700	Surigao Del Norte
23597	PRO-LPT-91667	5CD9366ZXC	76700	Surigao Del Norte
20535	PRO-LPT-91627	5CD93670SF	76700	Surigao Del Norte
24004	PRO-LPT-93490	5CD93670KK	76700	Surigao Del Norte
20528	PRO-LPT-91810	5CD9366ZM6	76700	Surigao Del Norte
21193	PRO-LPT-92066	5CD93671GW	76700	Surigao Del Norte
21191	PRO-LPT-93857	5CD9352XHC	76700	Surigao Del Norte
21184	PRO-LPT-93829	5CD9366ZX9	76700	Surigao Del Norte
21182	PRO-LPT-92106	5CD93671GM	76700	Surigao Del Norte
21180	PRO-LPT-93882	5CD948820N	76700	Surigao Del Norte
21174	PRO-LPT-93838	5CD93661H2	76700	Surigao Del Norte
21172	PRO-LPT-93893	5CD93660JW	76700	Surigao Del Norte
21189	PRO-LPT-93828	5CD936619V	76700	Surigao Del Norte
23637	PRO-LPT-93900	5CD93661FJ	76700	Surigao Del Norte
23649	PRO-LPT-93885	5CD93660JK	76700	Surigao Del Norte
26491	PRO-LPT-126675	JDRXT93	76700	Surigao Del Norte
26492	PRO-LPT-126683	39HQT93	76700	Surigao Del Norte
26493	PRO-LPT-126681	6KKXT93	76700	Surigao Del Norte
26494	PRO-LPT-126689	3WXWT93	76700	Surigao Del Norte
26495	PRO-LPT-126682	2BYWT93	76700	Surigao Del Norte
26496	PRO-LPT-126676	JX51V93	76700	Surigao Del Norte
26497	PRO-LPT-126674	72YWT93	76700	Surigao Del Norte
26506	PRO-LPT-126688	6WXWT93	76700	Surigao Del Norte
26509	PRO-LPT-126690	H8HQT93	76700	Surigao Del Norte
26510	PRO-LPT-126685	7CHQT93	76700	Surigao Del Norte
26512	PRO-LPT-126686	1BHQT93	76700	Surigao Del Norte
26498	PRO-LPT-126679	6CYWT93	76700	Surigao Del Norte
26499	PRO-LPT-126678	43YWT93	76700	Surigao Del Norte
26503	PRO-LPT-126695	HZPPT93	76700	Surigao Del Norte
26505	PRO-LPT-126684	FBYWT93	76700	Surigao Del Norte
26508	PRO-LPT-126677	3LKXT93	76700	Surigao Del Norte
26500	PRO-LPT-126692	5YMPT93	76700	Surigao Del Norte
26504	PRO-LPT-126691	GWKXT93	76700	Surigao Del Norte
26511	PRO-LPT-126687	HBHQT93	76700	Surigao Del Norte
26501	PRO-LPT-126694	70QPT93	76700	Surigao Del Norte
26502	PRO-LPT-126680	JVMPT93	76700	Surigao Del Norte
26507	PRO-LPT-126693	4WMPT93	76700	Surigao Del Norte
20527	PRO-LPT-82304	5CD93660Y4	76700	Surigao Del Norte
20915	PRO-LPT-82194	5CD9352WXG	76700	Surigao Del Norte
20913	PRO-LPT-82180	5CD936617B	76700	Surigao Del Norte
21205	PRO-LPT-93836	5CD9366ZSV	76700	Surigao Del Norte
21197	PRO-LPT-93837	5CD9366192	76700	Surigao Del Norte
21238	PRO-LPT-89746	5CD93671K5	76800	Surigao Del Sur
27330	PRO-LPT-126716	791XT93	76800	Surigao Del Sur
22139	PRO-LPT-92318	5CD9366ZQP	76800	Surigao Del Sur
23261	PRO-LPT-91543	5CD9366ZW7	76800	Surigao Del Sur
23266	PRO-LPT-93834	5CD936619M	76800	Surigao Del Sur
24413	PRO-LPT-92036	5CD93670MK	76800	Surigao Del Sur
23276	PRO-LPT-89579	5CD9352X5C	76800	Surigao Del Sur
23290	PRO-LPT-92045	5CD93670D6	76800	Surigao Del Sur
23296	PRO-LPT-92027	5CD93670J3	76800	Surigao Del Sur
23636	PRO-LPT-93903	5CD93670DB	76800	Surigao Del Sur
23650	PRO-LPT-93046	5CD93661DM	76800	Surigao Del Sur
22141	PRO-LPT-92739	5CD936705Q	76800	Surigao Del Sur
20104	PRO-LPT-91593	5CD9366ZPT	76800	Surigao Del Sur
23988	PRO-LPT-91744	5CD93671F9	76800	Surigao Del Sur
22142	PRO-LPT-92629	5CD936700H	76800	Surigao Del Sur
23292	PRO-LPT-81811	5CD9349702	76800	Surigao Del Sur
25753	PRO-LPT-126728	3WHPT93	76800	Surigao Del Sur
25754	PRO-LPT-126697	CZPPT93	76800	Surigao Del Sur
25755	PRO-LPT-126696	JJKXT93	76800	Surigao Del Sur
25756	PRO-LPT-126726	3SNPT93	76800	Surigao Del Sur
25757	PRO-LPT-126708	FVKXT93	76800	Surigao Del Sur
25758	PRO-LPT-126731	HWMPT93	76800	Surigao Del Sur
25759	PRO-LPT-126723	FWKXT93	76800	Surigao Del Sur
25760	PRO-LPT-126713	GXQPT93	76800	Surigao Del Sur
25761	PRO-LPT-126722	2WKXT93	76800	Surigao Del Sur
25762	PRO-LPT-126729	1SPPT93	76800	Surigao Del Sur
23291	PRO-LPT-81769	5CD9352X37	76800	Surigao Del Sur
26248	PRO-LPT-126725	H6RXT93	76800	Surigao Del Sur
26255	PRO-LPT-126712	4YMPT93	76800	Surigao Del Sur
26262	PRO-LPT-126720	CWKXT93	76800	Surigao Del Sur
26253	PRO-LPT-126707	6VKXT93	76800	Surigao Del Sur
26270	PRO-LPT-126721	19YWT93	76800	Surigao Del Sur
26249	PRO-LPT-126724	J0QPT93	76800	Surigao Del Sur
26254	PRO-LPT-126703	CPJPT93	76800	Surigao Del Sur
26258	PRO-LPT-126701	DTKXT93	76800	Surigao Del Sur
26269	PRO-LPT-126732	7FHPT93	76800	Surigao Del Sur
26245	PRO-LPT-126711	2ZPPT93	76800	Surigao Del Sur
26246	PRO-LPT-126709	35JPT93	76800	Surigao Del Sur
26257	PRO-LPT-126704	1KKXT93	76800	Surigao Del Sur
26260	PRO-LPT-126727	D0HPT93	76800	Surigao Del Sur
26261	PRO-LPT-126714	4CYWT93	76800	Surigao Del Sur
26266	PRO-LPT-126700	BTKXT93	76800	Surigao Del Sur
26271	PRO-LPT-126706	2TKXT93	76800	Surigao Del Sur
26247	PRO-LPT-126699	3YMPT93	76800	Surigao Del Sur
26250	PRO-LPT-126702	52HPT93	76800	Surigao Del Sur
26251	PRO-LPT-126734	7RLQT93	76800	Surigao Del Sur
26256	PRO-LPT-126705	2JKXT93	76800	Surigao Del Sur
26259	PRO-LPT-126715	4WKXT93	76800	Surigao Del Sur
26264	PRO-LPT-126717	1BYWT93	76800	Surigao Del Sur
26272	PRO-LPT-126710	HJKXT93	76800	Surigao Del Sur
26252	PRO-LPT-126733	19KPT93	76800	Surigao Del Sur
26268	PRO-LPT-126730	5CRXT93	76800	Surigao Del Sur
26263	PRO-LPT-126718	B9YWT93	76800	Surigao Del Sur
26265	PRO-LPT-126698	5RJPT93	76800	Surigao Del Sur
26267	PRO-LPT-126719	9CYWT93	76800	Surigao Del Sur
23991	PRO-LPT-91642	5CD9367088	76800	Surigao Del Sur
20058	PRO-LPT-90900	5CD9366ZFZ	76800	Surigao Del Sur
23260	PRO-LPT-92052	5CD93670Z7	76800	Surigao Del Sur
21190	PRO-LPT-93866	5CD934975T	76800	Surigao Del Sur
27744	PRO-LPT-94082	5CD93671MV	10010	Tarlac
20268	PRO-LPT-89174	5CD93555DS	10010	Tarlac
20270	PRO-LPT-89818	5CD9366ZFD	10010	Tarlac
20271	PRO-LPT-89822	5CD93671LC	10010	Tarlac
23073	PRO-LPT-89881	5CD9366ZTZ	10214	Tarlac
20921	PRO-LPT-89510	5CD93671C7	10216	Tarlac
20923	PRO-LPT-92390	5CD9355553	10217	Tarlac
20931	PRO-LPT-90156	5CD93661FR	10214	Tarlac
20934	PRO-LPT-93378	5CD936704V	10224	Tarlac
22049	PRO-LPT-92055	5CD9366ZNM	10207	Tarlac
20928	PRO-LPT-89441	5CD9366Z7D	10010	Tarlac
22030	PRO-LPT-89560	5CD936707X	10219	Tarlac
22037	PRO-LPT-90289	5CD93661RT	10220	Tarlac
22041	PRO-LPT-92074	5CD93671F4	10209	Tarlac
22039	PRO-LPT-89964	5CD9366ZZG	10224	Tarlac
22048	PRO-LPT-89271	5CD93660JB	10224	Tarlac
22056	PRO-LPT-89616	5CD9366Z80	10225	Tarlac
22050	PRO-LPT-90034	5CD93660S3	10219	Tarlac
22043	PRO-LPT-90899	5CD9366ZD4	10209	Tarlac
22053	PRO-LPT-92842	5CD9352XFR	10225	Tarlac
24729	PRO-LPT-92306	5CD9367021	10010	Tarlac
24730	PRO-LPT-93160	5CD9367112	10010	Tarlac
24737	PRO-LPT-89465	5CD93671KX	10010	Tarlac
24736	PRO-LPT-90076	5CD93661KV	10010	Tarlac
24731	PRO-LPT-92799	5CD9352XH6	10010	Tarlac
24734	PRO-LPT-90152	5CD936619S	10010	Tarlac
24735	PRO-LPT-89483	5CD93671DF	10010	Tarlac
24739	PRO-LPT-89644	5CD93671P0	10010	Tarlac
23115	PRO-LPT-89273	5CD93660YS	10210	Tarlac
23072	PRO-LPT-89948	5CD9366ZJZ	10210	Tarlac
23069	PRO-LPT-92513	5CD9355552	10208	Tarlac
23076	PRO-LPT-89531	5CD9366ZY9	10208	Tarlac
23097	PRO-LPT-89647	5CD93671PY	10215	Tarlac
23078	PRO-LPT-90300	5CD93661QR	10210	Tarlac
23095	PRO-LPT-93018	5CD93555FB	10009	Tarlac
23084	PRO-LPT-93381	5CD936708C	10215	Tarlac
23086	PRO-LPT-89508	5CD93660TY	10213	Tarlac
23081	PRO-LPT-89752	5CD93555H9	10218	Tarlac
23080	PRO-LPT-89777	5CD9352X4H	10214	Tarlac
23082	PRO-LPT-92389	5CD935555G	10009	Tarlac
23099	PRO-LPT-93379	5CD93660ZR	10213	Tarlac
23117	PRO-LPT-89530	5CD93671HD	10208	Tarlac
23112	PRO-LPT-89823	5CD9366ZYS	10215	Tarlac
23110	PRO-LPT-89422	5CD93671DR	10209	Tarlac
23126	PRO-LPT-91865	5CD93671FZ	10009	Tarlac
23104	PRO-LPT-89278	5CD93670SM	10213	Tarlac
23106	PRO-LPT-89668	5CD93671PK	10210	Tarlac
23108	PRO-LPT-89757	5CD9367168	10214	Tarlac
23113	PRO-LPT-93393	5CD93670G0	10010	Tarlac
20927	PRO-LPT-90320	5CD93555BF	10218	Tarlac
23121	PRO-LPT-93433	5CD935552F	10214	Tarlac
22045	PRO-LPT-93391	5CD9352XHZ	10010	Tarlac
22052	PRO-LPT-93394	5CD9366Z88	10010	Tarlac
22040	PRO-LPT-89824	5CD93661QS	10214	Tarlac
27339	PRO-LPT-125825	CX1XT93	76900	Tarlac
27340	PRO-LPT-125820	26NPT93	76900	Tarlac
27343	PRO-LPT-125826	77RXT93	76900	Tarlac
27344	PRO-LPT-125827	GX1XT93	76900	Tarlac
27402	PRO-LPT-94062	5CD936709K	10213	Tarlac
23118	PRO-LPT-93384	5CD9352WYD	10209	Tarlac
20932	PRO-LPT-89187	5CD93661Q3	10222	Tarlac
22029	PRO-LPT-89155	5CD93661KH	10225	Tarlac
20935	PRO-LPT-89210	5CD9355588	10213	Tarlac
22038	PRO-LPT-89412	5CD93661DQ	10220	Tarlac
22054	PRO-LPT-89167	5CD93555BH	10217	Tarlac
20269	PRO-LPT-89175	5CD9366140	10010	Tarlac
23109	PRO-LPT-89201	5CD936618Y	10211	Tarlac
22046	PRO-LPT-89209	5CD9355577	10217	Tarlac
22035	PRO-LPT-89594	5CD9366ZF4	10213	Tarlac
20922	PRO-LPT-89360	5CD935552L	10218	Tarlac
23074	PRO-LPT-89324	5CD93555B0	10210	Tarlac
22034	PRO-LPT-89329	5CD93555B6	10010	Tarlac
24733	PRO-LPT-89361	5CD936618R	10010	Tarlac
23103	PRO-LPT-89339	5CD936618V	10211	Tarlac
24732	PRO-LPT-89476	5CD9366ZKW	10010	Tarlac
23070	PRO-LPT-89430	5CD93555K0	10211	Tarlac
20925	PRO-LPT-89676	5CD93660RX	10210	Tarlac
22031	PRO-LPT-89583	5CD93555F4	10209	Tarlac
23079	PRO-LPT-89519	5CD93671NN	10213	Tarlac
22047	PRO-LPT-89790	5CD93670DM	10210	Tarlac
23116	PRO-LPT-89919	5CD93670RR	10213	Tarlac
20938	PRO-LPT-89845	5CD936714J	10210	Tarlac
20930	PRO-LPT-90180	5CD93660ZQ	10222	Tarlac
20920	PRO-LPT-93382	5CD93670TH	10213	Tarlac
27341	PRO-LPT-125821	BY51V93	76900	Tarlac
27342	PRO-LPT-125822	3X1XT93	76900	Tarlac
27347	PRO-LPT-125828	CLLPT93	76900	Tarlac
27345	PRO-LPT-125823	BBRXT93	76900	Tarlac
27346	PRO-LPT-125824	C8RXT93	76900	Tarlac
20400	PRO-LPT-89046	5CD93555FR	10713	Tawi-Tawi
20398	PRO-LPT-89140	5CD93671LX	10713	Tawi-Tawi
20397	PRO-LPT-89624	5CD9366106	10713	Tawi-Tawi
24399	PRO-LPT-89030	5CD936714S	10715	Tawi-Tawi
27678	PRO-LPT-126741	3WLPT93	77000	Tawi-Tawi
24974	PRO-LPT-89072	5CD93671PD	77000	Tawi-Tawi
21267	PRO-LPT-89144	5CD9366ZYY	77000	Tawi-Tawi
27684	PRO-LPT-126743	5JMXT93	77000	Tawi-Tawi
24117	PRO-LPT-89017	5CD9352WXH	77000	Tawi-Tawi
21269	PRO-LPT-89091	5CD93660YQ	10716	Tawi-Tawi
27688	PRO-LPT-126746	8WLPT93	77000	Tawi-Tawi
27691	PRO-LPT-126753	7WLPT93	77000	Tawi-Tawi
27692	PRO-LPT-126754	16KQT93	77000	Tawi-Tawi
24115	PRO-LPT-89052	5CD93661MW	10714	Tawi-Tawi
24118	PRO-LPT-89573	5CD936719P	10714	Tawi-Tawi
27674	PRO-LPT-126749	GXGQT93	77000	Tawi-Tawi
27675	PRO-LPT-126745	JWLPT93	77000	Tawi-Tawi
27676	PRO-LPT-126739	FVLPT93	77000	Tawi-Tawi
27677	PRO-LPT-126735	GLMXT93	77000	Tawi-Tawi
27679	PRO-LPT-126748	BXGQT93	77000	Tawi-Tawi
27682	PRO-LPT-126737	6CZWT93	77000	Tawi-Tawi
27680	PRO-LPT-126750	HNHQT93	77000	Tawi-Tawi
27686	PRO-LPT-126744	DTLPT93	77000	Tawi-Tawi
27681	PRO-LPT-126740	5PHQT93	77000	Tawi-Tawi
27683	PRO-LPT-126755	8XGQT93	77000	Tawi-Tawi
27690	PRO-LPT-126747	GZGQT63	77000	Tawi-Tawi
27685	PRO-LPT-126752	2Z51V93	77000	Tawi-Tawi
27687	PRO-LPT-126738	7ZGQT93	77000	Tawi-Tawi
27694	PRO-LPT-126742	J9HQT93	77000	Tawi-Tawi
27689	PRO-LPT-126751	6NHQT93	77000	Tawi-Tawi
27693	PRO-LPT-126736	FXGQT93	77000	Tawi-Tawi
27743	PRO-LPT-94081	5CD934974Z	77000	Tawi-Tawi
24116	PRO-LPT-89065	5CD93661P7	10718	Tawi-Tawi
24397	PRO-LPT-89042	5CD9352XLH	10717	Tawi-Tawi
24398	PRO-LPT-89114	5CD9366ZJ5	10715	Tawi-Tawi
20402	PRO-LPT-89304	5CD93555BJ	77000	Tawi-Tawi
21265	PRO-LPT-89653	5CD93660V1	77000	Tawi-Tawi
21893	PRO-LPT-90616	5CD93555G5	77100	Zambales
20046	PRO-LPT-90077	5CD93661G8	77100	Zambales
20047	PRO-LPT-90068	5CD9366151	10313	Zambales
20048	PRO-LPT-90115	5CD93661HF	10313	Zambales
20073	PRO-LPT-90558	5CD936718H	10302	Zambales
20080	PRO-LPT-90355	5CD9355591	10302	Zambales
20081	PRO-LPT-90877	5CD9355599	77100	Zambales
20078	PRO-LPT-90208	5CD93660WC	77100	Zambales
20187	PRO-LPT-90447	5CD93661DD	77100	Zambales
20191	PRO-LPT-90625	5CD93660X7	77100	Zambales
20189	PRO-LPT-90781	5CD9355533	77100	Zambales
20188	PRO-LPT-90125	5CD93661QK	77100	Zambales
20074	PRO-LPT-90008	5CD93670V5	77100	Zambales
20075	PRO-LPT-90071	5CD935556S	10016	Zambales
21890	PRO-LPT-90024	5CD93661LX	77100	Zambales
21221	PRO-LPT-90094	5CD93661D2	77100	Zambales
21220	PRO-LPT-90046	5CD93660SW	10305	Zambales
21219	PRO-LPT-90221	5CD93660TM	10307	Zambales
21894	PRO-LPT-90118	5CD93661N8	77100	Zambales
21900	PRO-LPT-90613	5CD93660YD	77100	Zambales
21901	PRO-LPT-90683	5CD93671L9	77100	Zambales
21895	PRO-LPT-90013	5CD936619D	77100	Zambales
21222	PRO-LPT-90496	5CD93660NZ	77100	Zambales
21888	PRO-LPT-90215	5CD936614F	77100	Zambales
21892	PRO-LPT-90699	5CD936715N	77100	Zambales
23336	PRO-LPT-92459	5CD93660HB	10301	Zambales
21902	PRO-LPT-90602	5CD9352X1P	77100	Zambales
21898	PRO-LPT-90749	5CD936718Q	77100	Zambales
21896	PRO-LPT-90704	5CD93671N7	77100	Zambales
23337	PRO-LPT-90273	5CD93661RV	77100	Zambales
23340	PRO-LPT-90808	5CD93660ZB	77100	Zambales
23338	PRO-LPT-90288	5CD9355569	10304	Zambales
23339	PRO-LPT-90064	5CD93661R0	77100	Zambales
23341	PRO-LPT-90776	5CD935551N	10304	Zambales
23920	PRO-LPT-90009	5CD93661R1	10304	Zambales
23921	PRO-LPT-90822	5CD9366138	77100	Zambales
24068	PRO-LPT-90084	5CD936617N	77100	Zambales
24105	PRO-LPT-90587	5CD936705D	77100	Zambales
20076	PRO-LPT-90508	5CD9366ZSX	77100	Zambales
21891	PRO-LPT-90598	5CD9352XCY	77100	Zambales
21897	PRO-LPT-90098	5CD9352XJ2	10306	Zambales
20186	PRO-LPT-90016	5CD936617L	77100	Zambales
20079	PRO-LPT-90047	5CD93660SL	10313	Zambales
21223	PRO-LPT-90242	5CD9349746	77100	Zambales
20190	PRO-LPT-90412	5CD9366ZKQ	77100	Zambales
20053	PRO-LPT-90870	5CD936718N	10313	Zambales
26667	PRO-LPT-125891	5WRPT93	77200	Zamboanga Del Norte
26668	PRO-LPT-125841	DVRPT93	77200	Zamboanga Del Norte
26669	PRO-LPT-125874	J2YWT93	77200	Zamboanga Del Norte
26670	PRO-LPT-125854	1CHPT93	77200	Zamboanga Del Norte
26671	PRO-LPT-125842	GBHPT93	77200	Zamboanga Del Norte
26672	PRO-LPT-125858	80QPT93	77200	Zamboanga Del Norte
20329	PRO-LPT-91739	5CD93670NF	77200	Zamboanga Del Norte
26673	PRO-LPT-125848	8VRPT93	77200	Zamboanga Del Norte
26675	PRO-LPT-125846	BDQPT93	77200	Zamboanga Del Norte
26674	PRO-LPT-125855	HFHPT93	77200	Zamboanga Del Norte
26676	PRO-LPT-125837	D8KPT93	77200	Zamboanga Del Norte
26677	PRO-LPT-125873	5W1XT93	77200	Zamboanga Del Norte
26678	PRO-LPT-125836	1WRPT93	77200	Zamboanga Del Norte
26679	PRO-LPT-125869	3JMXT93	77200	Zamboanga Del Norte
26680	PRO-LPT-125862	20KQT93	77200	Zamboanga Del Norte
26681	PRO-LPT-125853	DFHPT93	77200	Zamboanga Del Norte
26682	PRO-LPT-125886	4TRPT93	77200	Zamboanga Del Norte
26683	PRO-LPT-125850	2DHPT93	77200	Zamboanga Del Norte
26684	PRO-LPT-125845	FVRPT93	77200	Zamboanga Del Norte
26685	PRO-LPT-125882	GKGPT93	77200	Zamboanga Del Norte
26696	PRO-LPT-125887	JVRPT93	77200	Zamboanga Del Norte
26686	PRO-LPT-125872	54YWT93	77200	Zamboanga Del Norte
26687	PRO-LPT-125857	77KPT93	77200	Zamboanga Del Norte
26688	PRO-LPT-125870	DW1XT93	77200	Zamboanga Del Norte
26689	PRO-LPT-125843	D8PPT93	77200	Zamboanga Del Norte
26690	PRO-LPT-125844	G4JPT93	77200	Zamboanga Del Norte
26691	PRO-LPT-125849	2WRPT93	77200	Zamboanga Del Norte
26692	PRO-LPT-125839	5TRPT93	77200	Zamboanga Del Norte
26693	PRO-LPT-125865	H1GPT93	77200	Zamboanga Del Norte
26694	PRO-LPT-125880	J9KPT93	77200	Zamboanga Del Norte
26695	PRO-LPT-125838	JPRPT93	77200	Zamboanga Del Norte
26698	PRO-LPT-125835	7VRPT93	77200	Zamboanga Del Norte
26697	PRO-LPT-125889	G9MPT93	77200	Zamboanga Del Norte
26704	PRO-LPT-125847	7TRPT93	77200	Zamboanga Del Norte
26699	PRO-LPT-125867	GVMPT93	77200	Zamboanga Del Norte
20219	PRO-LPT-91874	5CD9366ZFY	77200	Zamboanga Del Norte
26700	PRO-LPT-125888	HTRPT93	77200	Zamboanga Del Norte
26701	PRO-LPT-125878	DYMPT93	77200	Zamboanga Del Norte
26702	PRO-LPT-125856	5DQPT93	77200	Zamboanga Del Norte
26703	PRO-LPT-125875	F7RXT93	77200	Zamboanga Del Norte
26705	PRO-LPT-125885	2MMXT93	77200	Zamboanga Del Norte
26706	PRO-LPT-125852	F8KPT93	77200	Zamboanga Del Norte
21938	PRO-LPT-91857	5CD9366ZSG	77200	Zamboanga Del Norte
26707	PRO-LPT-125861	3VQPT93	77200	Zamboanga Del Norte
20231	PRO-LPT-91773	5CD9366ZMJ	77200	Zamboanga Del Norte
26708	PRO-LPT-125877	87RXT93	77200	Zamboanga Del Norte
26709	PRO-LPT-125834	GSRPT93	77200	Zamboanga Del Norte
26710	PRO-LPT-125851	87KPT93	77200	Zamboanga Del Norte
26711	PRO-LPT-125859	9LMXT93	77200	Zamboanga Del Norte
26712	PRO-LPT-125890	1TRPT93	77200	Zamboanga Del Norte
26713	PRO-LPT-125868	5SRPT93	77200	Zamboanga Del Norte
26714	PRO-LPT-125840	3TRPT93	77200	Zamboanga Del Norte
20570	PRO-LPT-93806	5CD93661SW	77200	Zamboanga Del Norte
26715	PRO-LPT-125879	2TRPT93	77200	Zamboanga Del Norte
26716	PRO-LPT-125884	GFHPT93	77200	Zamboanga Del Norte
26717	PRO-LPT-125883	4DHPT93	77200	Zamboanga Del Norte
26718	PRO-LPT-125866	DCKQT93	77200	Zamboanga Del Norte
26719	PRO-LPT-125876	5YXWT93	77200	Zamboanga Del Norte
26720	PRO-LPT-125871	6FHPT93	77200	Zamboanga Del Norte
20567	PRO-LPT-93638	5CD934970Y	77200	Zamboanga Del Norte
21257	PRO-LPT-93772	5CD936618C	77200	Zamboanga Del Norte
26721	PRO-LPT-125860	G8RXT93	77200	Zamboanga Del Norte
26722	PRO-LPT-125863	27MPT93	77200	Zamboanga Del Norte
20566	PRO-LPT-93529	5CD934978V	77200	Zamboanga Del Norte
21263	PRO-LPT-93578	5CD9367059	77200	Zamboanga Del Norte
20568	PRO-LPT-93773	5CD93661PG	77200	Zamboanga Del Norte
21049	PRO-LPT-93623	5CD934974N	77200	Zamboanga Del Norte
26723	PRO-LPT-125881	D1MPT93	77200	Zamboanga Del Norte
26724	PRO-LPT-125864	8TPPT93	77200	Zamboanga Del Norte
26725	PRO-LPT-125892	7CPPT93	77200	Zamboanga Del Norte
21044	PRO-LPT-93620	5CD936611N	77200	Zamboanga Del Norte
21041	PRO-LPT-93722	5CD93660LN	77200	Zamboanga Del Norte
21057	PRO-LPT-93577	5CD936705H	77200	Zamboanga Del Norte
21178	PRO-LPT-93891	5CD93661P8	77200	Zamboanga Del Norte
21271	PRO-LPT-91725	5CD936715B	77200	Zamboanga Del Norte
21926	PRO-LPT-91844	5CD9367144	77200	Zamboanga Del Norte
20226	PRO-LPT-91918	5CD93671MT	77200	Zamboanga Del Norte
20321	PRO-LPT-91721	5CD93671FC	77200	Zamboanga Del Norte
21954	PRO-LPT-91847	5CD936702D	77200	Zamboanga Del Norte
20224	PRO-LPT-91850	5CD9366ZCV	77200	Zamboanga Del Norte
21967	PRO-LPT-91855	5CD9366ZVM	77200	Zamboanga Del Norte
22194	PRO-LPT-92043	5CD9352XBD	77200	Zamboanga Del Norte
21981	PRO-LPT-91858	5CD93671MS	77200	Zamboanga Del Norte
21996	PRO-LPT-91867	5CD93671Q8	77200	Zamboanga Del Norte
22013	PRO-LPT-91868	5CD9352X7D	77200	Zamboanga Del Norte
23281	PRO-LPT-92225	5CD936710V	77200	Zamboanga Del Norte
21202	PRO-LPT-93871	5CD936611F	77200	Zamboanga Del Norte
20552	PRO-LPT-92111	5CD9367119	77200	Zamboanga Del Norte
20355	PRO-LPT-92046	5CD93670WT	77200	Zamboanga Del Norte
22192	PRO-LPT-93786	5CD9366ZRR	77200	Zamboanga Del Norte
23298	PRO-LPT-93881	5CD9366ZWZ	77200	Zamboanga Del Norte
23263	PRO-LPT-91541	5CD9366ZJT	77200	Zamboanga Del Norte
23270	PRO-LPT-93842	5CD9482VCF	77200	Zamboanga Del Norte
22197	PRO-LPT-93764	5CD9366ZXW	77200	Zamboanga Del Norte
23288	PRO-LPT-93888	5CD936614T	77200	Zamboanga Del Norte
23268	PRO-LPT-81750	5CD9352X2R	77200	Zamboanga Del Norte
21058	PRO-LPT-90893	5CD93671LN	77200	Zamboanga Del Norte
22002	PRO-LPT-91835	5CD93671F8	77200	Zamboanga Del Norte
21043	PRO-LPT-93732	5CD934970D	77200	Zamboanga Del Norte
25323	PRO-LPT-125983	8MJPT93	77300	Zamboanga Del Sur
25236	PRO-LPT-125925	15NPT93	77300	Zamboanga Del Sur
25337	PRO-LPT-125986	2QNPT93	77300	Zamboanga Del Sur
23783	PRO-LPT-92192	5CD936613B	77300	Zamboanga Del Sur
25655	PRO-LPT-125973	97PPT93	77300	Zamboanga Del Sur
25232	PRO-LPT-125942	H4NPT93	77300	Zamboanga Del Sur
25353	PRO-LPT-125957	6RNPT93	77300	Zamboanga Del Sur
25857	PRO-LPT-125944	6LGPT93	77300	Zamboanga Del Sur
25652	PRO-LPT-125932	G3LPT93	77300	Zamboanga Del Sur
25470	PRO-LPT-125927	8SNPT93	77300	Zamboanga Del Sur
25653	PRO-LPT-125954	1WHPT93	77300	Zamboanga Del Sur
25475	PRO-LPT-125972	H2NPT93	77300	Zamboanga Del Sur
25332	PRO-LPT-125988	7SNPT93	77300	Zamboanga Del Sur
25471	PRO-LPT-125989	79PPT93	77300	Zamboanga Del Sur
25662	PRO-LPT-125907	D4NPT93	83090	Zamboanga Del Sur
25221	PRO-LPT-125910	DKJPT93	83090	Zamboanga Del Sur
25665	PRO-LPT-125905	3WJPT93	83090	Zamboanga Del Sur
25223	PRO-LPT-125913	55LPT93	83090	Zamboanga Del Sur
25659	PRO-LPT-125897	BVJPT93	83090	Zamboanga Del Sur
25237	PRO-LPT-125909	CKJPT93	83090	Zamboanga Del Sur
25472	PRO-LPT-125903	43LPT93	83090	Zamboanga Del Sur
25320	PRO-LPT-125896	15LPT93	83090	Zamboanga Del Sur
25469	PRO-LPT-125924	HKJPT93	83090	Zamboanga Del Sur
25656	PRO-LPT-125898	JWJPT93	83090	Zamboanga Del Sur
25222	PRO-LPT-125920	H4JPT93	83090	Zamboanga Del Sur
25322	PRO-LPT-125922	9KJPT93	83090	Zamboanga Del Sur
25345	PRO-LPT-125899	24LPT93	83090	Zamboanga Del Sur
25239	PRO-LPT-125902	GWJPT93	83090	Zamboanga Del Sur
25666	PRO-LPT-125917	JKJPT93	83090	Zamboanga Del Sur
25316	PRO-LPT-125893	1QNPT93	83090	Zamboanga Del Sur
25855	PRO-LPT-125931	1XJPT93	77300	Zamboanga Del Sur
25325	PRO-LPT-125914	B7PPT93	83090	Zamboanga Del Sur
25667	PRO-LPT-125900	9VJPT93	83090	Zamboanga Del Sur
27826	PRO-LPT-127905	D7KPT93	77300	Zamboanga Del Sur
25338	PRO-LPT-125901	84NPT93	83090	Zamboanga Del Sur
25853	PRO-LPT-125906	8VJPT93	83090	Zamboanga Del Sur
26798	PRO-LPT-125919	55JPT93	83090	Zamboanga Del Sur
25225	PRO-LPT-125904	HWJPT93	83090	Zamboanga Del Sur
25319	PRO-LPT-125916	G3NPT93	83090	Zamboanga Del Sur
25240	PRO-LPT-125912	8LJPT93	83090	Zamboanga Del Sur
25318	PRO-LPT-125936	7WJPT93	77300	Zamboanga Del Sur
25850	PRO-LPT-125918	23NPT93	83090	Zamboanga Del Sur
25668	PRO-LPT-125921	4LJPT93	83090	Zamboanga Del Sur
25235	PRO-LPT-125991	9FHPT93	77300	Zamboanga Del Sur
25227	PRO-LPT-125933	B5LPT93	77300	Zamboanga Del Sur
25342	PRO-LPT-125949	GQNPT93	77300	Zamboanga Del Sur
25329	PRO-LPT-125992	CCKQT93	77300	Zamboanga Del Sur
25672	PRO-LPT-125993	FPNPT93	77300	Zamboanga Del Sur
25336	PRO-LPT-125994	92NPT93	77300	Zamboanga Del Sur
25348	PRO-LPT-125958	BRNPT93	77300	Zamboanga Del Sur
25228	PRO-LPT-125941	8BKQT93	77300	Zamboanga Del Sur
25350	PRO-LPT-125956	6THPT93	77300	Zamboanga Del Sur
24090	PRO-LPT-89398	5CD93660NT	83090	Zamboanga Del Sur
24086	PRO-LPT-93376	5CD936610J	83090	Zamboanga Del Sur
27847	PRO-LPT-126026	6DKQT93	83090	Zamboanga Del Sur
24746	PRO-LPT-91558	5CD93671CH	83090	Zamboanga Del Sur
25330	PRO-LPT-125965	4XMPT93	77300	Zamboanga Del Sur
23575	PRO-LPT-90119	5CD936619Q	77300	Zamboanga Del Sur
27841	PRO-LPT-126020	7VJPT93	83090	Zamboanga Del Sur
27842	PRO-LPT-126021	7RJPT93	83090	Zamboanga Del Sur
27843	PRO-LPT-126022	JPLQT93	83090	Zamboanga Del Sur
24078	PRO-LPT-90723	5CD936715L	83090	Zamboanga Del Sur
24097	PRO-LPT-82090	5CD9352X5Z	83090	Zamboanga Del Sur
24084	PRO-LPT-89160	5CD9367096	83090	Zamboanga Del Sur
25351	PRO-LPT-125968	33NPT93	77300	Zamboanga Del Sur
24091	PRO-LPT-93869	5CD934973S	83090	Zamboanga Del Sur
24083	PRO-LPT-92011	5CD9366Z7Y	83090	Zamboanga Del Sur
25346	PRO-LPT-125946	HVJPT93	77300	Zamboanga Del Sur
24087	PRO-LPT-91621	5CD936705Z	83090	Zamboanga Del Sur
25335	PRO-LPT-125966	C9MPT93	77300	Zamboanga Del Sur
24080	PRO-LPT-99251	5CD9355578	83090	Zamboanga Del Sur
27846	PRO-LPT-126025	6PLQT93	83090	Zamboanga Del Sur
25317	PRO-LPT-125967	5RPPT93	77300	Zamboanga Del Sur
25849	PRO-LPT-125947	9WJPT93	77300	Zamboanga Del Sur
25226	PRO-LPT-125938	B3LPT93	77300	Zamboanga Del Sur
25233	PRO-LPT-125961	H9PPT93	77300	Zamboanga Del Sur
25347	PRO-LPT-125964	1MJPT93	77300	Zamboanga Del Sur
25331	PRO-LPT-125959	BDHPT93	77300	Zamboanga Del Sur
25229	PRO-LPT-125940	J4NPT93	77300	Zamboanga Del Sur
27848	PRO-LPT-126027	4CKQT93	83090	Zamboanga Del Sur
25649	PRO-LPT-125926	F3LPT93	77300	Zamboanga Del Sur
25334	PRO-LPT-125970	JCHPT93	77300	Zamboanga Del Sur
25658	PRO-LPT-125929	6DHPT93	77300	Zamboanga Del Sur
25854	PRO-LPT-125934	H2GPT93	77300	Zamboanga Del Sur
25231	PRO-LPT-125935	CVHPT93	77300	Zamboanga Del Sur
25858	PRO-LPT-125930	93LPT93	77300	Zamboanga Del Sur
22714	PRO-LPT-90430	5CD93661DP	77300	Zamboanga Del Sur
25328	PRO-LPT-125950	62NPT93	77300	Zamboanga Del Sur
25650	PRO-LPT-125971	5DHPT93	77300	Zamboanga Del Sur
25671	PRO-LPT-125960	DQNPT93	77300	Zamboanga Del Sur
25657	PRO-LPT-125951	94NPT93	77300	Zamboanga Del Sur
23579	PRO-LPT-90059	5CD936618J	77323	Zamboanga Del Sur
23661	PRO-LPT-93368	5CD9367193	77300	Zamboanga Del Sur
23662	PRO-LPT-91588	5CD9366ZP7	77300	Zamboanga Del Sur
25321	PRO-LPT-125962	9CHPT93	77300	Zamboanga Del Sur
23667	PRO-LPT-90761	5CD9366ZVR	77300	Zamboanga Del Sur
25473	PRO-LPT-125969	B3NPT93	77300	Zamboanga Del Sur
25339	PRO-LPT-125955	4WHPT93	77300	Zamboanga Del Sur
25669	PRO-LPT-125952	53NPT93	77300	Zamboanga Del Sur
23236	PRO-LPT-91604	5CD9366ZFN	77322	Zamboanga Del Sur
27834	PRO-LPT-126013	83LPT93	83090	Zamboanga Del Sur
27836	PRO-LPT-126015	JVJPT93	83090	Zamboanga Del Sur
27837	PRO-LPT-126017	CVJPT93	83090	Zamboanga Del Sur
27838	PRO-LPT-126018	J3LPT93	83090	Zamboanga Del Sur
27839	PRO-LPT-126019	CWJPT93	83090	Zamboanga Del Sur
23231	PRO-LPT-91609	5CD93671PT	83090	Zamboanga Del Sur
27828	PRO-LPT-127909	BKGPT93	77300	Zamboanga Del Sur
25327	PRO-LPT-125939	BKGPT93	77300	Zamboanga Del Sur
23578	PRO-LPT-82047	5CD9352X6L	77322	Zamboanga Del Sur
23584	PRO-LPT-89272	5CD935555L	77322	Zamboanga Del Sur
25224	PRO-LPT-125945	7XJPT93	77300	Zamboanga Del Sur
23656	PRO-LPT-91598	5CD9366ZXR	77322	Zamboanga Del Sur
23668	PRO-LPT-82132	5CD9352WX6	77322	Zamboanga Del Sur
25230	PRO-LPT-125943	74LPT93	77300	Zamboanga Del Sur
25234	PRO-LPT-125915	B6PPT93	83090	Zamboanga Del Sur
25238	PRO-LPT-125928	25LPT93	77300	Zamboanga Del Sur
27832	PRO-LPT-126011	8SPPT93	83090	Zamboanga Del Sur
27833	PRO-LPT-126012	7TPPT93	83090	Zamboanga Del Sur
27835	PRO-LPT-126014	F2LPT93	83090	Zamboanga Del Sur
24134	PRO-LPT-89986	5CD9366ZF1	77300	Zamboanga Del Sur
27844	PRO-LPT-126023	GNLQT93	83090	Zamboanga Del Sur
27845	PRO-LPT-126024	D9KQT93	83090	Zamboanga Del Sur
25324	PRO-LPT-125984	25NPT93	77300	Zamboanga Del Sur
25326	PRO-LPT-125895	C3LPT93	83090	Zamboanga Del Sur
25333	PRO-LPT-125985	5MJPT93	77300	Zamboanga Del Sur
25349	PRO-LPT-125995	B9KQT93	77300	Zamboanga Del Sur
25340	PRO-LPT-125981	99MPT93	77300	Zamboanga Del Sur
25344	PRO-LPT-125990	2CKQT93	77300	Zamboanga Del Sur
25352	PRO-LPT-125911	2CHPT93	83090	Zamboanga Del Sur
23585	PRO-LPT-91601	5CD93671J6	77300	Zamboanga Del Sur
25343	PRO-LPT-125987	GKJPT93	77300	Zamboanga Del Sur
25651	PRO-LPT-125977	32NPT93	77300	Zamboanga Del Sur
25654	PRO-LPT-125975	12NPT93	77300	Zamboanga Del Sur
25661	PRO-LPT-125976	GRNPT93	77300	Zamboanga Del Sur
25663	PRO-LPT-125978	43NPT93	77300	Zamboanga Del Sur
25670	PRO-LPT-125982	27KPT93	77300	Zamboanga Del Sur
25664	PRO-LPT-125908	5CKQT93	83090	Zamboanga Del Sur
25859	PRO-LPT-125923	4VJPT93	83090	Zamboanga Del Sur
25852	PRO-LPT-125894	HBHPT93	83090	Zamboanga Del Sur
25856	PRO-LPT-125979	5QNPT93	77300	Zamboanga Del Sur
25851	PRO-LPT-125974	7QNPT93	77300	Zamboanga Del Sur
25848	PRO-LPT-125980	8QNPT93	77300	Zamboanga Del Sur
23577	PRO-LPT-81911	5CD934973C	77322	Zamboanga Del Sur
23666	PRO-LPT-90124	5CD93661QP	77322	Zamboanga Del Sur
23232	PRO-LPT-91617	5CD9352XLM	77322	Zamboanga Del Sur
23238	PRO-LPT-81957	5CD9352X3W	77300	Zamboanga Del Sur
23659	PRO-LPT-81959	5CD9352X5F	77300	Zamboanga Del Sur
23573	PRO-LPT-82092	5CD9352X7Y	77300	Zamboanga Del Sur
24082	PRO-LPT-81984	5CD9352XB4	83090	Zamboanga Del Sur
23581	PRO-LPT-81996	5CD9352X69	77341	Zamboanga Del Sur
23580	PRO-LPT-82040	5CD9352X5B	77322	Zamboanga Del Sur
24096	PRO-LPT-82022	5CD9352XLR	83090	Zamboanga Del Sur
24749	PRO-LPT-82061	5CD9352X3D	83090	Zamboanga Del Sur
24094	PRO-LPT-82121	5CD9352WYY	83090	Zamboanga Del Sur
23582	PRO-LPT-82089	5CD9352X7F	77322	Zamboanga Del Sur
24079	PRO-LPT-82159	5CD9352WZL	83090	Zamboanga Del Sur
23239	PRO-LPT-82152	5CD9352X6B	83090	Zamboanga Del Sur
23235	PRO-LPT-89203	5CD935555P	83090	Zamboanga Del Sur
23663	PRO-LPT-89514	5CD936713H	77341	Zamboanga Del Sur
24085	PRO-LPT-90458	5CD9366166	83090	Zamboanga Del Sur
24960	PRO-LPT-91603	5CD93671BM	83090	Zamboanga Del Sur
23660	PRO-LPT-91651	5CD9441N9F	77340	Zamboanga Del Sur
23780	PRO-LPT-92369	5CD9367098	77300	Zamboanga Del Sur
25660	PRO-LPT-125953	BQNPT93	77300	Zamboanga Del Sur
25341	PRO-LPT-125937	6KGPT93	77300	Zamboanga Del Sur
25847	PRO-LPT-125948	94LPT93	77300	Zamboanga Del Sur
25474	PRO-LPT-125963	8DPPT93	77300	Zamboanga Del Sur
24895	PRO-LPT-93388	5CD936712C	78300	Zamboanga Sibugay
24194	PRO-LPT-91548	5CD93671HS	78300	Zamboanga Sibugay
24196	PRO-LPT-91590	5CD9366ZK2	78300	Zamboanga Sibugay
25795	PRO-LPT-126061	1DKQT93	78300	Zamboanga Sibugay
25807	PRO-LPT-126084	1RNPT93	78300	Zamboanga Sibugay
25817	PRO-LPT-126046	58MPT93	78300	Zamboanga Sibugay
25765	PRO-LPT-126056	4FHPT93	78300	Zamboanga Sibugay
25798	PRO-LPT-126032	4KLPT93	78300	Zamboanga Sibugay
25780	PRO-LPT-126052	7CKQT93	78300	Zamboanga Sibugay
25787	PRO-LPT-126060	9KGPT93	78300	Zamboanga Sibugay
25786	PRO-LPT-126059	9MGPT93	78300	Zamboanga Sibugay
25802	PRO-LPT-126065	64LPT93	78300	Zamboanga Sibugay
25815	PRO-LPT-126042	68MPT93	78300	Zamboanga Sibugay
25783	PRO-LPT-126035	96SPT93	78300	Zamboanga Sibugay
25782	PRO-LPT-126034	B7SPT93	78300	Zamboanga Sibugay
25773	PRO-LPT-126058	D2KQT93	78300	Zamboanga Sibugay
25767	PRO-LPT-126036	H8SPT93	78300	Zamboanga Sibugay
25785	PRO-LPT-126057	H9KQT93	78300	Zamboanga Sibugay
25806	PRO-LPT-126040	HVRPT93	78300	Zamboanga Sibugay
25811	PRO-LPT-126055	JJLPT93	78300	Zamboanga Sibugay
24195	PRO-LPT-91587	5CD9366ZGN	78300	Zamboanga Sibugay
25763	PRO-LPT-126067	3KLPT93	78300	Zamboanga Sibugay
25764	PRO-LPT-126029	J7SPT93	78300	Zamboanga Sibugay
25766	PRO-LPT-126069	2VJPT93	78300	Zamboanga Sibugay
25771	PRO-LPT-126071	4DKQT93	78300	Zamboanga Sibugay
25774	PRO-LPT-126043	H0KQT93	78300	Zamboanga Sibugay
25779	PRO-LPT-126082	GSNPT93	78300	Zamboanga Sibugay
25769	PRO-LPT-126048	1DPPT93	78300	Zamboanga Sibugay
25775	PRO-LPT-126033	B6SPT93	78300	Zamboanga Sibugay
25788	PRO-LPT-126038	6LLPT93	78300	Zamboanga Sibugay
25799	PRO-LPT-126054	4SLQT93	78300	Zamboanga Sibugay
25770	PRO-LPT-126063	52NPT93	78300	Zamboanga Sibugay
25777	PRO-LPT-126066	FQLQT93	78300	Zamboanga Sibugay
25791	PRO-LPT-126076	23LPT93	78300	Zamboanga Sibugay
25803	PRO-LPT-126049	GPLQT93	78300	Zamboanga Sibugay
25812	PRO-LPT-126039	H2LPT93	78300	Zamboanga Sibugay
25772	PRO-LPT-126031	47SPT93	78300	Zamboanga Sibugay
25776	PRO-LPT-126064	51KQT93	78300	Zamboanga Sibugay
25778	PRO-LPT-126050	3DKQT93	78300	Zamboanga Sibugay
25789	PRO-LPT-126081	3RNPT93	78300	Zamboanga Sibugay
25790	PRO-LPT-126068	CMGPT93	78300	Zamboanga Sibugay
25781	PRO-LPT-126083	BSNPT93	78300	Zamboanga Sibugay
25784	PRO-LPT-126053	89KQT93	78300	Zamboanga Sibugay
25793	PRO-LPT-126030	92MPT93	78300	Zamboanga Sibugay
25794	PRO-LPT-126051	HTHPT93	78300	Zamboanga Sibugay
25810	PRO-LPT-126045	G7KPT93	78300	Zamboanga Sibugay
25797	PRO-LPT-126072	DDHPT93	78300	Zamboanga Sibugay
25800	PRO-LPT-126074	85LPT93	78300	Zamboanga Sibugay
25804	PRO-LPT-126073	3BKQT93	78300	Zamboanga Sibugay
25792	PRO-LPT-126070	1SNPT93	78300	Zamboanga Sibugay
25796	PRO-LPT-126062	7RNPT93	78300	Zamboanga Sibugay
25801	PRO-LPT-126079	3MLPT93	78300	Zamboanga Sibugay
25809	PRO-LPT-126037	J6SPT93	78300	Zamboanga Sibugay
25813	PRO-LPT-126044	5BPPT93	78300	Zamboanga Sibugay
25805	PRO-LPT-126075	C5LPT93	78300	Zamboanga Sibugay
25808	PRO-LPT-126028	JCKQT93	78300	Zamboanga Sibugay
25814	PRO-LPT-126080	3QNPT93	78300	Zamboanga Sibugay
25816	PRO-LPT-126077	J4JPT93	78300	Zamboanga Sibugay
25818	PRO-LPT-126041	CVRPT93	78300	Zamboanga Sibugay
27741	PRO-LPT-126078	4MLPT93	78300	Zamboanga Sibugay
24998	PRO-LPT-81974	5CD9352XCJ	78300	Zamboanga Sibugay
20057	PRO-LPT-89290	5CD93660L4	78300	Zamboanga Sibugay
24997	PRO-LPT-89627	5CD93660TD	78300	Zamboanga Sibugay
24821	PRO-LPT-90326	5CD93555BL	78300	Zamboanga Sibugay
24280	PRO-LPT-93640	5CD93660X8	78300	Zamboanga Sibugay
25768	PRO-LPT-126047	3CKQT93	78300	Zamboanga Sibugay
27216	PRO-LPT-127037	GWLPT93	72800	Ilocos Norte
27224	PRO-LPT-127040	C1HQT93	72800	Ilocos Norte
27586	PRO-LPT-127243	91HQT93	70000	Metro Manila
27225	PRO-LPT-127035	6X51V93	72800	Ilocos Norte
27217	PRO-LPT-127038	14KQT93	72800	Ilocos Norte
27221	PRO-LPT-127045	FCMXT93	72800	Ilocos Norte
27578	PRO-LPT-127136	HVHPT93	70000	Metro Manila
27579	PRO-LPT-127184	4YGQT93	70000	Metro Manila
27214	PRO-LPT-127041	93KQT93	72800	Ilocos Norte
27587	PRO-LPT-127216	83HQT93	70000	Metro Manila
27583	PRO-LPT-127227	3YGQT93	70000	Metro Manila